step,hour_of_day,source_flow_Ls,leak_active,leak_node,pressure_15,pressure_35,pressure_101,pressure_105,pressure_113,pressure_201
0,0.0,832.648,1,201,28.264065,39.681633,30.675856,35.221786,43.02935,40.160347
1,0.25,832.53674,1,201,28.282907,39.63991,30.64723,35.19815,42.996662,40.098286
2,0.5,832.43274,1,201,28.300396,39.597088,30.615051,35.169563,42.96155,40.034973
3,0.75,832.3319,1,201,28.31711,39.554462,30.582993,35.141045,42.926666,39.971542
4,1.0,828.7663,1,201,28.304909,40.02704,39.02697,40.25049,45.763954,40.033134
5,1.25,828.525,1,201,28.344875,40.021507,39.04237,40.271503,45.774254,39.99964
6,1.5,828.28534,1,201,28.384346,40.016575,39.057846,40.292557,45.784794,39.96705
7,1.75,828.0474,1,201,28.42332,40.012203,39.073402,40.31364,45.79556,39.935276
8,2.0,825.51086,1,201,29.135246,40.317295,40.33795,41.29171,46.536293,40.408936
9,2.25,825.1203,1,201,29.195845,40.35767,40.37719,41.338028,46.58077,40.418236
10,2.5,824.73157,1,201,29.25605,40.39803,40.41632,41.3842,46.62517,40.428997
11,2.75,824.345,1,201,29.315832,40.438286,40.45529,41.430172,46.669437,40.44096
12,3.0,823.9315,1,201,29.394182,40.467262,40.535572,41.50498,46.727016,40.398945
13,3.25,823.5499,1,201,29.453074,40.50668,40.573956,41.550274,46.77062,40.41257
14,3.5,823.17035,1,201,29.511578,40.546055,40.612213,41.595398,46.814117,40.427475
15,3.75,822.7927,1,201,29.569693,40.585407,40.650345,41.640358,46.85753,40.44363
16,4.0,818.2606,1,201,30.615799,41.29077,42.707207,43.335754,48.186817,41.28337
17,4.25,817.66724,1,201,30.70433,41.379765,42.77371,43.41253,48.270073,41.367756
18,4.5,817.0758,1,201,30.792542,41.468338,42.83993,43.488983,48.352962,41.451885
19,4.75,816.48596,1,201,30.880466,41.556534,42.905933,43.565186,48.43556,41.535797
20,5.0,822.18445,1,201,36.30098,41.180714,42.139977,42.825897,47.818527,41.123554
21,5.25,821.76654,1,201,36.36331,41.23836,42.18578,42.878963,47.87468,41.17461
22,5.5,821.35016,1,201,36.4254,41.295856,42.231438,42.93186,47.93067,41.22588
23,5.75,820.93524,1,201,36.48722,41.353195,42.27695,42.98459,47.986492,41.277336
24,6.0,814.29626,1,201,37.042694,41.80664,42.9261,43.68129,48.61463,41.70259
25,6.25,813.716,1,201,37.129395,41.89066,42.990585,43.755825,48.69456,41.781578
26,6.5,813.13776,1,201,37.215763,41.97434,43.05482,43.830082,48.774193,41.860424
27,6.75,812.56116,1,201,37.301823,42.057735,43.118866,43.90411,48.85356,41.939163
28,7.0,767.2688,1,201,47.167763,45.737717,46.887554,48.664215,53.335995,45.13883
29,7.25,766.3396,1,201,47.299377,45.89307,46.99595,48.787773,53.472797,45.289383
30,7.5,765.4163,1,201,47.429985,46.047306,47.103565,48.910442,53.608624,45.438923
31,7.75,481.8592,1,201,39.744347,41.84945,41.82816,42.55784,47.87413,41.715942
32,8.0,481.81378,1,201,39.772396,41.879387,42.090454,42.75449,47.99779,41.74464
33,8.25,482.05536,1,201,39.75511,41.849472,42.074234,42.7365,47.975433,41.722076
34,8.5,482.30038,1,201,39.737675,41.819984,42.058033,42.718494,47.953213,41.699394
35,8.75,482.54834,1,201,39.720108,41.79096,42.041862,42.700497,47.931126,41.676662
36,9.0,494.08685,1,201,39.233994,41.43904,41.352684,42.029022,47.374084,41.357468
37,9.25,494.94907,1,201,39.17568,41.37689,41.306824,41.97652,47.316692,41.29852
38,9.5,495.80566,1,201,39.117676,41.31516,41.261242,41.924316,47.25966,41.239815
39,9.75,496.6565,1,201,39.059986,41.253857,41.215927,41.87242,47.20297,41.18136
40,10.0,497.08282,1,201,39.028984,41.219185,41.23677,41.877518,47.191177,41.187912
41,10.25,822.34186,1,201,39.98871,41.612305,41.95489,42.751213,47.933792,41.508965
42,10.5,822.03876,1,201,40.03194,41.628384,41.981464,42.783485,47.96159,41.519627
43,10.75,821.73346,1,201,40.075394,41.646694,42.00881,42.81655,47.990665,41.532402
44,11.0,822.3351,1,201,36.343357,41.63065,41.702972,42.565434,47.825626,41.461605
45,11.25,822.1171,1,201,36.37709,41.62891,41.71853,42.58542,47.8387,41.45554
46,11.5,821.9002,1,201,36.410515,41.628162,41.73426,42.605526,47.852192,41.45065
47,11.75,821.68024,1,201,36.44418,41.630325,41.75098,42.626625,47.86735,41.44833
48,12.0,803.1137,1,201,39.12038,42.85779,43.48961,44.692528,49.691998,42.580208
49,12.25,802.5978,1,201,39.195057,42.944523,43.550674,44.762127,49.768974,42.65995
50,12.5,802.08594,1,201,39.269123,43.030502,43.611237,44.831154,49.845318,42.739258
51,12.75,801.5781,1,201,39.34256,43.115738,43.67129,44.899605,49.921013,42.8181
52,13.0,798.36523,1,201,39.84561,43.540318,44.193176,45.42537,50.42138,43.23032
53,13.25,493.81552,1,201,35.75887,41.58995,41.433064,42.09386,47.463993,41.54138
54,13.5,494.69727,1,201,35.698845,41.528927,41.38704,42.04103,47.40677,41.489468
55,13.75,495.5734,1,201,35.639122,41.468197,41.341244,41.988464,47.349804,41.437252
56,14.0,494.99088,1,201,35.732475,41.575413,41.67058,42.251778,47.540253,41.599228
57,14.25,495.75336,1,201,35.680492,41.527,41.63236,42.20765,47.493233,41.56271
58,14.5,496.5096,1,201,35.628883,41.478912,41.594395,42.163815,47.44653,41.525867
59,14.75,497.26028,1,201,35.5776,41.431034,41.556633,42.120216,47.400055,41.488464
60,15.0,513.0965,1,201,34.57974,40.168453,31.651114,36.06781,43.814896,40.54537
61,15.25,827.7832,1,201,35.724026,40.977283,32.654335,37.11722,44.781593,41.15311
62,15.5,827.7179,1,201,35.731644,40.95033,32.637947,37.103153,44.763382,41.129993
63,15.75,827.6559,1,201,35.738697,40.92362,32.621655,37.089127,44.745316,41.10691
64,16.0,827.07477,1,201,39.254105,40.984993,32.76676,37.235886,44.87123,41.155365
65,16.25,826.9712,1,201,39.26711,40.96514,32.75758,37.22894,44.860332,41.140244
66,16.5,826.8706,1,201,39.279526,40.94568,32.748592,37.22214,44.849663,41.12518
67,16.75,826.773,1,201,39.291527,40.926647,32.739815,37.215492,44.839252,41.110226
68,17.0,826.544,1,201,39.336365,40.93896,32.838623,37.312912,44.918785,41.124928
69,17.25,826.44025,1,201,39.349567,40.923603,32.83299,37.309246,44.9117,41.114716
70,17.5,826.33923,1,201,39.36242,40.90884,32.827667,37.305832,44.904976,41.104675
71,17.75,826.2406,1,201,39.37494,40.894722,32.822693,37.302704,44.89865,41.09484
72,18.0,825.9695,1,201,39.449287,40.93803,33.032997,37.50686,45.07059,41.17371
73,18.25,825.85223,1,201,39.465137,40.932022,33.035107,37.510365,45.071396,41.173855
74,18.5,825.7363,1,201,39.480804,40.926983,33.037796,37.51437,45.07284,41.17442
75,18.75,825.62195,1,201,39.49632,40.922974,33.04108,37.518898,45.07496,41.175465
76,19.0,825.469,1,201,39.51365,40.918213,33.045628,37.524834,45.07819,41.19037
77,19.25,825.35626,1,201,39.529003,40.915775,33.049877,37.530212,45.081367,41.1923
78,19.5,825.2446,1,201,39.544254,40.914394,33.054752,37.53614,45.085236,41.19477
79,19.75,825.13354,1,201,39.55948,40.91438,33.06048,37.542835,45.090042,41.19802
80,20.0,825.3604,1,201,39.46057,40.863747,32.66441,37.160995,44.774616,41.135853
81,20.25,825.30096,1,201,39.467285,40.850143,32.657585,37.155582,44.7667,41.120483
82,20.5,825.2436,1,201,39.47379,40.83743,32.651306,37.150627,44.75938,41.106026
83,20.75,825.1882,1,201,39.48009,40.82559,32.64555,37.14613,44.752655,41.09244
84,21.0,825.24805,1,201,39.42757,40.753666,32.40698,36.921005,44.558735,40.977245
85,21.25,825.22327,1,201,39.42875,40.73394,32.393906,36.909378,44.544506,40.953022
86,21.5,825.201,1,201,39.42966,40.71503,32.381325,36.898174,44.530834,40.929855
87,21.75,825.1811,1,201,39.430325,40.696915,32.36922,36.887375,44.517696,40.9077
88,22.0,825.5893,1,201,35.746128,40.414543,31.677647,36.245544,43.95264,40.526978
89,22.25,825.73724,1,201,35.72199,40.368538,31.6371,36.206367,43.911076,40.472622
90,22.5,825.88904,1,201,35.697433,40.32312,31.596903,36.167484,43.869907,40.41934
91,22.75,826.04443,1,201,35.672493,40.27828,31.557068,36.1289,43.829136,40.36712
92,23.0,827.28174,1,201,35.210457,39.764545,30.4743,35.14554,42.999283,39.747658
93,23.25,827.60675,1,201,35.160824,39.689198,30.403952,35.07694,42.92706,39.660786
94,23.5,827.93427,1,201,35.110924,39.614548,30.334126,35.008797,42.85543,39.57524
95,23.75,828.26404,1,201,35.06077,39.54057,30.264801,34.941093,42.784374,39.490955
96,0.0,823.9701,1,201,29.544632,39.932602,31.122303,35.730667,43.431244,39.95086
97,0.25,823.92737,1,201,29.549433,39.904755,31.101755,35.712025,43.40939,39.91591
98,0.5,823.8871,1,201,29.55385,39.877808,31.081888,35.693974,43.38827,39.882214
99,0.75,823.84937,1,201,29.557894,39.851757,31.062695,35.67652,43.367867,39.84974
100,1.0,821.7179,1,201,29.40296,40.133602,39.56166,40.93686,46.225327,39.822292
101,1.25,821.5007,1,201,29.435108,40.161007,39.585175,40.964245,46.252293,39.825157
102,1.5,821.2851,1,201,29.46699,40.18798,39.608467,40.991367,46.279057,39.82903
103,1.75,821.07135,1,201,29.498598,40.214516,39.631523,41.01822,46.305515,39.83381
104,2.0,818.7841,1,201,30.193853,40.634415,40.902866,41.986942,47.102432,40.35099
105,2.25,818.42975,1,201,30.246017,40.691143,40.945835,42.03634,47.154827,40.396065
106,2.5,793.2909,1,201,33.88546,42.719265,43.34172,44.910355,49.75635,42.190075
107,2.75,792.59296,1,201,33.985992,42.83739,43.42569,45.005592,49.86138,42.300457
108,3.0,791.8707,1,201,34.10481,42.931435,43.544018,45.122776,49.971546,42.33551
109,3.25,791.18536,1,201,34.20342,43.047276,43.62633,45.216152,50.074524,42.444042
110,3.5,790.5047,1,201,34.301292,43.162228,43.708035,45.30885,50.176727,42.551914
111,3.75,789.8288,1,201,34.398426,43.27629,43.789127,45.400837,50.27817,42.65911
112,4.0,766.6041,1,201,38.173805,46.04152,47.62093,49.182842,53.82392,45.531094
113,4.25,765.57336,1,201,38.319187,46.213066,47.739162,49.318226,53.974804,45.701645
114,4.5,764.54865,1,201,38.4636,46.383396,47.856335,49.45235,54.124405,45.87102
115,4.75,763.5306,1,201,38.606968,46.552483,47.972683,49.585533,54.27293,46.039196
116,5.0,488.6804,1,201,36.05907,41.703766,41.968716,42.56848,47.796963,41.5204
117,5.25,489.37296,1,201,36.012505,41.65631,41.933254,42.52768,47.75269,41.48921
118,5.5,490.05954,1,201,35.966278,41.609406,41.898113,42.487236,47.708866,41.45797
119,5.75,490.7403,1,201,35.920406,41.56303,41.863285,42.44716,47.66546,41.426704
120,6.0,484.7886,1,201,36.138058,41.713417,42.192844,42.765953,47.923393,41.59052
121,6.25,485.06,1,201,36.119694,41.687782,42.177032,42.748055,47.90257,41.577637
122,6.5,485.33127,1,201,36.101376,41.66276,42.1614,42.730328,47.882065,41.564808
123,6.75,485.60223,1,201,36.08311,41.63835,42.145958,42.712795,47.861885,41.552048
124,7.0,486.11896,1,201,39.455772,41.48336,41.58612,42.28391,47.56074,41.338566
125,7.25,486.43698,1,201,39.433628,41.44985,41.566288,42.261738,47.5342,41.310825
126,7.5,486.75635,1,201,39.41137,41.416836,41.546562,42.23966,47.507874,41.28316
127,7.75,814.31824,1,201,40.533817,41.875835,42.46304,43.360737,48.44298,41.682377
128,8.0,813.1122,1,201,40.69865,42.041096,42.835175,43.682213,48.707405,41.837856
129,8.25,812.5445,1,201,40.78703,42.1116,42.895687,43.752792,48.779984,41.902473
130,8.5,811.9781,1,201,40.875046,42.182285,42.956158,43.823303,48.852577,41.96748
131,8.75,761.7711,1,201,47.970894,46.471954,47.69832,49.4948,54.15866,45.83548
132,9.0,492.6981,1,201,39.32936,41.57302,41.43612,42.122845,47.48386,41.45037
133,9.25,493.56516,1,201,39.270805,41.50932,41.389736,42.069805,47.425606,41.392876
134,9.5,494.4267,1,201,39.212547,41.44605,41.343616,42.017063,47.36769,41.335464
135,9.75,495.283,1,201,39.154564,41.383186,41.297737,41.964596,47.310104,41.27806
136,10.0,495.7123,1,201,39.123383,41.34772,41.3182,41.969326,47.297756,41.285645
137,10.25,496.5343,1,201,39.06766,41.288055,41.27437,41.91914,47.242832,41.232
138,10.5,497.35114,1,201,39.012222,41.22877,41.23078,41.869225,47.188232,41.17832
139,10.75,498.16275,1,201,38.957058,41.16986,41.187428,41.81958,47.13393,41.124645
140,11.0,823.6589,1,201,36.140995,41.558777,41.585224,42.422512,47.70275,41.38607
141,11.25,823.438,1,201,36.175953,41.553158,41.599895,42.441704,47.714,41.377136
142,11.5,823.218,1,201,36.210567,41.548603,41.614853,42.46117,47.725803,41.369373
143,11.75,822.99884,1,201,36.24484,41.545116,41.630116,42.48092,47.738148,41.362778
144,12.0,822.6744,1,201,36.30838,41.549812,41.720375,42.557865,47.78999,41.43536
145,12.25,822.4334,1,201,36.34527,41.557602,41.740265,42.58243,47.80955,41.440094
146,12.5,822.1895,1,201,36.382393,41.56808,41.761127,42.607986,47.830692,41.4471
147,12.75,821.9437,1,201,36.419655,41.5808,41.782784,42.634342,47.85313,41.456078
148,13.0,821.3514,1,201,36.54469,41.660553,42.02213,42.832333,48.005795,41.55053
149,13.25,800.5908,1,201,39.524303,43.167957,43.931267,45.126553,50.090443,42.874535
150,13.5,799.9931,1,201,39.61065,43.268097,44.001644,45.20685,50.179375,42.969368
151,13.75,799.4003,1,201,39.69625,43.367355,44.071415,45.286457,50.267548,43.06352
152,14.0,794.3388,1,201,40.480145,44.029606,44.87822,46.10412,51.04816,43.764614
153,14.25,491.82047,1,201,35.94753,41.79763,41.835682,42.44136,47.746906,41.790627
154,14.5,492.60614,1,201,35.894234,41.747288,41.79629,42.39591,47.698338,41.753548
155,14.75,493.385,1,201,35.84134,41.697388,41.7572,42.350803,47.650158,41.716354
156,15.0,509.5817,1,201,34.826977,40.409203,31.89169,36.308323,44.05553,40.756382
157,15.25,510.96356,1,201,34.730022,40.30648,31.791008,36.208214,43.954395,40.66054
158,15.5,512.3387,1,201,34.63333,40.203987,31.690716,36.10848,43.853657,40.564495
159,15.75,827.54315,1,201,35.758366,40.99644,32.67771,37.141632,44.80416,41.155148
160,16.0,826.9282,1,201,39.27926,41.063667,32.82766,37.293125,44.934948,41.2097
161,16.25,826.8196,1,201,39.29303,41.04365,32.81851,37.28627,44.924023,41.195988
162,16.5,826.7142,1,201,39.30616,41.023895,32.809464,37.27948,44.913242,41.18219
163,16.75,826.6119,1,201,39.31882,41.00441,32.800514,37.27273,44.902603,41.16826
164,17.0,826.3703,1,201,39.365253,41.018867,32.90092,37.371685,44.98368,41.186157
165,17.25,826.2626,1,201,39.379005,41.002583,32.894787,37.367622,44.976017,41.176193
166,17.5,826.1578,1,201,39.392365,40.986782,32.888885,37.36373,44.96863,41.166294
167,17.75,826.0555,1,201,39.405357,40.97151,32.883255,37.360058,44.96157,41.156517
168,18.0,825.7601,1,201,39.483044,41.02374,33.09934,37.56985,45.140045,41.244354
169,18.25,825.6399,1,201,39.49923,41.0157,33.10024,37.572296,45.139515,41.24356
170,18.5,825.5215,1,201,39.515182,41.008522,33.10162,37.575157,45.139515,41.243084
171,18.75,825.4048,1,201,39.530926,41.002254,33.103527,37.57847,45.14011,41.242966
172,19.0,825.2507,1,201,39.548225,40.994114,33.105915,37.582462,45.14099,41.255924
173,19.25,825.136,1,201,39.563732,40.989433,33.108788,37.586617,45.142654,41.25661
174,19.5,825.0227,1,201,39.579094,40.985794,33.11227,37.591305,45.14499,41.25779
175,19.75,824.9107,1,201,39.59433,40.98321,33.116375,37.596546,45.14802,41.25949
176,20.0,825.15826,1,201,39.492233,40.91794,32.710873,37.20591,44.822292,41.186993
177,20.25,825.0973,1,201,39.499077,40.90324,32.703358,37.199875,44.813614,41.17089
178,20.5,825.03845,1,201,39.505688,40.88943,32.696377,37.194305,44.805534,41.155663
179,20.75,824.9817,1,201,39.51208,40.876503,32.68992,37.189186,44.798042,41.1413
180,21.0,825.04596,1,201,39.458817,40.800404,32.448627,36.961582,44.60123,41.023045
181,21.25,825.02,1,201,39.46009,40.779957,32.435085,36.949543,44.58649,40.998215
182,21.5,824.99646,1,201,39.461098,40.76033,32.42204,36.937923,44.572304,40.974438
183,21.75,824.9754,1,201,39.46184,40.741512,32.409477,36.926727,44.55867,40.951683
184,22.0,825.3845,1,201,35.777058,40.45487,31.715542,36.282856,43.99097,40.567516
185,22.25,825.5313,1,201,35.753033,40.408543,31.674768,36.24348,43.94916,40.512806
186,22.5,825.6822,1,201,35.72857,40.36279,31.634342,36.204388,43.90774,40.45917
187,22.75,825.8367,1,201,35.7037,40.317627,31.594276,36.165596,43.866726,40.4066
188,23.0,827.0718,1,201,35.24169,39.801964,30.510443,35.181255,43.035892,39.78528
189,23.25,827.3967,1,201,35.19207,39.726406,30.439926,35.112503,42.96348,39.698174
190,23.5,827.72424,1,201,35.14217,39.65154,30.36992,35.044193,42.89166,39.612373
191,23.75,828.0539,1,201,35.09201,39.577347,30.300425,34.976334,42.820408,39.527843
192,0.0,823.7586,1,201,29.57598,39.970955,31.15899,35.766937,43.46822,39.98908
193,0.25,823.7158,1,201,29.580782,39.94284,31.138224,35.748085,43.446136,39.953846
194,0.5,823.67554,1,201,29.585203,39.915634,31.118141,35.729843,43.42479,39.919876
195,0.75,823.63763,1,201,29.589249,39.889313,31.098728,35.712185,43.404163,39.887123
196,1.0,821.5067,1,201,29.433992,40.170364,39.58817,40.966713,46.258167,39.85863
197,1.25,821.2898,1,201,29.466095,40.197483,39.61157,40.993996,46.284958,39.861214
198,1.5,821.0746,1,201,29.497913,40.224163,39.634735,41.020992,46.31153,39.86479
199,1.75,820.8612,1,201,29.529463,40.250397,39.657673,41.047714,46.337795,39.86929
200,2.0,818.57745,1,201,30.224192,40.668434,40.927784,42.015335,47.13339,40.38506
201,2.25,818.22363,1,201,30.276287,40.724937,40.970562,42.064495,47.18558,40.42986
202,2.5,792.8691,1,201,33.946224,42.790344,43.392464,44.967915,49.81982,42.260296
203,2.75,792.1743,1,201,34.046253,42.90787,43.476017,45.06267,49.924328,42.370087
204,3.0,791.4548,1,201,34.164658,43.001446,43.59397,45.179443,50.03403,42.404686
205,3.25,790.7726,1,201,34.26278,43.116714,43.675877,45.27237,50.1365,42.512653
206,3.5,790.0951,1,201,34.36017,43.2311,43.757183,45.364597,50.238213,42.61996
207,3.75,789.4223,1,201,34.456814,43.34459,43.837875,45.456135,50.33915,42.7266
208,4.0,766.23987,1,201,38.225193,46.102154,47.662594,49.23053,53.877136,45.591145
209,4.25,765.2115,1,201,38.3702,46.273266,47.78055,49.365612,54.027653,45.761276
210,4.5,764.18915,1,201,38.514248,46.44315,47.897434,49.4994,54.176876,45.93023
211,4.75,763.1732,1,201,38.657253,46.611805,48.013493,49.632244,54.325024,46.09798
212,5.0,488.78656,1,201,36.05194,41.695763,41.963097,42.562042,47.78984,41.518177
213,5.25,489.478,1,201,36.00544,41.64847,41.927708,42.521328,47.745693,41.48694
214,5.5,490.16348,1,201,35.959282,41.601723,41.892647,42.480972,47.701973,41.455666
215,5.75,490.84308,1,201,35.913475,41.55552,41.8579,42.440975,47.65868,41.424355
216,6.0,484.89825,1,201,36.13075,41.70468,42.186935,42.759197,47.91582,41.58658
217,6.25,485.16907,1,201,36.11243,41.679237,42.171196,42.74137,47.89511,41.57368
218,6.5,485.4397,1,201,36.09416,41.654404,42.155636,42.723732,47.874718,41.560844
219,6.75,485.7099,1,201,36.07595,41.630184,42.140266,42.706276,47.854656,41.548077
220,7.0,486.22318,1,201,39.448917,41.476418,41.58083,42.27781,47.554226,41.336098
221,7.25,486.54025,1,201,39.42683,41.442966,41.56104,42.255695,47.52773,41.308105
222,7.5,486.8587,1,201,39.404625,41.410015,41.54135,42.23366,47.50146,41.280212
223,7.75,814.21136,1,201,40.550613,41.88956,42.47467,43.374264,48.45697,41.696507
224,8.0,813.00574,1,201,40.715015,42.05494,42.84671,43.695614,48.721367,41.851955
225,8.25,812.4382,1,201,40.80337,42.125473,42.907215,43.76619,48.793953,41.91657
226,8.5,811.87213,1,201,40.891354,42.196186,42.96768,43.836697,48.866547,41.981564
227,8.75,761.5827,1,201,47.997444,46.503296,47.720158,49.51974,54.18629,45.866714
228,9.0,492.74084,1,201,39.32644,41.569084,41.43362,42.120026,47.48061,41.449276
229,9.25,493.60797,1,201,39.267876,41.505367,41.387226,42.066975,47.422337,41.391518
230,9.5,494.4694,1,201,39.209614,41.442127,41.34111,42.01424,47.364433,41.33394
231,9.75,495.3256,1,201,39.151638,41.379284,41.295242,41.961777,47.306858,41.276386
232,10.0,495.75488,1,201,39.120457,41.343826,41.315712,41.96652,47.294514,41.28386
233,10.25,496.57672,1,201,39.064743,41.2842,41.27189,41.916344,47.239616,41.230083
234,10.5,497.39343,1,201,39.009308,41.224945,41.228313,41.86644,47.185028,41.176292
235,10.75,498.20493,1,201,38.954155,41.166077,41.18498,41.81681,47.130753,41.12252
236,11.0,823.6123,1,201,36.148144,41.56121,41.58934,42.42751,47.707035,41.38946
237,11.25,823.39154,1,201,36.183064,41.55573,41.604046,42.44674,47.718353,41.38056
238,11.5,823.1717,1,201,36.217632,41.551308,41.619045,42.46624,47.73022,41.372852
239,11.75,822.9525,1,201,36.25187,41.547966,41.634335,42.48602,47.742638,41.366318
240,12.0,822.62823,1,201,36.315372,41.552807,41.72461,42.56297,47.794537,41.43897
241,12.25,822.3866,1,201,36.352325,41.561096,41.744686,42.587727,47.8144,41.44404
242,12.5,822.1423,1,201,36.38949,41.571968,41.765697,42.61343,47.835773,41.45131
243,12.75,821.8961,1,201,36.426777,41.585014,41.787468,42.639904,47.858402,41.460506
244,13.0,821.30304,1,201,36.55192,41.665424,42.027,42.83807,48.01142,41.555428
245,13.25,800.4903,1,201,39.53883,43.18478,43.943108,45.140068,50.105404,42.890842
246,13.5,799.8932,1,201,39.625072,43.284794,44.013393,45.22026,50.19423,42.985565
247,13.75,799.30133,1,201,39.710545,43.383904,44.08307,45.29975,50.282272,43.079586
248,14.0,794.2439,1,201,40.49379,44.045414,44.889297,46.116768,51.062206,43.78002
249,14.25,491.92578,1,201,35.94039,41.790943,41.83042,42.43529,47.740433,41.785778
250,14.5,492.71048,1,201,35.88715,41.740665,41.79107,42.389885,47.69192,41.748695
251,14.75,493.4885,1,201,35.83431,41.690815,41.75202,42.34483,47.643787,41.711487
252,15.0,509.67252,1,201,34.820595,40.40355,31.885899,36.302498,44.04977,40.752193
253,15.25,511.05417,1,201,34.723648,40.300766,31.785173,36.20235,43.948586,40.656174
254,15.5,512.42914,1,201,34.626953,40.198227,31.684847,36.10258,43.847805,40.559986
255,15.75,827.5495,1,201,35.757385,40.994686,32.676216,37.14019,44.80263,41.154606
256,16.0,826.9352,1,201,39.278187,41.06175,32.82603,37.291553,44.93328,41.208916
257,16.25,826.82666,1,201,39.29194,41.04172,32.81687,37.284695,44.922344,41.195133
258,16.5,826.7213,1,201,39.305058,41.021954,32.807816,37.27789,44.911556,41.18125
259,16.75,826.61914,1,201,39.317707,41.002457,32.79886,37.271133,44.900906,41.167244
260,17.0,826.3778,1,201,39.364094,41.016834,32.899204,37.37003,44.981922,41.184975
261,17.25,826.27014,1,201,39.37784,41.00056,32.893074,37.365967,44.974262,41.174976
262,17.5,826.16534,1,201,39.39119,40.98477,32.88718,37.36209,44.966885,41.16504
263,17.75,826.0632,1,201,39.404175,40.96953,32.881565,37.35842,44.95984,41.15523
264,18.0,825.76825,1,201,39.48179,41.02152,33.097492,37.56806,45.138145,41.242767
265,18.25,825.6481,1,201,39.497967,41.013527,33.098415,37.570534,45.13763,41.24198
266,18.5,825.5297,1,201,39.513916,41.00639,33.099827,37.573418,45.13767,41.241505
267,18.75,825.413,1,201,39.52966,41.00017,33.101765,37.576756,45.138298,41.241398
268,19.0,825.2589,1,201,39.546967,40.9921,33.104202,37.58079,45.139225,41.254375
269,19.25,825.14435,1,201,39.562473,40.98747,33.1071,37.584972,45.140915,41.255077
270,19.5,825.03107,1,201,39.577835,40.98388,33.11061,37.589687,45.143288,41.256268
271,19.75,824.91907,1,201,39.593075,40.981346,33.11475,37.59496,45.146362,41.257984
272,20.0,825.16614,1,201,39.491055,40.916405,32.70947,37.204525,44.82086,41.185722
273,20.25,825.1051,1,201,39.49789,40.90173,32.701965,37.19851,44.812202,41.169617
274,20.5,825.0463,1,201,39.5045,40.88794,32.694992,37.19295,44.80414,41.15439
275,20.75,824.98956,1,201,39.510902,40.875034,32.688557,37.187847,44.796665,41.140026
276,21.0,825.0538,1,201,39.457657,40.799023,32.447327,36.96029,44.599915,41.02182
277,21.25,825.0278,1,201,39.45893,40.778587,32.43379,36.948257,44.585182,40.99699
278,21.5,825.0043,1,201,39.459934,40.758976,32.42075,36.936657,44.57101,40.973217
279,21.75,824.9833,1,201,39.46068,40.740173,32.408203,36.92546,44.557384,40.950462
280,22.0,825.3923,1,201,35.775913,40.453617,31.71432,36.28164,43.98974,40.56635
281,22.25,825.53906,1,201,35.751892,40.407295,31.67355,36.24227,43.947937,40.51164
282,22.5,825.68994,1,201,35.72743,40.361553,31.63313,36.203182,43.90653,40.45801
283,22.75,825.8444,1,201,35.702564,40.316387,31.593071,36.164394,43.865517,40.405437
284,23.0,827.07935,1,201,35.240562,39.80077,30.509272,35.180084,43.03471,39.78414
285,23.25,827.40436,1,201,35.19095,39.72522,30.438757,35.111336,42.962307,39.697037
286,23.5,827.7319,1,201,35.14105,39.650352,30.368753,35.043034,42.890488,39.611244
287,23.75,828.0615,1,201,35.090893,39.576168,30.299261,34.975174,42.81924,39.52672
288,0.0,823.76624,1,201,29.574856,39.96974,31.157804,35.76575,43.467022,39.98793
289,0.25,823.7234,1,201,29.579659,39.941635,31.137043,35.74691,43.444954,39.952698
290,0.5,823.6831,1,201,29.584082,39.91443,31.11696,35.72867,43.423607,39.918728
291,0.75,823.6453,1,201,29.588121,39.88812,31.097557,35.711014,43.40299,39.88598
292,1.0,821.51416,1,201,29.432896,40.169193,39.58727,40.96569,46.257084,39.857513
293,1.25,821.2972,1,201,29.464996,40.196316,39.610676,40.99298,46.283875,39.860096
294,1.5,821.082,1,201,29.496822,40.223003,39.63385,41.019978,46.31045,39.863678
295,1.75,820.86865,1,201,29.528374,40.24925,39.656784,41.04671,46.336723,39.868183
296,2.0,818.5847,1,201,30.22312,40.667328,40.926937,42.01437,47.13235,40.38399
297,2.25,818.2309,1,201,30.27522,40.72384,40.96972,42.063538,47.18455,40.428795
298,2.5,792.8836,1,201,33.944134,42.787895,43.390717,44.965935,49.817635,42.257893
299,2.75,792.1888,1,201,34.044178,42.90544,43.474285,45.060707,49.92216,42.367706
300,3.0,791.46924,1,201,34.162594,42.999035,43.59225,45.17749,50.03188,42.402317
301,3.25,790.7868,1,201,34.26073,43.11432,43.674168,45.270428,50.134365,42.510303
302,3.5,790.10913,1,201,34.35813,43.228725,43.755486,45.36268,50.23609,42.61763
303,3.75,789.4363,1,201,34.454803,43.34223,43.836193,45.45423,50.337048,42.72429
304,4.0,766.25244,1,201,38.223423,46.100067,47.66116,49.228886,53.875298,45.58908
305,4.25,765.22394,1,201,38.368443,46.271183,47.77912,49.363968,54.025833,45.75923
306,4.5,764.2015,1,201,38.512497,46.44109,47.896015,49.49778,54.175068,45.9282
307,4.75,763.18555,1,201,38.655518,46.60976,48.012085,49.630634,54.323223,46.095966
308,5.0,488.78296,1,201,36.05218,41.696014,41.96328,42.562256,47.79007,41.518257
309,5.25,489.4745,1,201,36.005676,41.64872,41.927895,42.521538,47.745922,41.487015
310,5.5,490.15997,1,201,35.959515,41.60197,41.892826,42.481182,47.702198,41.455746
311,5.75,490.83963,1,201,35.913708,41.55576,41.85808,42.441177,47.658905,41.424435
312,6.0,484.8945,1,201,36.130993,41.70496,42.18713,42.75942,47.916073,41.586708
313,6.25,485.16534,1,201,36.11267,41.679512,42.171387,42.741592,47.89535,41.57381
314,6.5,485.4361,1,201,36.094402,41.65467,42.155827,42.72395,47.874958,41.560978
315,6.75,485.70627,1,201,36.076187,41.630447,42.140453,42.706493,47.854893,41.54821
316,7.0,486.21964,1,201,39.449142,41.47664,41.581005,42.27801,47.55444,41.336185
317,7.25,486.5368,1,201,39.427055,41.44319,41.561214,42.255894,47.527946,41.308205
318,7.5,486.85522,1,201,39.404854,41.41024,41.541527,42.23386,47.501667,41.28032
319,7.75,814.21533,1,201,40.55,41.889053,42.47424,43.37376,48.45645,41.695988
320,8.0,813.0097,1,201,40.71441,42.054417,42.846283,43.695118,48.720848,41.851448
321,8.25,812.44214,1,201,40.802773,42.124954,42.906788,43.7657,48.793434,41.91605
322,8.5,811.876,1,201,40.890755,42.195667,42.967255,43.8362,48.866024,41.981052
323,8.75,761.58966,1,201,47.99647,46.502155,47.719357,49.51883,54.185276,45.865574
324,9.0,492.73932,1,201,39.32654,41.569214,41.43371,42.120125,47.480717,41.44931
325,9.25,493.60645,1,201,39.26798,41.5055,41.387314,42.067074,47.42245,41.391567
326,9.5,494.468,1,201,39.209717,41.442253,41.341194,42.014336,47.364548,41.33399
327,9.75,495.32413,1,201,39.15174,41.379417,41.29533,41.961876,47.306973,41.27645
328,10.0,495.75348,1,201,39.12056,41.34396,41.315792,41.966606,47.29463,41.283916
329,10.25,496.57526,1,201,39.064842,41.284325,41.271973,41.916435,47.239727,41.23015
330,10.5,497.39194,1,201,39.00941,41.225075,41.228397,41.86653,47.185135,41.17636
331,10.75,498.20346,1,201,38.954258,41.166203,41.185062,41.816902,47.13086,41.122593
332,11.0,823.61383,1,201,36.147915,41.561127,41.589203,42.42734,47.70689,41.389347
333,11.25,823.3931,1,201,36.182835,41.555637,41.603912,42.44657,47.71821,41.38045
334,11.5,823.17316,1,201,36.217403,41.551216,41.618904,42.466072,47.73007,41.37274
335,11.75,822.95404,1,201,36.251637,41.547867,41.634197,42.485847,47.74249,41.3662
336,12.0,822.6298,1,201,36.31514,41.552704,41.724472,42.5628,47.794384,41.438847
337,12.25,822.3882,1,201,36.352093,41.560978,41.74454,42.587555,47.814236,41.4439
338,12.5,822.14386,1,201,36.389256,41.57184,41.765545,42.61325,47.8356,41.45117
339,12.75,821.89764,1,201,36.426544,41.584873,41.787315,42.63972,47.858223,41.46036
340,13.0,821.3046,1,201,36.55168,41.665264,42.026844,42.83788,48.01124,41.555267
341,13.25,800.4935,1,201,39.538353,43.184223,43.94271,45.139618,50.10491,42.890305
342,13.5,799.89655,1,201,39.62459,43.28424,44.013012,45.21982,50.19374,42.98503
343,13.75,799.30457,1,201,39.71007,43.383354,44.082684,45.299313,50.281784,43.079056
344,14.0,794.247,1,201,40.49334,44.04489,44.888927,46.11635,51.061737,43.77951
345,14.25,491.92227,1,201,35.940624,41.791164,41.8306,42.435493,47.740646,41.785942
346,14.5,492.707,1,201,35.887386,41.740883,41.79124,42.390083,47.69213,41.74885
347,14.75,493.4851,1,201,35.83454,41.691036,41.752193,42.345028,47.644,41.711643
348,15.0,509.6695,1,201,34.82081,40.403736,31.88609,36.30269,44.04996,40.75233
349,15.25,511.05124,1,201,34.723858,40.300953,31.785364,36.20255,43.948776,40.65632
350,15.5,512.4261,1,201,34.627163,40.198418,31.685038,36.102776,43.848,40.560135
351,15.75,827.54877,1,201,35.7575,40.994812,32.67634,37.14031,44.802746,41.154686
352,16.0,826.9343,1,201,39.2783,41.061874,32.826157,37.29168,44.9334,41.209003
353,16.25,826.82587,1,201,39.292053,41.041847,32.816998,37.284817,44.922466,41.195225
354,16.5,826.72046,1,201,39.305172,41.02208,32.80794,37.278015,44.911682,41.181343
355,16.75,826.6183,1,201,39.31782,41.002583,32.798977,37.271255,44.901024,41.16734
356,17.0,826.37695,1,201,39.36421,41.016964,32.89933,37.370155,44.982048,41.185078
357,17.25,826.2694,1,201,39.37796,41.00069,32.8932,37.366093,44.97439,41.17508
358,17.5,826.1645,1,201,39.39131,40.9849,32.887306,37.36221,44.96701,41.165146
359,17.75,826.06226,1,201,39.40429,40.96965,32.881687,37.358547,44.959965,41.155334
360,18.0,825.76746,1,201,39.481907,41.021652,33.09762,37.568195,45.138275,41.24288
361,18.25,825.6473,1,201,39.49809,41.013664,33.09854,37.57066,45.137764,41.242092
362,18.5,825.52893,1,201,39.514038,41.006523,33.099953,37.573544,45.1378,41.24162
363,18.75,825.41223,1,201,39.529774,41.0003,33.10189,37.57688,45.138424,41.241512
364,19.0,825.2581,1,201,39.547085,40.99223,33.104324,37.58092,45.139355,41.25449
365,19.25,825.14343,1,201,39.56259,40.9876,33.107224,37.585094,45.141045,41.255188
366,19.5,825.0303,1,201,39.577957,40.984005,33.110737,37.589813,45.143417,41.256382
367,19.75,824.9182,1,201,39.593193,40.981472,33.114876,37.59508,45.14649,41.2581
368,20.0,825.16534,1,201,39.49117,40.916523,32.709583,37.204643,44.82098,41.18583
369,20.25,825.10443,1,201,39.498005,40.901848,32.702084,37.198624,44.81232,41.169724
370,20.5,825.04553,1,201,39.50462,40.888058,32.69511,37.19307,44.804253,41.154495
371,20.75,824.98883,1,201,39.511017,40.87515,32.688675,37.187965,44.79678,41.140137
372,21.0,825.05304,1,201,39.45777,40.79914,32.447437,36.960407,44.60003,41.021923
373,21.25,825.027,1,201,39.45904,40.778706,32.433903,36.948376,44.585297,40.997097
374,21.5,825.0035,1,201,39.460045,40.75909,32.420868,36.936768,44.571125,40.973324
375,21.75,824.98254,1,201,39.460796,40.740288,32.40832,36.92558,44.5575,40.950573
376,22.0,825.39154,1,201,35.776024,40.453728,31.714432,36.28175,43.989853,40.566456
377,22.25,825.53827,1,201,35.752003,40.407406,31.67366,36.242382,43.94805,40.511745
378,22.5,825.68915,1,201,35.72754,40.36166,31.63324,36.203297,43.90664,40.45812
379,22.75,825.8436,1,201,35.702675,40.3165,31.593176,36.16451,43.865627,40.40554
380,23.0,827.0786,1,201,35.240677,39.80088,30.509378,35.18019,43.034817,39.784245
381,23.25,827.4036,1,201,35.19106,39.72533,30.438866,35.111446,42.962418,39.697144
382,23.5,827.731,1,201,35.141155,39.650467,30.368862,35.04314,42.890594,39.611343
383,23.75,828.0607,1,201,35.091,39.576275,30.299366,34.97528,42.819347,39.52682
384,0.0,823.7655,1,201,29.57496,39.969852,31.157911,35.76586,43.467136,39.988033
385,0.25,823.7227,1,201,29.579771,39.941742,31.13715,35.747017,43.445057,39.952805
386,0.5,823.6824,1,201,29.584188,39.91454,31.117073,35.728775,43.423717,39.918835
387,0.75,823.64453,1,201,29.588234,39.88823,31.097664,35.711124,43.403095,39.88608
388,1.0,821.51355,1,201,29.433002,40.1693,39.587353,40.96579,46.257187,39.857616
389,1.25,821.29645,1,201,29.465103,40.196423,39.610756,40.993073,46.283978,39.8602
390,1.5,821.0813,1,201,29.49693,40.22311,39.63393,41.020077,46.310555,39.86378
391,1.75,820.868,1,201,29.528475,40.24935,39.656868,41.046803,46.336823,39.868282
392,2.0,818.58405,1,201,30.223225,40.66743,40.927017,42.01446,47.132454,40.384094
393,2.25,818.23016,1,201,30.275324,40.723938,40.9698,42.063625,47.184647,40.42889
394,2.5,792.88214,1,201,33.94434,42.78814,43.390896,44.966125,49.817856,42.258133
395,2.75,792.18726,1,201,34.04438,42.90568,43.47446,45.0609,49.922375,42.367943
396,3.0,791.4677,1,201,34.162804,42.99927,43.592422,45.17769,50.032093,42.402557
397,3.25,790.7854,1,201,34.260937,43.11456,43.67434,45.270626,50.13458,42.51054
398,3.5,790.1078,1,201,34.35834,43.22896,43.755653,45.36287,50.2363,42.617867
399,3.75,789.43494,1,201,34.455,43.34247,43.83636,45.45442,50.337257,42.72452
400,4.0,766.25116,1,201,38.223602,46.100277,47.6613,49.229046,53.87549,45.58929
401,4.25,765.2227,1,201,38.368618,46.271393,47.779266,49.364136,54.026016,45.759434
402,4.5,764.20026,1,201,38.512676,46.441296,47.896156,49.49794,54.17525,45.9284
403,4.75,763.1843,1,201,38.65569,46.609962,48.012226,49.630795,54.323406,46.096165
404,5.0,488.78323,1,201,36.052162,41.696007,41.96327,42.562244,47.790066,41.51826
405,5.25,489.47467,1,201,36.005657,41.648712,41.92788,42.521523,47.74591,41.487026
406,5.5,490.16022,1,201,35.9595,41.601963,41.89282,42.481167,47.70219,41.455753
407,5.75,490.8399,1,201,35.91369,41.555748,41.858067,42.441166,47.65889,41.424446
408,6.0,484.8948,1,201,36.130974,41.704945,42.187122,42.759407,47.91606,41.58671
409,6.25,485.16568,1,201,36.112656,41.679497,42.17138,42.74158,47.89534,41.57382
410,6.5,485.43634,1,201,36.094387,41.65466,42.155815,42.723934,47.874947,41.560978
411,6.75,485.70657,1,201,36.076168,41.630432,42.140438,42.70648,47.854874,41.54821
412,7.0,486.21994,1,201,39.44913,41.476627,41.580994,42.278,47.55443,41.33619
413,7.25,486.53708,1,201,39.427044,41.44318,41.561203,42.25588,47.527935,41.30821
414,7.5,486.8555,1,201,39.404842,41.41023,41.541515,42.23385,47.501663,41.28032
415,7.75,814.21466,1,201,40.550106,41.88915,42.47431,43.373848,48.456543,41.696083
416,8.0,813.00903,1,201,40.71451,42.054516,42.846355,43.695206,48.72094,41.851532
417,8.25,812.44147,1,201,40.802876,42.12505,42.906868,43.76578,48.793526,41.916145
418,8.5,811.8753,1,201,40.890854,42.195763,42.96733,43.836285,48.866116,41.98114
419,8.75,761.5884,1,201,47.99664,46.502354,47.719498,49.518982,54.18545,45.865772
420,9.0,492.73953,1,201,39.326527,41.569195,41.433697,42.120113,47.480705,41.449306
421,9.25,493.60666,1,201,39.267963,41.50548,41.387302,42.06706,47.42243,41.391563
422,9.5,494.46817,1,201,39.209705,41.44224,41.341187,42.01432,47.364532,41.333984
423,9.75,495.32437,1,201,39.151726,41.3794,41.29532,41.96186,47.306957,41.276443
424,10.0,495.75366,1,201,39.120544,41.34394,41.31578,41.966595,47.294613,41.283913
425,10.25,496.57547,1,201,39.064827,41.284313,41.27196,41.91642,47.239708,41.230145
426,10.5,497.39218,1,201,39.00939,41.22506,41.228386,41.866524,47.185123,41.176357
427,10.75,498.2037,1,201,38.954243,41.166187,41.18505,41.816887,47.130848,41.12258
428,11.0,823.61316,1,201,36.148014,41.56119,41.58927,42.427425,47.70697,41.389412
429,11.25,823.3924,1,201,36.182934,41.555702,41.603973,42.44665,47.718285,41.380512
430,11.5,823.1725,1,201,36.217506,41.55128,41.618977,42.466152,47.73015,41.372807
431,11.75,822.95337,1,201,36.25174,41.54794,41.634266,42.48593,47.74257,41.366264
432,12.0,822.629,1,201,36.315243,41.552773,41.72454,42.562878,47.794464,41.438915
433,12.25,822.38745,1,201,36.352192,41.56105,41.74461,42.58763,47.81432,41.443974
434,12.5,822.1432,1,201,36.38936,41.57191,41.765617,42.613335,47.83569,41.45124
435,12.75,821.897,1,201,36.42664,41.584946,41.787384,42.639805,47.85831,41.46043
436,13.0,821.30396,1,201,36.55178,41.665344,42.026913,42.83796,48.01132,41.555344
437,13.25,800.4922,1,201,39.53856,43.18446,43.94288,45.139805,50.10512,42.89053
438,13.5,799.8951,1,201,39.624798,43.284477,44.013172,45.220005,50.193947,42.985256
439,13.75,799.30316,1,201,39.71027,43.383587,44.082848,45.2995,50.28199,43.079273
440,14.0,794.2457,1,201,40.493526,44.04511,44.889088,46.116528,51.061935,43.779724
441,14.25,491.92413,1,201,35.9405,41.79102,41.830498,42.435375,47.74052,41.785828
442,14.5,492.70892,1,201,35.887257,41.74074,41.79114,42.38997,47.692,41.74874
443,14.75,493.4869,1,201,35.834415,41.690895,41.752098,42.344917,47.64388,41.711533
444,15.0,509.67114,1,201,34.820686,40.40362,31.885973,36.302574,44.049843,40.75223
445,15.25,511.05292,1,201,34.72374,40.300835,31.78525,36.202427,43.948654,40.656216
446,15.5,512.4278,1,201,34.62705,40.198296,31.684921,36.10266,43.847878,40.560024
447,15.75,827.54877,1,201,35.757496,40.99477,32.67631,37.140285,44.80272,41.15466
448,16.0,826.9344,1,201,39.278294,41.061832,32.826126,37.29165,44.93337,41.208977
449,16.25,826.8259,1,201,39.292046,41.041805,32.816963,37.284786,44.922432,41.195198
450,16.5,826.7205,1,201,39.305164,41.022038,32.807907,37.277985,44.911648,41.181316
451,16.75,826.6183,1,201,39.317814,41.002544,32.79895,37.271225,44.900993,41.16731
452,17.0,826.377,1,201,39.3642,41.016922,32.899296,37.37012,44.98201,41.185043
453,17.25,826.2694,1,201,39.37794,41.00065,32.89317,37.366066,44.974354,41.175045
454,17.5,826.16455,1,201,39.391296,40.98486,32.887276,37.362183,44.96698,41.165115
455,17.75,826.0623,1,201,39.40428,40.969612,32.881657,37.358513,44.959934,41.155308
456,18.0,825.7675,1,201,39.481895,41.021606,33.097584,37.56816,45.138237,41.242844
457,18.25,825.64734,1,201,39.498077,41.013615,33.098507,37.570625,45.13773,41.242058
458,18.5,825.52905,1,201,39.514023,41.006477,33.09992,37.57351,45.137764,41.24158
459,18.75,825.4123,1,201,39.529762,41.00026,33.101856,37.576847,45.138393,41.241474
460,19.0,825.2582,1,201,39.54707,40.992188,33.104294,37.580887,45.139317,41.25445
461,19.25,825.14355,1,201,39.562572,40.987556,33.107193,37.585068,45.141014,41.255157
462,19.5,825.03033,1,201,39.577938,40.983967,33.110703,37.589783,45.143383,41.256348
463,19.75,824.91833,1,201,39.593174,40.981438,33.114845,37.595055,45.146454,41.258068
464,20.0,825.16534,1,201,39.491154,40.916492,32.70956,37.20462,44.820953,41.185802
465,20.25,825.1045,1,201,39.497993,40.901817,32.702057,37.1986,44.812294,41.169697
466,20.5,825.04565,1,201,39.504604,40.88803,32.69509,37.193043,44.804234,41.15447
467,20.75,824.9889,1,201,39.511,40.875122,32.68865,37.187943,44.796757,41.14011
468,21.0,825.0531,1,201,39.457756,40.799118,32.44742,36.96039,44.600006,41.0219
469,21.25,825.02704,1,201,39.459034,40.77868,32.433884,36.948357,44.585278,40.997074
470,21.5,825.0036,1,201,39.46003,40.75907,32.42085,36.93675,44.571106,40.973305
471,21.75,824.9826,1,201,39.46078,40.740265,32.408295,36.92556,44.55748,40.950546
472,22.0,825.3916,1,201,35.776016,40.453712,31.714413,36.28173,43.989838,40.56643
473,22.25,825.5384,1,201,35.751987,40.407387,31.673643,36.242363,43.948032,40.511726
474,22.5,825.6893,1,201,35.727528,40.36164,31.633226,36.203278,43.90662,40.4581
475,22.75,825.84375,1,201,35.702667,40.316483,31.593163,36.16449,43.86561,40.40552
476,23.0,827.07874,1,201,35.24066,39.800865,30.509365,35.180176,43.034805,39.78423
477,23.25,827.4037,1,201,35.191048,39.72531,30.438847,35.111427,42.9624,39.697124
478,23.5,827.73114,1,201,35.141144,39.650448,30.368849,35.043125,42.890575,39.61133
479,23.75,828.06085,1,201,35.09099,39.576263,30.29935,34.97526,42.819332,39.526802
480,0.0,823.76556,1,201,29.574947,39.969837,31.157898,35.765842,43.467117,39.988014
481,0.25,823.7228,1,201,29.579756,39.941723,31.13713,35.747,43.445038,39.952785
482,0.5,823.6825,1,201,29.584175,39.91452,31.117054,35.728756,43.4237,39.918816
483,0.75,823.64465,1,201,29.58822,39.88821,31.09765,35.711105,43.403076,39.886066
484,1.0,821.51355,1,201,29.43299,40.16929,39.587345,40.96578,46.257168,39.857597
485,1.25,821.2966,1,201,29.465088,40.196407,39.61075,40.993065,46.283966,39.86018
486,1.5,821.0814,1,201,29.496916,40.22309,39.633923,41.02006,46.310535,39.86376
487,1.75,820.8681,1,201,29.528461,40.24934,39.656857,41.04679,46.336807,39.868267
488,2.0,818.58417,1,201,30.22321,40.66742,40.92701,42.014446,47.13244,40.384075
489,2.25,818.2302,1,201,30.27531,40.723923,40.96979,42.063614,47.184635,40.42888
490,2.5,792.88226,1,201,33.944332,42.788128,43.390884,44.966118,49.81784,42.25812
491,2.75,792.1874,1,201,34.04437,42.90567,43.474445,45.060898,49.922363,42.36793
492,3.0,791.46783,1,201,34.16279,42.999264,43.59241,45.177673,50.032078,42.402542
493,3.25,790.78546,1,201,34.26092,43.114544,43.67433,45.270615,50.134567,42.510525
494,3.5,790.10785,1,201,34.358322,43.228947,43.75565,45.36286,50.23629,42.617847
495,3.75,789.435,1,201,34.454994,43.342453,43.83635,45.454407,50.33724,42.72451
496,4.0,766.2513,1,201,38.22359,46.100266,47.661293,49.229042,53.875473,45.589275
497,4.25,765.2228,1,201,38.36861,46.27138,47.779255,49.36413,54.026005,45.759426
498,4.5,764.2003,1,201,38.51267,46.441284,47.896152,49.49793,54.175236,45.928394
499,4.75,763.18445,1,201,38.65568,46.60995,48.01222,49.630783,54.323395,46.09616
500,5.0,488.78323,1,201,36.052162,41.695995,41.963264,42.562237,47.79006,41.51825
501,5.25,489.4747,1,201,36.005653,41.6487,41.927876,42.521523,47.745903,41.487015
502,5.5,490.16025,1,201,35.959496,41.601955,41.892815,42.481163,47.702183,41.455746
503,5.75,490.83994,1,201,35.91369,41.55574,41.858067,42.441166,47.658886,41.424435
504,6.0,484.8948,1,201,36.13097,41.70494,42.18712,42.759403,47.916058,41.586704
505,6.25,485.16568,1,201,36.112656,41.679493,42.17137,42.741577,47.895336,41.573807
506,6.5,485.43637,1,201,36.094383,41.65465,42.15581,42.72393,47.874943,41.56097
507,6.75,485.70663,1,201,36.076168,41.630424,42.140438,42.70648,47.854874,41.548203
508,7.0,486.21997,1,201,39.449127,41.476627,41.580994,42.278,47.554424,41.336178
509,7.25,486.53708,1,201,39.427036,41.443176,41.561203,42.255875,47.527927,41.3082
510,7.5,486.85556,1,201,39.404835,41.41022,41.541515,42.233845,47.50166,41.280315
511,7.75,814.21466,1,201,40.5501,41.889137,42.47431,43.373848,48.45654,41.69608
512,8.0,813.00903,1,201,40.714508,42.054504,42.84635,43.6952,48.720932,41.851532
513,8.25,812.4415,1,201,40.80287,42.125042,42.906864,43.765778,48.793526,41.916134
514,8.5,811.8753,1,201,40.890854,42.19576,42.967323,43.83628,48.86611,41.981136
515,8.75,761.5884,1,201,47.996635,46.502346,47.71949,49.51898,54.185448,45.865765
516,9.0,492.73956,1,201,39.326527,41.56919,41.433693,42.120106,47.4807,41.449303
517,9.25,493.60672,1,201,39.26796,41.505478,41.387302,42.06706,47.42243,41.391556
518,9.5,494.46817,1,201,39.209698,41.442234,41.341183,42.01432,47.364525,41.33398
519,9.75,495.32437,1,201,39.151722,41.379395,41.295315,41.96186,47.30695,41.276432
520,10.0,495.75366,1,201,39.120544,41.343933,41.31578,41.966595,47.294605,41.283905
521,10.25,496.57553,1,201,39.064827,41.284306,41.27196,41.91642,47.239708,41.230133
522,10.5,497.39218,1,201,39.00939,41.225056,41.228386,41.866516,47.18512,41.176346
523,10.75,498.2037,1,201,38.95424,41.166183,41.185047,41.816887,47.130844,41.122578
524,11.0,823.61316,1,201,36.14801,41.561188,41.58927,42.427425,47.706966,41.389404
525,11.25,823.3924,1,201,36.18293,41.5557,41.603973,42.446644,47.718285,41.38051
526,11.5,823.1725,1,201,36.217506,41.551277,41.61897,42.466145,47.730145,41.3728
527,11.75,822.95337,1,201,36.251736,41.547928,41.634262,42.485924,47.742565,41.36626
528,12.0,822.6291,1,201,36.31524,41.55277,41.724537,42.562878,47.79446,41.438915
529,12.25,822.38745,1,201,36.35219,41.561043,41.74461,42.58763,47.814312,41.44397
530,12.5,822.1432,1,201,36.389355,41.571907,41.765614,42.613335,47.835682,41.451237
531,12.75,821.897,1,201,36.42664,41.584946,41.787376,42.6398,47.858303,41.460426
532,13.0,821.30396,1,201,36.55178,41.66534,42.026905,42.837955,48.01131,41.55534
533,13.25,800.49225,1,201,39.53855,43.184456,43.942875,45.1398,50.105114,42.890526
534,13.5,799.89514,1,201,39.624794,43.28447,44.013165,45.22,50.193947,42.98525
535,13.75,799.30316,1,201,39.71027,43.383583,44.082848,45.299496,50.28199,43.079273
536,14.0,794.2457,1,201,40.493526,44.045105,44.88908,46.11652,51.06193,43.779716
537,14.25,491.92413,1,201,35.9405,41.79102,41.830498,42.435375,47.74052,41.78582
538,14.5,492.70892,1,201,35.887257,41.740738,41.79114,42.38997,47.692,41.748737
539,14.75,493.4869,1,201,35.834415,41.690895,41.752098,42.344913,47.643875,41.71153
540,15.0,509.6712,1,201,34.820686,40.403614,31.885967,36.302574,44.04984,40.75223
541,15.25,511.05292,1,201,34.723732,40.300835,31.785244,36.202427,43.948654,40.656216
542,15.5,512.4278,1,201,34.62705,40.198296,31.684916,36.102657,43.847878,40.560024
543,15.75,827.54877,1,201,35.757496,40.99477,32.67631,37.14028,44.80272,41.154655
544,16.0,826.9344,1,201,39.278294,41.06183,32.826126,37.29165,44.93337,41.208973
545,16.25,826.826,1,201,39.292046,41.041798,32.816963,37.284782,44.922432,41.195194
546,16.5,826.7205,1,201,39.305164,41.022038,32.807907,37.277985,44.911644,41.181316
547,16.75,826.6183,1,201,39.317814,41.002544,32.798946,37.271225,44.900993,41.16731
548,17.0,826.377,1,201,39.3642,41.01692,32.899292,37.37012,44.98201,41.185043
549,17.25,826.2695,1,201,39.37794,41.000645,32.89316,37.366062,44.97435,41.175045
550,17.5,826.16455,1,201,39.391296,40.98486,32.887268,37.362183,44.96698,41.165108
551,17.75,826.0623,1,201,39.404278,40.96961,32.881657,37.358513,44.959927,41.1553
552,18.0,825.7675,1,201,39.481888,41.021606,33.097584,37.568157,45.138233,41.24284
553,18.25,825.64734,1,201,39.498077,41.013615,33.098507,37.570625,45.13773,41.242058
554,18.5,825.52905,1,201,39.514023,41.006477,33.09992,37.57351,45.13776,41.24158
555,18.75,825.4123,1,201,39.529762,41.000256,33.101852,37.576847,45.13839,41.241474
556,19.0,825.2582,1,201,39.54707,40.992184,33.10429,37.580887,45.139317,41.25445
557,19.25,825.1436,1,201,39.562572,40.987556,33.107193,37.585068,45.141014,41.25515
558,19.5,825.03033,1,201,39.577938,40.98396,33.110703,37.589783,45.143383,41.256348
559,19.75,824.91833,1,201,39.593174,40.981434,33.11484,37.595055,45.146454,41.258064
560,20.0,825.16534,1,201,39.491154,40.916492,32.70956,37.20462,44.820953,41.185802
561,20.25,825.1045,1,201,39.497993,40.901817,32.702057,37.1986,44.812294,41.169697
562,20.5,825.04565,1,201,39.504604,40.88803,32.695087,37.193043,44.804234,41.15447
563,20.75,824.9889,1,201,39.511,40.875122,32.68865,37.187943,44.796757,41.14011
564,21.0,825.0531,1,201,39.457756,40.79911,32.44742,36.96039,44.600006,41.0219
565,21.25,825.02704,1,201,39.459026,40.77868,32.43388,36.948357,44.585278,40.997074
566,21.5,825.0036,1,201,39.46003,40.75907,32.42084,36.93675,44.571106,40.9733
567,21.75,824.9826,1,201,39.460777,40.740265,32.408295,36.925552,44.55748,40.950546
568,22.0,825.3916,1,201,35.77601,40.453705,31.714413,36.28173,43.989834,40.56643
569,22.25,825.5383,1,201,35.751987,40.407383,31.673643,36.242363,43.948032,40.511723
570,22.5,825.6893,1,201,35.727528,40.36164,31.63322,36.203278,43.90662,40.458096
571,22.75,825.84375,1,201,35.702663,40.316483,31.593163,36.16449,43.86561,40.40552
572,23.0,827.07874,1,201,35.240658,39.800865,30.50936,35.180176,43.034798,39.78423
573,23.25,827.4037,1,201,35.19104,39.72531,30.438847,35.111427,42.9624,39.697124
574,23.5,827.73114,1,201,35.141144,39.650448,30.368843,35.043125,42.890575,39.61133
575,23.75,828.06085,1,201,35.09099,39.576256,30.29935,34.97526,42.819332,39.526802
576,0.0,823.76556,1,201,29.574947,39.969833,31.157892,35.765842,43.467117,39.988014
577,0.25,823.72284,1,201,29.579756,39.941723,31.13713,35.746998,43.445038,39.952785
578,0.5,823.6825,1,201,29.584175,39.91452,31.117054,35.728756,43.4237,39.918816
579,0.75,823.64465,1,201,29.58822,39.88821,31.097645,35.711105,43.403076,39.886063
580,1.0,821.5136,1,201,29.43299,40.16928,39.587345,40.96578,46.257168,39.857597
581,1.25,821.2966,1,201,29.465088,40.196407,39.610744,40.99306,46.283966,39.86018
582,1.5,821.0814,1,201,29.496916,40.22309,39.63392,41.02006,46.310535,39.86376
583,1.75,820.86804,1,201,29.528461,40.249332,39.656857,41.04679,46.336807,39.868267
584,2.0,818.58417,1,201,30.22321,40.66742,40.92701,42.014446,47.13243,40.384075
585,2.25,818.2302,1,201,30.27531,40.723923,40.96979,42.063614,47.184635,40.42888
586,2.5,792.88226,1,201,33.94433,42.788128,43.39088,44.966118,49.81784,42.25812
587,2.75,792.1874,1,201,34.04437,42.90567,43.474445,45.06089,49.922363,42.36793
588,3.0,791.46783,1,201,34.16279,42.999256,43.592407,45.177673,50.032078,42.402542
589,3.25,790.78546,1,201,34.26092,43.114544,43.674328,45.27061,50.134567,42.510525
590,3.5,790.10785,1,201,34.358322,43.228947,43.755642,45.36286,50.23629,42.617847
591,3.75,789.435,1,201,34.454987,43.342453,43.83635,45.454407,50.33724,42.72451
592,4.0,766.25134,1,201,38.223587,46.100266,47.661293,49.229042,53.875473,45.589275
593,4.25,765.2228,1,201,38.36861,46.27138,47.779255,49.364124,54.026005,45.759426
594,4.5,764.2004,1,201,38.51267,46.441284,47.896152,49.49793,54.175236,45.928394
595,4.75,763.18445,1,201,38.65568,46.609947,48.01222,49.630783,54.323395,46.096153
596,5.0,488.78323,1,201,36.052162,41.695995,41.963264,42.562237,47.790054,41.51825
597,5.25,489.4747,1,201,36.005653,41.6487,41.927876,42.52152,47.745903,41.487015
598,5.5,490.16025,1,201,35.959496,41.601955,41.892815,42.481163,47.70218,41.455746
599,5.75,490.83994,1,201,35.91369,41.55574,41.858067,42.441162,47.658886,41.424435
600,6.0,484.8948,1,201,36.13097,41.70494,42.18712,42.759403,47.916058,41.586704
601,6.25,485.16568,1,201,36.112656,41.679493,42.17137,42.741577,47.895336,41.573807
602,6.5,485.43637,1,201,36.094383,41.65465,42.15581,42.72393,47.874943,41.56097
603,6.75,485.70663,1,201,36.076168,41.630424,42.140438,42.70648,47.854874,41.548203
604,7.0,486.21997,1,201,39.449127,41.476627,41.580994,42.278,47.554424,41.336178
605,7.25,486.53708,1,201,39.427036,41.443176,41.561203,42.255875,47.527927,41.3082
606,7.5,486.85556,1,201,39.404835,41.41022,41.541515,42.233845,47.50166,41.280308
607,7.75,814.21466,1,201,40.5501,41.889137,42.474308,43.373844,48.45654,41.696075
608,8.0,813.00903,1,201,40.714508,42.054504,42.84635,43.6952,48.720932,41.851532
609,8.25,812.4415,1,201,40.80287,42.125042,42.906864,43.765778,48.793526,41.916134
610,8.5,811.8753,1,201,40.890854,42.19576,42.967323,43.83628,48.86611,41.981136
611,8.75,761.5884,1,201,47.996635,46.502346,47.71949,49.51898,54.185448,45.865765
612,9.0,492.73956,1,201,39.326527,41.56919,41.433693,42.120106,47.4807,41.449303
613,9.25,493.60672,1,201,39.26796,41.505478,41.387302,42.06706,47.42243,41.391556
614,9.5,494.46817,1,201,39.209698,41.442234,41.341183,42.01432,47.364525,41.33398
615,9.75,495.32437,1,201,39.151722,41.379395,41.295315,41.96186,47.30695,41.276432
616,10.0,495.75366,1,201,39.120544,41.343933,41.31578,41.966595,47.294605,41.283905
617,10.25,496.57553,1,201,39.064827,41.284306,41.27196,41.91642,47.239708,41.230133
618,10.5,497.39218,1,201,39.00939,41.225056,41.228386,41.866516,47.18512,41.176346
619,10.75,498.2037,1,201,38.95424,41.166183,41.185047,41.816887,47.130844,41.122578
620,11.0,823.61316,1,201,36.14801,41.561188,41.58927,42.427425,47.706966,41.389404
621,11.25,823.3924,1,201,36.18293,41.5557,41.603973,42.446644,47.718285,41.38051
622,11.5,823.1725,1,201,36.217506,41.551277,41.61897,42.466145,47.730145,41.3728
623,11.75,822.95337,1,201,36.251736,41.547928,41.634262,42.485924,47.742565,41.36626
624,12.0,822.6291,1,201,36.31524,41.55277,41.724537,42.562878,47.79446,41.438908
625,12.25,822.3875,1,201,36.35219,41.561043,41.74461,42.58763,47.814312,41.44397
626,12.5,822.1432,1,201,36.389355,41.571907,41.765614,42.613335,47.835682,41.451237
627,12.75,821.897,1,201,36.42664,41.584946,41.787376,42.6398,47.858303,41.460426
628,13.0,821.30396,1,201,36.55178,41.66534,42.026905,42.837955,48.01131,41.55534
629,13.25,800.49225,1,201,39.53855,43.184456,43.942875,45.1398,50.105114,42.890526
630,13.5,799.89514,1,201,39.624794,43.28447,44.013165,45.22,50.193947,42.98525
631,13.75,799.30316,1,201,39.71027,43.383583,44.082848,45.299496,50.28199,43.079273
632,14.0,794.2457,1,201,40.493526,44.045105,44.88908,46.11652,51.06193,43.779716
633,14.25,491.92413,1,201,35.9405,41.79102,41.830498,42.435375,47.74052,41.78582
634,14.5,492.70892,1,201,35.887257,41.740738,41.79114,42.38997,47.692,41.748737
635,14.75,493.4869,1,201,35.834415,41.690895,41.752098,42.344913,47.643875,41.71153
636,15.0,509.6712,1,201,34.820686,40.403614,31.885967,36.302574,44.04984,40.75223
637,15.25,511.05292,1,201,34.723732,40.300835,31.785244,36.202427,43.948654,40.656216
638,15.5,512.4278,1,201,34.62705,40.198296,31.684916,36.102657,43.847878,40.560024
639,15.75,827.54877,1,201,35.757496,40.99477,32.67631,37.14028,44.80272,41.154655
640,16.0,826.9344,1,201,39.278294,41.06183,32.826126,37.29165,44.93337,41.208973
641,16.25,826.826,1,201,39.292046,41.041798,32.816963,37.284782,44.922432,41.195194
642,16.5,826.7205,1,201,39.305164,41.022034,32.807907,37.277985,44.911644,41.181316
643,16.75,826.61835,1,201,39.317814,41.002544,32.798946,37.271225,44.900993,41.16731
644,17.0,826.377,1,201,39.3642,41.01692,32.899292,37.37012,44.98201,41.18504
645,17.25,826.2695,1,201,39.37794,41.000645,32.89316,37.366062,44.97435,41.175045
646,17.5,826.16455,1,201,39.391296,40.98486,32.887268,37.36218,44.96698,41.165108
647,17.75,826.0623,1,201,39.40428,40.96961,32.881657,37.358513,44.959927,41.1553
648,18.0,825.7675,1,201,39.481888,41.021606,33.097584,37.568157,45.138233,41.24284
649,18.25,825.64734,1,201,39.498077,41.013615,33.098507,37.570625,45.13773,41.242058
650,18.5,825.52905,1,201,39.514023,41.006477,33.09992,37.57351,45.13776,41.24158
651,18.75,825.4123,1,201,39.529762,41.000256,33.101852,37.576847,45.13839,41.241474
652,19.0,825.2582,1,201,39.54707,40.992184,33.10429,37.580887,45.139317,41.25445
653,19.25,825.1436,1,201,39.562572,40.987556,33.107193,37.585068,45.141014,41.25515
654,19.5,825.03033,1,201,39.577938,40.98396,33.110703,37.589783,45.143383,41.256348
655,19.75,824.91833,1,201,39.593174,40.981434,33.11484,37.595055,45.146454,41.258064
656,20.0,825.16534,1,201,39.491154,40.916492,32.70956,37.20462,44.820953,41.185802
657,20.25,825.1045,1,201,39.497993,40.901817,32.702057,37.1986,44.812294,41.169697
658,20.5,825.04565,1,201,39.504604,40.88803,32.695087,37.193043,44.804234,41.15447
659,20.75,824.9889,1,201,39.511,40.875122,32.68865,37.187943,44.796757,41.14011
660,21.0,825.0531,1,201,39.457756,40.79911,32.44742,36.96039,44.600006,41.0219
661,21.25,825.02704,1,201,39.459026,40.77868,32.43388,36.948357,44.585278,40.997074
662,21.5,825.0036,1,201,39.46003,40.75907,32.42084,36.93675,44.571106,40.9733
663,21.75,824.9826,1,201,39.460777,40.740265,32.408295,36.925552,44.55748,40.950546
664,22.0,825.3916,1,201,35.77601,40.453705,31.714413,36.28173,43.989834,40.56643
665,22.25,825.5383,1,201,35.751987,40.407383,31.673643,36.242363,43.948032,40.511723
666,22.5,825.6893,1,201,35.727528,40.36164,31.63322,36.203278,43.90662,40.458096
667,22.75,825.84375,1,201,35.702663,40.316483,31.593163,36.16449,43.86561,40.40552
668,23.0,827.07874,1,201,35.240658,39.800865,30.50936,35.180176,43.034798,39.78423
669,23.25,827.4037,1,201,35.19104,39.72531,30.438847,35.111427,42.9624,39.697124
670,23.5,827.73114,1,201,35.141144,39.650448,30.368843,35.043125,42.890575,39.61133
671,23.75,828.06085,1,201,35.09099,39.576256,30.29935,34.97526,42.819332,39.526802
672,0.0,823.76556,1,201,29.574947,39.969833,31.157892,35.765842,43.467117,39.988014
673,0.25,823.7228,1,201,29.579756,39.941723,31.13713,35.746998,43.445038,39.952785
674,0.5,823.6825,1,201,29.584175,39.91452,31.117054,35.728756,43.4237,39.918816
675,0.75,823.64465,1,201,29.58822,39.88821,31.097645,35.711105,43.403076,39.886063
676,1.0,824.399,1,201,28.924671,39.192444,29.574793,34.33915,42.29248,38.988937
677,1.25,824.5554,1,201,28.897655,39.127155,29.516937,34.283928,42.231766,38.909573
678,1.5,824.7191,1,201,28.869753,39.06236,29.459276,34.228817,42.171368,38.83132
679,1.75,824.8898,1,201,28.841024,38.998062,29.401823,34.173824,42.11131,38.754147
680,2.0,824.57605,1,201,29.335005,39.406246,30.507803,35.164436,42.860825,39.276073
681,2.25,824.59827,1,201,29.329603,39.37458,30.481836,35.140167,42.83375,39.239178
682,2.5,824.6243,1,201,29.323708,39.343624,30.456348,35.11629,42.807148,39.203236
683,2.75,824.6539,1,201,29.317339,39.31338,30.431347,35.092823,42.781094,39.168232
684,3.0,824.68256,1,201,29.326612,39.275505,30.429178,35.088936,42.767128,39.08132
685,3.25,824.7177,1,201,29.319515,39.2461,30.404802,35.06598,42.74188,39.047375
686,3.5,824.7558,1,201,29.312017,39.217392,30.380913,35.043427,42.717144,39.014317
687,3.75,824.797,1,201,29.304153,39.18936,30.357489,35.021282,42.692917,38.98213
688,4.0,823.89935,1,201,29.95965,39.501705,31.827145,36.393032,43.844875,39.52014
689,4.25,823.7441,1,201,29.983097,39.54146,31.861221,36.426098,43.87983,39.562622
690,4.5,823.5873,1,201,30.006718,39.580643,31.894949,36.458805,43.91442,39.60445
691,4.75,823.4292,1,201,30.030493,39.61929,31.928394,36.491276,43.948692,39.645676
692,5.0,825.9894,1,201,35.668667,39.50026,31.51654,36.089256,43.60153,39.45023
693,5.25,826.05835,1,201,35.661087,39.5114,31.521076,36.09247,43.607086,39.463703
694,5.5,826.12445,1,201,35.653774,39.521652,31.525148,36.0953,43.612118,39.476334
695,5.75,826.188,1,201,35.64672,39.531048,31.528767,36.09775,43.616642,39.488144
696,6.0,823.40204,1,201,35.81316,39.63642,31.785826,36.354813,43.840946,39.61739
697,6.25,823.22906,1,201,35.838875,39.667633,31.8151,36.383698,43.870506,39.64945
698,6.5,823.0562,1,201,35.864574,39.698566,31.844185,36.412415,43.899868,39.68119
699,6.75,822.88324,1,201,35.89026,39.729225,31.873081,36.440956,43.929024,39.712616
700,7.0,822.77124,1,201,39.245525,39.66029,31.443874,36.039223,43.59258,39.55592
701,7.25,822.6358,1,201,39.264076,39.663242,31.451828,36.048187,43.599728,39.558556
702,7.5,822.5003,1,201,39.28266,39.667835,31.460918,36.0582,43.608086,39.562458
703,7.75,822.365,1,201,39.30131,39.673763,31.47094,36.069057,43.61744,39.567432
704,8.0,822.0,1,201,39.388725,39.727657,31.72637,36.313587,43.820446,39.626205
705,8.25,821.82806,1,201,39.413742,39.750538,31.749865,36.337223,43.843838,39.647873
706,8.5,821.6566,1,201,39.43867,39.773457,31.773355,36.36084,43.867226,39.6696
707,8.75,811.2297,1,201,40.877182,40.40494,32.681408,37.324024,44.732822,40.223984
708,9.0,825.5991,1,201,39.229492,39.78613,31.454973,36.04185,43.628258,39.635563
709,9.25,825.7576,1,201,39.20655,39.764347,31.432959,36.019756,43.606308,39.617
710,9.5,825.9152,1,201,39.183716,39.74269,31.411064,35.997776,43.58448,39.598354
711,9.75,826.07214,1,201,39.160976,39.72115,31.389263,35.97589,43.562748,39.57962
712,10.0,826.1285,1,201,39.154366,39.71266,31.416927,36.000687,43.58076,39.616173
713,10.25,826.2724,1,201,39.133675,39.694355,31.397991,35.98158,43.56196,39.601128
714,10.5,826.4155,1,201,39.11309,39.676098,31.37911,35.962532,43.54321,39.585922
715,10.75,826.55786,1,201,39.092617,39.657883,31.360289,35.943554,43.524513,39.57057
716,11.0,827.19745,1,201,35.476723,39.556675,31.051239,35.646606,43.273464,39.43522
717,11.25,827.418,1,201,35.44433,39.523144,31.018126,35.61357,43.24028,39.402702
718,11.5,827.6381,1,201,35.41202,39.48977,30.98514,35.58067,43.207233,39.370304
719,11.75,827.8576,1,201,35.379803,39.456547,30.952288,35.54789,43.174324,39.338028
720,12.0,827.99097,1,201,35.37894,39.459713,31.003511,35.59323,43.211296,39.405098
721,12.25,828.1947,1,201,35.34932,39.432144,30.975454,35.56504,43.18334,39.379665
722,12.5,828.3976,1,201,35.31981,39.404602,30.947435,35.5369,43.155422,39.354137
723,12.75,828.59955,1,201,35.29041,39.37708,30.919464,35.508812,43.127544,39.328545
724,13.0,828.64325,1,201,35.332382,39.416134,31.085575,35.66186,43.25535,39.38711
725,13.25,828.8103,1,201,35.309055,39.40391,31.06992,35.645477,43.24028,39.376465
726,13.5,828.9762,1,201,35.285816,39.39086,31.053741,35.628624,43.224632,39.365093
727,13.75,829.141,1,201,35.26267,39.377106,31.037106,35.61137,43.208492,39.353085
728,14.0,829.13605,1,201,35.331383,39.412243,31.27764,35.836895,43.393593,39.47455
729,14.25,829.2564,1,201,35.316467,39.42141,31.278574,35.836197,43.395813,39.48444
730,14.5,829.37427,1,201,35.301807,39.429474,31.278893,35.83497,43.397354,39.493404
731,14.75,829.48956,1,201,35.287384,39.43646,31.278597,35.833218,43.398205,39.501427
732,15.0,829.46204,1,201,35.367237,39.513767,31.563496,36.10365,43.6314,39.621925
733,15.25,829.5394,1,201,35.359142,39.53077,31.571436,36.1098,43.64068,39.641235
734,15.5,829.6131,1,201,35.35142,39.54684,31.578928,36.115597,43.64945,39.65965
735,15.75,829.6834,1,201,35.34406,39.561993,31.585974,36.12104,43.657696,39.677174
736,16.0,829.63776,1,201,38.794933,39.616394,31.711578,36.24473,43.768135,39.736053
737,16.25,829.63184,1,201,38.797947,39.637253,31.72596,36.257816,43.783447,39.759113
738,16.5,829.6221,1,201,38.801308,39.657425,31.740067,36.270714,43.79843,39.781483
739,16.75,829.6089,1,201,38.805042,39.676926,31.753893,36.283405,43.81308,39.803177
740,17.0,829.53955,1,201,38.835373,39.717396,31.87097,36.39596,43.913036,39.852688
741,17.25,829.50323,1,201,38.842247,39.73917,31.887291,36.411243,43.930202,39.87704
742,17.5,829.46436,1,201,38.8494,39.760345,31.90334,36.426308,43.947037,39.900745
743,17.75,829.4231,1,201,38.856808,39.78093,31.91912,36.441166,43.963562,39.92382
744,18.0,829.282,1,201,38.923412,39.866856,32.166546,36.676052,44.169445,40.05504
745,18.25,829.2036,1,201,38.936268,39.89528,32.189034,36.69752,44.192963,40.08663
746,18.5,829.1229,1,201,38.949375,39.92313,32.211266,36.718784,44.216167,40.117577
747,18.75,829.0401,1,201,38.96272,39.950436,32.23326,36.73986,44.239086,40.14788
748,19.0,828.9247,1,201,38.976963,39.972084,32.253128,36.759197,44.259483,40.1893
749,19.25,828.83636,1,201,38.9909,39.997963,32.274487,36.779766,44.28163,40.218212
750,19.5,828.7467,1,201,39.00499,40.02337,32.29562,36.800156,44.30351,40.246548
751,19.75,828.6556,1,201,39.01924,40.04831,32.316525,36.82036,44.32512,40.274323
752,20.0,828.82623,1,201,38.920555,40.00144,31.911118,36.43048,44.00372,40.20531
753,20.25,828.7949,1,201,38.92516,40.006195,31.91588,36.435226,44.008495,40.211678
754,20.5,828.76355,1,201,38.929783,40.01108,31.920729,36.440052,44.013367,40.21804
755,20.75,828.73206,1,201,38.934425,40.01608,31.92565,36.444942,44.01831,40.224373
756,21.0,828.74945,1,201,38.889885,39.99716,31.720865,36.250313,43.860374,40.154694
757,21.25,828.74536,1,201,38.889313,39.987072,31.713993,36.244102,43.85298,40.145107
758,21.5,828.7426,1,201,38.888634,39.97768,31.707548,36.23825,43.846058,40.136047
759,21.75,828.741,1,201,38.88785,39.968803,31.701408,36.232674,43.839474,40.127388
760,22.0,829.17096,1,201,35.207317,39.736664,31.035189,35.611908,43.303593,39.79988
761,22.25,829.3325,1,201,35.18195,39.695686,30.998241,35.575947,43.265903,39.75412
762,22.5,829.4963,1,201,35.15636,39.655247,30.961647,35.5403,43.228596,39.70919
763,22.75,829.662,1,201,35.13057,39.61533,30.925406,35.504948,43.19168,39.665073
764,23.0,830.9239,1,201,34.66861,39.127655,29.856651,34.534504,42.374523,39.080177
765,23.25,831.24927,1,201,34.619106,39.05589,29.789259,34.46863,42.305508,38.998894
766,23.5,831.57635,1,201,34.56939,38.98474,29.722338,34.403168,42.23702,38.91872
767,23.75,831.905,1,201,34.519497,38.9142,29.655872,34.338108,42.16905,38.839615
768,0.0,827.62555,1,201,29.00263,39.28672,30.500793,35.115448,42.805393,39.279846
769,0.25,827.5834,1,201,29.007444,39.262768,30.483486,35.099777,42.786938,39.250885
770,0.5,827.5434,1,201,29.011919,39.239697,30.466833,35.084682,42.769173,39.223015
771,0.75,827.50574,1,201,29.016064,39.217495,30.45081,35.070152,42.752094,39.19621
772,1.0,828.21716,1,201,28.359213,38.557785,28.95404,33.72325,41.666447,38.339283
773,1.25,828.3732,1,201,28.332401,38.49482,28.898048,33.669758,41.6078,38.263332
774,1.5,828.5362,1,201,28.304775,38.43235,28.842266,33.616394,41.549477,38.1884
775,1.75,828.7055,1,201,28.276392,38.370373,28.7867,33.563156,41.49149,38.114445
776,2.0,828.4031,1,201,28.767956,38.762276,29.881222,34.542965,42.230667,38.619194
777,2.25,828.4258,1,201,28.7627,38.733875,29.857962,34.521194,42.206524,38.58692
778,2.5,828.4518,1,201,28.757025,38.706196,29.835178,34.499813,42.1828,38.55556
779,2.75,828.4809,1,201,28.750957,38.679214,29.812881,34.47885,42.15962,38.525078
780,3.0,828.50836,1,201,28.760689,38.64511,29.814068,34.47804,42.149384,38.442856
781,3.25,828.542,1,201,28.754023,38.618862,29.79234,34.45754,42.126873,38.41311
782,3.5,828.57825,1,201,28.747025,38.593292,29.77108,34.437435,42.104866,38.3842
783,3.75,828.6171,1,201,28.739717,38.56839,29.750275,34.417736,42.083355,38.3561
784,4.0,827.69666,1,201,29.399307,38.894592,31.2384,35.80766,43.253265,38.913723
785,4.25,827.5359,1,201,29.423702,38.93707,31.274532,35.842613,43.290405,38.959232
786,4.5,827.37335,1,201,29.448298,38.978977,31.310377,35.877323,43.327217,39.004078
787,4.75,827.2092,1,201,29.473083,39.02034,31.345932,35.911797,43.3637,39.048283
788,5.0,829.79614,1,201,35.10682,38.889282,30.92358,35.499798,43.00587,38.841763
789,5.25,829.862,1,201,35.099987,38.90351,30.930334,35.505062,43.01377,38.85853
790,5.5,829.92474,1,201,35.093468,38.916832,30.936626,35.509953,43.02115,38.874416
791,5.75,829.9847,1,201,35.087227,38.929276,30.942469,35.514473,43.02801,38.889454
792,6.0,827.15076,1,201,35.26029,39.049442,31.212255,35.783844,43.26546,39.032516
793,6.25,826.9707,1,201,35.28724,39.08341,31.243767,35.81486,43.297333,39.067627
794,6.5,826.79034,1,201,35.314186,39.117054,31.275066,35.84569,43.32898,39.102367
795,6.75,826.61,1,201,35.34113,39.15037,31.306149,35.87632,43.360394,39.13673
796,7.0,826.51227,1,201,38.69346,39.06908,30.866718,35.46489,43.013184,38.968136
797,7.25,826.3676,1,201,38.713726,39.077038,30.878613,35.477577,43.024437,38.97566
798,7.5,826.22327,1,201,38.733932,39.086075,30.891243,35.49094,43.036488,38.98404
799,7.75,826.07935,1,201,38.754147,39.096046,30.9045,35.504864,43.049213,38.993168
800,8.0,825.69257,1,201,38.845387,39.160355,31.168715,35.757786,43.261345,39.0625
801,8.25,825.51245,1,201,38.871765,39.185802,31.194374,35.7835,43.286964,39.08707
802,8.5,825.33295,1,201,38.89806,39.21122,31.219992,35.809166,43.312546,39.11162
803,8.75,825.1539,1,201,38.92428,39.2366,31.245558,35.834778,43.338074,39.136158
804,9.0,829.16125,1,201,38.69952,39.17475,30.87072,35.463203,43.03954,39.0336
805,9.25,829.31635,1,201,38.67767,39.159912,30.853725,35.445732,43.02292,39.021034
806,9.5,829.47034,1,201,38.65592,39.14469,30.836502,35.428062,43.00605,39.00804
807,9.75,829.62335,1,201,38.63427,39.129154,30.819094,35.410244,42.988976,38.99468
808,10.0,829.67773,1,201,38.6282,39.123276,30.848984,35.437138,43.009323,39.03411
809,10.25,829.81744,1,201,38.60864,39.110706,30.834253,35.42192,42.994965,39.024223
810,10.5,829.956,1,201,38.589176,39.09779,30.81931,35.406532,42.98038,39.013905
811,10.75,830.09344,1,201,38.569828,39.084557,30.804188,35.390987,42.965595,39.003185
812,11.0,830.711,1,201,34.95814,38.9975,30.504747,35.102894,42.72478,38.8791
813,11.25,830.9248,1,201,34.92687,38.96727,30.474306,35.072395,42.69439,38.850136
814,11.5,831.1378,1,201,34.895706,38.937096,30.443928,35.041958,42.664055,38.821186
815,11.75,831.35016,1,201,34.864635,38.906967,30.413612,35.01159,42.633778,38.792248
816,12.0,831.48096,1,201,34.86418,38.91052,30.46553,35.05763,42.67142,38.860733
817,12.25,831.67737,1,201,34.835754,38.88616,30.440071,35.031914,42.646168,38.838604
818,12.5,831.8728,1,201,34.80744,38.861702,30.41457,35.006165,42.62087,38.816273
819,12.75,832.0673,1,201,34.779247,38.837147,30.38904,34.980404,42.59552,38.79377
820,13.0,832.11694,1,201,34.820023,38.870117,30.551231,35.12987,42.71913,38.848675
821,13.25,832.2761,1,201,34.798126,38.862366,30.539038,35.11674,42.70768,38.84206
822,13.5,832.43427,1,201,34.776257,38.85333,30.525986,35.102848,42.6953,38.83439
823,13.75,832.5911,1,201,34.75445,38.84321,30.51223,35.08831,42.682163,38.825813
824,14.0,832.58356,1,201,34.824318,38.883743,30.75736,35.318165,42.8721,38.95329
825,14.25,832.6981,1,201,34.810352,38.894615,30.759708,35.31882,42.875774,38.965027
826,14.5,832.81,1,201,34.79666,38.90442,30.761457,35.31897,42.87879,38.975834
827,14.75,832.9193,1,201,34.783234,38.913143,30.762608,35.31861,42.881138,38.985714
828,15.0,832.89325,1,201,34.864056,38.997772,31.05275,35.593853,43.119953,39.113186
829,15.25,832.9637,1,201,34.857006,39.016064,31.061884,35.601177,43.13044,39.133934
830,15.5,833.0306,1,201,34.85034,39.03347,31.070597,35.60817,43.140438,39.153812
831,15.75,833.09393,1,201,34.844044,39.04997,31.078875,35.614815,43.149937,39.172806
832,16.0,833.0394,1,201,38.29599,39.107662,31.207188,35.7411,43.26319,39.234917
833,16.25,833.0232,1,201,38.30046,39.130005,31.223059,35.755684,43.27999,39.25956
834,16.5,833.00336,1,201,38.305275,39.15169,31.238668,35.770084,43.296486,39.283527
835,16.75,832.98016,1,201,38.31044,39.172714,31.254,35.78427,43.312637,39.306816
836,17.0,832.89465,1,201,38.34298,39.21593,31.37381,35.899517,43.415302,39.35913
837,17.25,832.8488,1,201,38.351257,39.239227,31.391613,35.916275,43.433952,39.385056
838,17.5,832.8004,1,201,38.359806,39.26193,31.409145,35.93282,43.452286,39.41034
839,17.75,832.74963,1,201,38.368595,39.284046,31.426416,35.949158,43.470303,39.43499
840,18.0,832.58795,1,201,38.43804,39.374325,31.677944,36.188038,43.680264,39.57051
841,18.25,832.5001,1,201,38.452282,39.40419,31.701864,36.21093,43.70521,39.603573
842,18.5,832.4099,1,201,38.46677,39.43348,31.725521,36.233624,43.72985,39.635986
843,18.75,832.3178,1,201,38.48149,39.46223,31.748945,36.256126,43.754196,39.667763
844,19.0,832.19244,1,201,38.49715,39.485226,31.770214,36.276863,43.77599,39.710598
845,19.25,832.09515,1,201,38.51244,39.512592,31.793013,36.29887,43.799587,39.74101
846,19.5,831.9964,1,201,38.52789,39.539486,31.815582,36.320686,43.822914,39.77084
847,19.75,831.89624,1,201,38.543484,39.565918,31.837925,36.342316,43.84597,39.80011
848,20.0,832.07935,1,201,38.44326,39.514637,31.428528,35.948647,43.520554,39.727055
849,20.25,832.03955,1,201,38.449192,39.521366,31.435032,35.955086,43.527107,39.73531
850,20.5,831.99963,1,201,38.455135,39.528152,31.441578,35.961567,43.533703,39.743507
851,20.75,831.95966,1,201,38.461098,39.534985,31.448154,35.96807,43.540333,39.75162
852,21.0,831.9759,1,201,38.41726,39.51918,31.245342,35.77523,43.38451,39.68416
853,21.25,831.96387,1,201,38.417877,39.51031,31.239689,35.770237,43.37833,39.675995
854,21.5,831.9532,1,201,38.418396,39.502167,31.234474,35.765614,43.372643,39.668358
855,21.75,831.9435,1,201,38.418816,39.494556,31.22958,35.761272,43.367313,39.661114
856,22.0,832.34125,1,201,34.74311,39.270195,30.569841,35.14678,42.83808,39.340572
857,22.25,832.4922,1,201,34.719177,39.23048,30.534224,35.112164,42.80171,39.29623
858,22.5,832.6454,1,201,34.695004,39.191303,30.498955,35.077843,42.765724,39.25272
859,22.75,832.8008,1,201,34.67062,39.15265,30.464031,35.043827,42.730114,39.210003
860,23.0,834.0018,1,201,34.2156,38.6732,29.40324,34.0814,41.920776,38.633266
861,23.25,834.3167,1,201,34.16746,38.60272,29.337168,34.016846,41.85307,38.55334
862,23.5,834.63354,1,201,34.119106,38.532852,29.271547,33.952694,41.78588,38.474514
863,23.75,834.95215,1,201,34.070557,38.46358,29.206383,33.888935,41.7192,38.39674
864,0.0,830.69727,1,201,28.549938,38.83083,30.046764,34.66179,42.351097,38.83224
865,0.25,830.6488,1,201,28.555773,38.807896,30.03048,34.647137,42.333664,38.804413
866,0.5,830.60254,1,201,28.561268,38.78585,30.01485,34.63306,42.316936,38.77767
867,0.75,830.55853,1,201,28.566444,38.764687,29.999866,34.61956,42.3009,38.75199
868,1.0,831.2876,1,201,27.909689,38.10999,28.50629,33.27545,41.21873,37.90051
869,1.25,831.43164,1,201,27.884495,38.04824,28.451616,33.223305,41.161366,37.825764
870,1.5,831.58264,1,201,27.858446,37.986973,28.39713,33.171265,41.10431,37.752018
871,1.75,831.74036,1,201,27.831614,37.926197,28.342844,33.11934,41.047577,37.679264
872,2.0,831.4354,1,201,28.322306,38.315063,29.43512,34.097088,41.78441,38.181
873,2.25,831.44763,1,201,28.318962,38.29177,29.41649,34.079723,41.765057,38.162308
874,2.5,831.4617,1,201,28.315426,38.269627,29.398762,34.063152,41.746548,38.14571
875,2.75,831.4782,1,201,28.311588,38.24824,29.381573,34.04706,41.728634,38.12968
876,3.0,831.4923,1,201,28.323696,38.220306,29.388308,34.051537,41.724094,38.062305
877,3.25,831.512,1,201,28.319483,38.200016,29.371986,34.036198,41.70715,38.047047
878,3.5,831.53375,1,201,28.315033,38.180492,29.356224,34.02135,41.690804,38.032352
879,3.75,831.55743,1,201,28.310375,38.161743,29.341019,34.006996,41.67504,38.018227
880,4.0,830.53674,1,201,28.981585,38.50354,30.841866,35.40936,42.858227,38.58165
881,4.25,830.3624,1,201,29.007906,38.547462,30.879576,35.445995,42.896866,38.626152
882,4.5,830.1869,1,201,29.034399,38.590797,30.916931,35.48226,42.935146,38.670074
883,4.75,830.00995,1,201,29.06105,38.633556,30.953976,35.518265,42.97308,38.713432
884,5.0,832.6908,1,201,34.687023,38.49213,30.521105,35.095486,42.6048,38.50305
885,5.25,832.7452,1,201,34.681866,38.507908,30.529284,35.1022,42.614113,38.5184
886,5.5,832.79553,1,201,34.677116,38.522823,30.537085,35.108624,42.62298,38.53306
887,5.75,832.8419,1,201,34.672745,38.536873,30.5445,35.114754,42.631393,38.54702
888,6.0,829.88257,1,201,34.859364,38.668964,30.827772,35.39801,42.881966,38.694782
889,6.25,829.6914,1,201,34.887955,38.7043,30.86066,35.43043,42.915195,38.729267
890,6.5,829.50006,1,201,34.916523,38.739277,30.893309,35.462635,42.94817,38.763447
891,6.75,829.30896,1,201,34.94506,38.773884,30.925697,35.49461,42.980877,38.797306
892,7.0,829.21423,1,201,38.297543,38.68611,30.482334,35.079643,42.62947,38.628708
893,7.25,829.05817,1,201,38.319675,38.697285,30.496838,35.09487,42.643406,38.636288
894,7.5,828.9029,1,201,38.34163,38.709038,30.511732,35.110435,42.65776,38.64457
895,7.75,828.7484,1,201,38.363503,38.721317,30.526962,35.1263,42.67248,38.65349
896,8.0,828.3393,1,201,38.457737,38.790733,30.795296,35.383224,42.888813,38.722694
897,8.25,828.1496,1,201,38.485542,38.81725,30.82207,35.410084,42.915524,38.746857
898,8.5,827.96075,1,201,38.51324,38.843678,30.848763,35.436855,42.942154,38.771065
899,8.75,827.77246,1,201,38.540848,38.87003,30.87537,35.463547,42.9687,38.79531
900,9.0,831.8161,1,201,38.31312,38.80638,30.497965,35.08923,42.667747,38.69209
901,9.25,831.96075,1,201,38.29271,38.792503,30.482021,35.07285,42.652157,38.679108
902,9.5,832.10455,1,201,38.27237,38.778168,30.4658,35.056217,42.636257,38.665733
903,9.75,832.2475,1,201,38.252113,38.763447,30.449345,35.03939,42.620102,38.652035
904,10.0,832.297,1,201,38.24681,38.757812,30.479525,35.066597,42.640717,38.690727
905,10.25,832.4268,1,201,38.228603,38.746025,30.465706,35.052338,42.627247,38.68061
906,10.5,832.5556,1,201,38.210484,38.733833,30.451647,35.037876,42.61351,38.670094
907,10.75,832.6834,1,201,38.192455,38.72131,30.437395,35.023247,42.599556,38.659218
908,11.0,833.26044,1,201,34.585083,38.63752,30.142103,34.739487,42.36274,38.53712
909,11.25,833.46497,1,201,34.555058,38.607967,30.112478,34.70984,42.333126,38.508144
910,11.5,833.66895,1,201,34.525124,38.57847,30.082912,34.68025,42.303577,38.479225
911,11.75,833.87225,1,201,34.495274,38.549023,30.053406,34.65073,42.27409,38.450367
912,12.0,833.9985,1,201,34.495533,38.552544,30.105421,34.696903,42.311806,38.518276
913,12.25,834.1863,1,201,34.468296,38.52891,30.080801,34.672054,42.287365,38.49636
914,12.5,834.37317,1,201,34.44116,38.50517,30.056131,34.647167,42.26287,38.47426
915,12.75,834.5592,1,201,34.41413,38.481335,30.031431,34.622265,42.23833,38.452015
916,13.0,834.6096,1,201,34.45491,38.51286,30.192482,34.770653,42.360752,38.5056
917,13.25,834.76105,1,201,34.434143,38.506104,30.181292,34.758537,42.350296,38.499462
918,13.5,834.9113,1,201,34.4134,38.49799,30.169195,34.74561,42.338867,38.492256
919,13.75,835.0605,1,201,34.392704,38.488735,30.156357,34.732014,42.326637,38.484142
920,14.0,835.0554,1,201,34.462746,38.5304,30.40203,34.96229,42.517197,38.61183
921,14.25,835.1634,1,201,34.449734,38.541702,30.404966,34.963577,42.52143,38.62384
922,14.5,835.2687,1,201,34.436993,38.55194,30.407295,34.96434,42.525,38.634907
923,14.75,835.3714,1,201,34.424526,38.561115,30.409046,34.964603,42.52792,38.645058
924,15.0,835.35077,1,201,34.505157,38.646812,30.699524,35.240063,42.767155,38.773045
925,15.25,835.414,1,201,34.499115,38.665546,30.709297,35.248055,42.778248,38.79412
926,15.5,835.4737,1,201,34.493465,38.68341,30.718643,35.255726,42.78886,38.814335
927,15.75,835.52985,1,201,34.488167,38.700386,30.727568,35.263054,42.79898,38.83369
928,16.0,835.4596,1,201,37.941643,38.75941,30.857477,35.39099,42.913776,38.896862
929,16.25,835.4334,1,201,37.94745,38.782448,30.8743,35.406567,42.931488,38.92208
930,16.5,835.4039,1,201,37.953568,38.804848,30.890842,35.421947,42.948883,38.946632
931,16.75,835.37146,1,201,37.96,38.826603,30.907106,35.437115,42.965942,38.970528
932,17.0,835.2715,1,201,37.994392,38.87114,31.028467,35.55397,43.070126,39.02394
933,17.25,835.21686,1,201,38.003876,38.895218,31.04721,35.571693,43.089695,39.050526
934,17.5,835.16,1,201,38.013603,38.91871,31.065683,35.589207,43.108944,39.076477
935,17.75,835.10095,1,201,38.02356,38.94163,31.083893,35.60651,43.12788,39.101803
936,18.0,834.9222,1,201,38.095184,39.03413,31.337694,35.84769,43.340115,39.239185
937,18.25,834.8264,1,201,38.110558,39.06481,31.362558,35.87155,43.365982,39.272964
938,18.5,834.72845,1,201,38.126167,39.094933,31.387165,35.89521,43.39155,39.306103
939,18.75,834.6287,1,201,38.141987,39.124523,31.411528,35.91867,43.416817,39.338615
940,19.0,834.4953,1,201,38.158787,39.148304,31.433737,35.940376,43.43953,39.382156
941,19.25,834.3906,1,201,38.175144,39.176533,31.45748,35.963345,43.464054,39.413322
942,19.5,834.28455,1,201,38.191654,39.204292,31.480993,35.98611,43.488304,39.443924
943,19.75,834.1771,1,201,38.208294,39.2316,31.504274,36.008698,43.51229,39.47397
944,20.0,834.3696,1,201,38.10714,39.177998,31.092817,35.61303,43.184776,39.39896
945,20.25,834.323,1,201,38.114082,39.18579,31.10036,35.62051,43.19237,39.408115
946,20.5,834.2763,1,201,38.121044,39.193615,31.107927,35.628006,43.19999,39.417194
947,20.75,834.2296,1,201,38.12801,39.201466,31.115509,35.63552,43.207623,39.426193
948,21.0,834.24493,1,201,38.084633,39.1871,30.913666,35.443565,43.052822,39.35977
949,21.25,834.2267,1,201,38.086155,39.17892,30.908773,35.43934,43.047394,39.35228
950,21.5,834.2098,1,201,38.087585,39.171524,30.904348,35.435524,43.0425,39.34535
951,21.75,834.19403,1,201,38.08892,39.16467,30.90026,35.431995,43.037964,39.33882
952,22.0,834.57306,1,201,34.416134,38.944866,30.244474,34.821354,42.512756,39.022133
953,22.25,834.7159,1,201,34.39328,38.90595,30.209742,34.78764,42.477257,38.978592
954,22.5,834.8612,1,201,34.37018,38.867584,30.175362,34.754227,42.442142,38.93589
955,22.75,835.00867,1,201,34.346848,38.829742,30.141321,34.72111,42.40741,38.893982
956,23.0,836.1641,1,201,33.896954,38.355743,29.086094,33.76431,41.603558,38.322353
957,23.25,836.4715,1,201,33.84982,38.28612,29.020912,33.700657,41.536728,38.243282
958,23.5,836.78076,1,201,33.802456,38.217106,28.95618,33.637405,41.470417,38.165295
959,23.75,837.092,1,201,33.754887,38.14869,28.891901,33.574543,41.40461,38.088364
960,0.0,832.8511,1,201,28.231907,38.51265,29.729454,34.344627,42.033684,38.520996
961,0.25,832.798,1,201,28.23848,38.49038,29.713844,34.330654,42.016933,38.493847
962,0.5,832.7472,1,201,28.24472,38.469013,29.698904,34.31727,42.000885,38.467793
963,0.75,832.69855,1,201,28.250645,38.448532,29.684614,34.304455,41.985542,38.442802
964,1.0,833.4456,1,201,27.593393,37.796585,28.19259,32.961594,40.90518,37.594246
965,1.25,833.58057,1,201,27.569393,37.735683,28.13885,32.910404,40.84872,37.520306
966,1.5,833.72266,1,201,27.544657,37.676308,28.086191,32.860153,40.79353,37.44987
967,1.75,833.86224,1,201,27.52175,37.63104,28.045649,32.821125,40.751343,37.41375
968,2.0,833.53906,1,201,28.014353,38.028454,29.145956,33.806534,41.496197,37.95439
969,2.25,833.54144,1,201,28.012606,38.007645,29.12964,33.791412,41.47917,37.93874
970,2.5,833.5457,1,201,28.010622,37.987637,29.11391,33.776806,41.462685,37.923683
971,2.75,833.55194,1,201,28.008417,37.968437,29.098776,33.76273,41.446846,37.90923
972,3.0,833.5547,1,201,28.022305,37.94327,29.107954,33.769604,41.444725,37.84385
973,3.25,833.5633,1,201,28.019827,37.925182,29.093708,33.75631,41.429882,37.83022
974,3.5,833.57367,1,201,28.017143,37.907883,29.080044,33.74353,41.415657,37.817173
975,3.75,833.58606,1,201,28.014248,37.89138,29.066938,33.73126,41.40203,37.804714
976,4.0,832.4799,1,201,28.69539,38.245625,30.577078,35.142746,42.594982,38.370213
977,4.25,832.2957,1,201,28.723137,38.290134,30.6156,35.18027,42.634377,38.413166
978,4.5,832.1105,1,201,28.751026,38.334076,30.65376,35.217403,42.673412,38.455643
979,4.75,831.92395,1,201,28.779045,38.37745,30.691608,35.254265,42.712097,38.497654
980,5.0,834.68823,1,201,34.39828,38.229412,30.251265,34.823612,42.33652,38.286827
981,5.25,834.73004,1,201,34.394722,38.245865,30.260353,34.831318,42.346676,38.300045
982,5.5,834.76794,1,201,34.39155,38.26149,30.269087,34.838757,42.35641,38.31281
983,5.75,834.80225,1,201,34.388714,38.27629,30.277443,34.845898,42.36571,38.32509
984,6.0,831.7447,1,201,34.585827,38.415737,30.569828,35.13871,42.625015,38.473892
985,6.25,831.5456,1,201,34.615574,38.451706,30.603447,35.17191,42.658947,38.50734
986,6.5,831.3466,1,201,34.645283,38.48731,30.636822,35.204884,42.692623,38.54059
987,6.75,831.1478,1,201,34.67494,38.522522,30.669937,35.237614,42.726017,38.5736
988,7.0,831.05347,1,201,38.028038,38.431477,30.224884,34.821198,42.3728,38.405464
989,7.25,830.8896,1,201,38.051388,38.444237,30.240747,34.837765,42.38811,38.41245
990,7.5,830.72687,1,201,38.0745,38.457363,30.256834,34.854527,42.403664,38.420135
991,7.75,830.5651,1,201,38.097485,38.47083,30.273136,34.87146,42.41946,38.428482
992,8.0,830.14075,1,201,38.19367,38.54299,30.543701,35.13058,42.63804,38.49707
993,8.25,829.9446,1,201,38.22245,38.570026,30.571085,35.158085,42.665333,38.520565
994,8.5,829.749,1,201,38.251118,38.59696,30.598381,35.185497,42.692535,38.544197
995,8.75,829.5544,1,201,38.27967,38.6238,30.625586,35.21281,42.71965,38.567936
996,9.0,833.63135,1,201,38.049072,38.558563,30.245903,34.836052,42.416565,38.46372
997,9.25,833.76855,1,201,38.029682,38.54512,30.23054,34.82029,42.40152,38.45018
998,9.5,833.90485,1,201,38.01035,38.531178,30.21486,34.804256,42.386127,38.43629
999,9.75,834.04034,1,201,37.99108,38.516823,30.198938,34.788006,42.37047,38.422123
1000,10.0,834.0864,1,201,37.986324,38.51126,30.229246,34.81536,42.391193,38.460125
1001,10.25,834.20905,1,201,37.969078,38.499817,30.215937,34.801655,42.378197,38.44964
1002,10.5,834.3308,1,201,37.951904,38.487957,30.202383,34.787743,42.364933,38.438786
1003,10.75,834.4516,1,201,37.93481,38.47576,30.188631,34.773655,42.351444,38.42763
1004,11.0,834.99927,1,201,34.33051,38.39385,29.896048,34.49277,42.117195,38.306572
1005,11.25,835.1973,1,201,34.30136,38.36468,29.86693,34.463665,42.088066,38.277454
1006,11.5,835.39484,1,201,34.272297,38.33557,29.837872,34.43462,42.059002,38.24844
1007,11.75,835.59174,1,201,34.24331,38.30652,29.808878,34.405636,42.030003,38.219524
1008,12.0,835.7146,1,201,34.24408,38.310028,29.860958,34.4519,42.067764,38.28702
1009,12.25,835.8963,1,201,34.217667,38.2868,29.836853,34.42759,42.04382,38.26509
1010,12.5,836.07715,1,201,34.19136,38.263477,29.812704,34.40325,42.019825,38.243042
1011,12.75,836.2572,1,201,34.165146,38.240063,29.78853,34.3789,41.99579,38.220882
1012,13.0,836.30817,1,201,34.205967,38.270737,29.94888,34.526623,42.11748,38.273613
1013,13.25,836.45404,1,201,34.185986,38.26456,29.938301,34.51514,42.107635,38.26769
1014,13.5,836.5988,1,201,34.166016,38.25698,29.9268,34.502815,42.096786,38.260696
1015,13.75,836.74255,1,201,34.14609,38.24825,29.914537,34.489815,42.085114,38.252792
1016,14.0,836.73987,1,201,34.2162,38.290565,30.16046,34.720276,42.275974,38.38048
1017,14.25,836.84314,1,201,34.20385,38.302105,30.163754,34.721943,42.280552,38.392574
1018,14.5,836.9438,1,201,34.19178,38.3126,30.166466,34.72311,42.284477,38.403763
1019,14.75,837.0418,1,201,34.179977,38.32205,30.168598,34.72379,42.28776,38.41406
1020,15.0,837.02466,1,201,34.26047,38.4083,30.459185,34.99927,42.527145,38.542194
1021,15.25,837.0829,1,201,34.25513,38.427307,30.469376,35.007717,42.538643,38.563457
1022,15.5,837.13763,1,201,34.250175,38.44546,30.479147,35.01584,42.54966,38.583874
1023,15.75,837.18896,1,201,34.24557,38.46274,30.4885,35.023617,42.560184,38.603443
1024,16.0,837.1032,1,201,37.70058,38.522823,30.619822,35.153038,42.676327,38.66746
1025,16.25,837.0704,1,201,37.70729,38.54634,30.637278,35.169285,42.694656,38.69305
1026,16.5,837.0345,1,201,37.714287,38.56922,30.654453,35.185326,42.71266,38.717987
1027,16.75,836.99567,1,201,37.721584,38.591473,30.671347,35.201145,42.730328,38.74228
1028,17.0,836.886,1,201,37.757217,38.636894,30.793741,35.31908,42.835537,38.79641
1029,17.25,836.82556,1,201,37.76752,38.661488,30.813124,35.33746,42.85572,38.82343
1030,17.5,836.7629,1,201,37.77806,38.685513,30.83223,35.35563,42.875584,38.84982
1031,17.75,836.69824,1,201,37.788807,38.708977,30.85107,35.37359,42.895145,38.875603
1032,18.0,836.508,1,201,37.8619,38.80297,31.106398,35.616314,43.108902,39.014206
1033,18.25,836.40674,1,201,37.87805,38.8342,31.131905,35.640835,43.1354,39.048462
1034,18.5,836.3035,1,201,37.89442,38.86488,31.15715,35.665142,43.161587,39.082085
1035,18.75,836.19855,1,201,37.910988,38.895027,31.18215,35.68925,43.18748,39.115086
1036,19.0,836.05963,1,201,37.928562,38.919342,31.204992,35.71161,43.210808,39.15909
1037,19.25,835.94995,1,201,37.945652,38.94815,31.22937,35.73522,43.23596,39.19076
1038,19.5,835.8389,1,201,37.96288,38.9765,31.253525,35.758644,43.26084,39.221874
1039,19.75,835.7267,1,201,37.980236,39.004395,31.277445,35.781876,43.285454,39.25244
1040,20.0,835.92554,1,201,37.87846,38.949272,30.86464,35.384895,42.956562,39.176163
1041,20.25,835.87415,1,201,37.8861,38.957764,30.872877,35.393066,42.96485,39.185905
1042,20.5,835.82275,1,201,37.89375,38.966286,30.881128,35.40125,42.973156,39.19557
1043,20.75,835.7714,1,201,37.901405,38.97482,30.889389,35.409443,42.98147,39.205154
1044,21.0,835.7862,1,201,37.858334,38.96122,30.688068,35.21798,42.827217,39.139282
1045,21.25,835.7638,1,201,37.860474,38.953575,30.683727,35.214306,42.822342,39.13228
1046,21.5,835.74274,1,201,37.862526,38.946682,30.679848,35.211037,42.817974,39.12582
1047,21.75,835.7227,1,201,37.86448,38.940342,30.676302,35.208057,42.813984,39.11978
1048,22.0,836.09186,1,201,34.193386,38.72352,30.023014,34.59983,42.291344,38.805576
1049,22.25,836.22906,1,201,34.171284,38.68514,29.988886,34.566734,42.25643,38.762577
1050,22.5,836.36896,1,201,34.14892,38.647312,29.955105,34.533936,42.22191,38.72041
1051,22.75,836.511,1,201,34.126312,38.61002,29.921667,34.50143,42.187767,38.679043
1052,23.0,837.635,1,201,33.679955,38.139713,28.870228,33.548473,41.387653,38.110855
1053,23.25,837.9372,1,201,33.63351,38.07067,28.805655,33.48544,41.321426,38.032356
1054,23.5,838.2414,1,201,33.586823,38.00223,28.74153,33.422794,41.25571,37.95494
1055,23.75,838.54755,1,201,33.53992,37.93439,28.677849,33.36054,41.1905,37.878574
1056,0.0,834.3143,1,201,28.015514,38.296204,29.513607,34.12888,41.81777,38.30934
1057,0.25,834.2581,1,201,28.022589,38.27439,29.498465,34.115368,41.801476,38.282654
1058,0.5,834.20435,1,201,28.029337,38.253487,29.483984,34.102444,41.7859,38.25706
1059,0.75,834.1525,1,201,28.035774,38.23347,29.470173,34.090103,41.77103,38.232536
1060,1.0,834.9139,1,201,27.377962,37.583275,27.97904,32.74792,40.691746,37.385853
1061,1.25,835.04047,1,201,27.355791,37.529743,27.931787,32.702827,40.64217,37.328693
1062,1.5,835.1667,1,201,27.33464,37.48509,27.892138,32.66477,40.600777,37.29299
1063,1.75,835.29694,1,201,27.313026,37.440857,27.852732,32.626896,40.559704,37.257584
1064,2.0,834.9603,1,201,27.805899,37.834618,28.950438,33.610073,41.30134,37.80094
1065,2.25,834.95636,1,201,27.805168,37.815273,28.93548,33.59628,41.28568,37.78637
1066,2.5,834.9543,1,201,27.804218,37.79675,28.921127,33.58301,41.27058,37.772415
1067,2.75,834.954,1,201,27.803059,37.779045,28.907383,33.57029,41.256145,37.759075
1068,3.0,834.94916,1,201,27.818134,37.75583,28.918278,33.57885,41.25572,37.695274
1069,3.25,834.95105,1,201,27.816723,37.739216,28.905396,33.566895,41.242264,37.682755
1070,3.5,834.9545,1,201,27.81514,37.723423,28.89312,33.55548,41.229443,37.67084
1071,3.75,834.9594,1,201,27.8134,37.70843,28.881432,33.544598,41.21725,37.659527
1072,4.0,833.79016,1,201,28.50211,38.073288,30.399628,34.964024,42.418633,38.230576
1073,4.25,833.5994,1,201,28.530792,38.118015,30.4385,35.001877,42.458374,38.272038
1074,4.5,833.4078,1,201,28.559605,38.162193,30.477077,35.039474,42.497776,38.313152
1075,4.75,833.21497,1,201,28.588535,38.205822,30.515352,35.076813,42.53684,38.353916
1076,5.0,836.0378,1,201,34.20306,38.053764,30.070251,34.64108,42.15667,38.144318
1077,5.25,836.0708,1,201,34.200584,38.070465,30.079794,34.64932,42.167225,38.15545
1078,5.5,836.1002,1,201,34.19847,38.08638,30.089005,34.657307,42.177387,38.166344
1079,5.75,836.1264,1,201,34.19667,38.101505,30.097864,34.665012,42.187138,38.17698
1080,6.0,833.0008,1,201,34.401062,38.24553,30.396162,34.964085,42.45207,38.325405
1081,6.25,832.7965,1,201,34.43156,38.281807,30.430193,34.997723,42.48638,38.35796
1082,6.5,832.5924,1,201,34.46202,38.317734,30.463985,35.031155,42.52045,38.39041
1083,6.75,832.3887,1,201,34.492413,38.35327,30.497515,35.064335,42.554237,38.422718
1084,7.0,832.2943,1,201,37.846024,38.260277,30.051514,34.647118,42.199993,38.25461
1085,7.25,832.1254,1,201,37.87015,38.273914,30.068146,34.664448,42.216072,38.26106
1086,7.5,831.95776,1,201,37.894016,38.2878,30.08493,34.681904,42.23232,38.268246
1087,7.75,831.7913,1,201,37.91773,38.30194,30.101854,34.699474,42.24873,38.276127
1088,8.0,831.3568,1,201,38.01518,38.3758,30.373821,34.959972,42.46872,38.344532
1089,8.25,831.1562,1,201,38.044613,38.403122,30.401575,34.987877,42.496365,38.367496
1090,8.5,830.9565,1,201,38.073917,38.430355,30.429243,35.015686,42.52392,38.39068
1091,8.75,830.75745,1,201,38.1031,38.457474,30.45681,35.04339,42.55138,38.414032
1092,9.0,834.8605,1,201,37.87019,38.391037,30.075346,34.66472,42.246624,38.30885
1093,9.25,834.9925,1,201,37.851494,38.37781,30.060326,34.649338,42.2319,38.29491
1094,9.5,835.12366,1,201,37.832836,38.364075,30.044983,34.63367,42.216816,38.28066
1095,9.75,835.25415,1,201,37.814243,38.349926,30.029388,34.61778,42.201458,38.266155
1096,10.0,835.2979,1,201,37.809856,38.3444,30.059769,34.64522,42.22224,38.303696
1097,10.25,835.4156,1,201,37.79326,38.333138,30.046783,34.631874,42.20954,38.292946
1098,10.5,835.5325,1,201,37.77673,38.32147,30.033546,34.618305,42.196568,38.281868
1099,10.75,835.6485,1,201,37.760277,38.309464,30.02011,34.60457,42.183376,38.270515
1100,11.0,836.176,1,201,34.158066,38.228745,29.729322,34.325603,41.950817,38.150116
1101,11.25,836.3697,1,201,34.12952,38.19983,29.70054,34.296856,41.922012,38.120914
1102,11.5,836.5628,1,201,34.101044,38.170975,29.671825,34.268177,41.89327,38.091846
1103,11.75,836.7554,1,201,34.072636,38.142185,29.64318,34.23956,41.864597,38.062904
1104,12.0,836.87427,1,201,34.07414,38.14706,29.696516,34.287018,41.903667,38.135277
1105,12.25,837.0498,1,201,34.048733,38.12569,29.67414,34.264374,41.881508,38.118683
1106,12.5,837.224,1,201,34.0235,38.104454,29.651909,34.24187,41.85949,38.102203
1107,12.75,837.3971,1,201,33.99844,38.08335,29.629822,34.21952,41.837612,38.085835
1108,13.0,837.44995,1,201,34.038944,38.111336,29.78832,34.365498,41.95737,38.140778
1109,13.25,837.5895,1,201,34.020054,38.10776,29.779846,34.356014,41.949703,38.137367
1110,13.5,837.72815,1,201,34.00114,38.102497,29.770243,34.34551,41.940823,38.132736
1111,13.75,837.8656,1,201,33.98226,38.095882,29.759756,34.334198,41.930984,38.127136
1112,14.0,837.86316,1,201,34.052948,38.141567,30.007753,34.566513,42.124092,38.255623
1113,14.25,837.9619,1,201,34.041267,38.153442,30.011408,34.56857,42.129017,38.266724
1114,14.5,838.058,1,201,34.029865,38.164303,30.014515,34.570156,42.13332,38.27703
1115,14.75,838.15125,1,201,34.018745,38.174126,30.017065,34.57127,42.136997,38.286533
1116,15.0,838.1372,1,201,34.099125,38.261196,30.307688,34.846695,42.376457,38.412457
1117,15.25,838.19055,1,201,34.094456,38.280342,30.318167,34.85547,42.38821,38.433136
1118,15.5,838.2402,1,201,34.09019,38.298653,30.328264,34.86395,42.39952,38.453022
1119,15.75,838.2849,1,201,34.086426,38.316162,30.338058,34.872227,42.410458,38.472153
1120,16.0,838.1828,1,201,37.543053,38.3771,30.4706,35.00295,42.527733,38.535915
1121,16.25,838.14374,1,201,37.550594,38.400894,30.488514,35.0197,42.54649,38.561207
1122,16.5,838.1018,1,201,37.558388,38.42404,30.506142,35.036232,42.564915,38.585865
1123,16.75,838.0572,1,201,37.56647,38.446568,30.523474,35.052536,42.582993,38.609905
1124,17.0,837.93866,1,201,37.603188,38.492493,30.646494,35.171158,42.68883,38.663723
1125,17.25,837.8729,1,201,37.61421,38.517365,30.666304,35.190006,42.70942,38.690575
1126,17.5,837.8052,1,201,37.62545,38.54167,30.68584,35.208637,42.729683,38.71682
1127,17.75,837.7355,1,201,37.636887,38.565414,30.705101,35.22704,42.74963,38.742477
1128,18.0,837.5352,1,201,37.711155,38.660122,30.96119,35.470608,42.96419,38.880825
1129,18.25,837.4293,1,201,37.72795,38.69164,30.987108,35.495567,42.991077,38.91506
1130,18.5,837.32166,1,201,37.74495,38.7226,31.012766,35.520313,43.01765,38.948666
1131,18.75,837.2123,1,201,37.762142,38.753033,31.038176,35.544857,43.04393,38.981667
1132,19.0,837.0687,1,201,37.780346,38.777615,31.061424,35.567646,43.06764,39.025635
1133,19.25,836.9549,1,201,37.798027,38.806717,31.086203,35.59168,43.09317,39.05733
1134,19.5,836.8398,1,201,37.815834,38.835358,31.11075,35.615513,43.118427,39.08848
1135,19.75,836.72363,1,201,37.833763,38.86355,31.135065,35.639153,43.14341,39.119095
1136,20.0,836.92725,1,201,37.731625,38.807686,30.721737,35.24164,42.813934,39.042633
1137,20.25,836.8721,1,201,37.73982,38.816544,30.730389,35.250237,42.822624,39.052395
1138,20.5,836.81696,1,201,37.748016,38.82541,30.739042,35.258842,42.831318,39.062077
1139,20.75,836.76184,1,201,37.756207,38.83428,30.7477,35.26744,42.840015,39.07169
1140,21.0,836.77606,1,201,37.71338,38.82106,30.54672,35.07631,42.68612,39.00617
1141,21.25,836.7503,1,201,37.716,38.813644,30.542673,35.07295,42.68153,38.9991
1142,21.5,836.7259,1,201,37.718517,38.806915,30.539051,35.069954,42.677402,38.992554
1143,21.75,836.7026,1,201,37.720955,38.800896,30.535866,35.067352,42.673756,38.98656
1144,22.0,837.0662,1,201,34.05082,38.585346,29.8839,34.460453,42.15243,38.672997
1145,22.25,837.19916,1,201,34.029278,38.547234,29.850117,34.42772,42.117847,38.630093
1146,22.5,837.3348,1,201,34.00747,38.509674,29.816675,34.39528,42.083656,38.588043
1147,22.75,837.4727,1,201,33.985394,38.472656,29.78358,34.363136,42.049843,38.546803
1148,23.0,838.57367,1,201,33.54156,38.004402,28.73456,33.41265,41.25214,37.980072
1149,23.25,838.8722,1,201,33.495594,37.93568,28.670341,33.349987,41.186256,37.901814
1150,23.5,839.17285,1,201,33.44939,37.867565,28.60657,33.28771,41.120884,37.82464
1151,23.75,839.4754,1,201,33.402958,37.800045,28.54324,33.225815,41.05601,37.74852
1152,0.0,835.2462,1,201,27.877651,38.1608,29.378048,33.99324,41.68226,38.17849
1153,0.25,835.188,1,201,27.885077,38.139217,29.36315,33.97998,41.666218,38.151947
1154,0.5,835.13196,1,201,27.892178,38.118546,29.348934,33.967323,41.650894,38.126507
1155,0.75,835.0779,1,201,27.89897,38.09877,29.335375,33.955246,41.63628,38.102146
1156,1.0,835.8505,1,201,27.241001,37.452553,27.847307,32.615765,40.56045,37.264164
1157,1.25,835.9661,1,201,27.221237,37.408176,27.808168,32.57829,40.519474,37.228653
1158,1.5,836.08606,1,201,27.200956,37.364193,27.769253,32.540977,40.478794,37.193428
1159,1.75,836.21014,1,201,27.180187,37.320625,27.730577,32.503845,40.438427,37.158504
1160,2.0,835.86194,1,201,27.673555,37.71234,28.826937,33.48592,41.17829,37.703777
1161,2.25,835.85376,1,201,27.67349,37.6939,28.81283,33.47296,41.163475,37.689888
1162,2.5,835.8474,1,201,27.673208,37.676304,28.799337,33.46054,41.149254,37.67663
1163,2.75,835.84283,1,201,27.672731,37.65953,28.786465,33.448673,41.135696,37.66399
1164,3.0,835.8332,1,201,27.688576,37.637543,28.798435,33.458286,41.136326,37.601204
1165,3.25,835.8306,1,201,27.687855,37.621857,28.786419,33.44718,41.123745,37.589382
1166,3.5,835.82965,1,201,27.686975,37.606987,28.775005,33.436615,41.1118,37.57818
1167,3.75,835.83,1,201,27.685942,37.592934,28.764187,33.426586,41.10049,37.567577
1168,4.0,834.619,1,201,28.379711,37.96531,30.288029,34.851498,42.307816,38.143913
1169,4.25,834.4243,1,201,28.408978,38.010056,30.327072,34.889565,42.34769,38.184185
1170,4.5,834.2285,1,201,28.438366,38.05428,30.365835,34.927387,42.38725,38.224228
1171,4.75,834.03186,1,201,28.467861,38.097984,30.40431,34.964962,42.42648,38.26402
1172,5.0,836.89307,1,201,34.07927,37.943382,29.956137,34.525948,42.043346,38.055046
1173,5.25,836.9205,1,201,34.07749,37.96018,29.965942,34.534496,42.05412,38.06482
1174,5.5,836.94446,1,201,34.076054,37.97624,29.975433,34.54281,42.06453,38.07452
1175,5.75,836.96545,1,201,34.074917,37.99152,29.98458,34.550846,42.07453,38.08407
1176,6.0,833.79565,1,201,34.284042,38.138264,30.28654,34.853813,42.342922,38.231876
1177,6.25,833.5882,1,201,34.31501,38.174675,30.32078,34.88769,42.37743,38.263756
1178,6.5,833.3809,1,201,34.345936,38.210762,30.354803,34.921375,42.4117,38.295628
1179,6.75,833.174,1,201,34.37679,38.24646,30.388557,34.95481,42.445705,38.32741
1180,7.0,833.0795,1,201,37.730774,38.152348,29.942055,34.537174,42.090916,38.15923
1181,7.25,832.9076,1,201,37.75538,38.166462,29.95911,34.554935,42.107414,38.165276
1182,7.5,832.73694,1,201,37.7797,38.180756,29.976276,34.57278,42.124043,38.172096
1183,7.75,832.5675,1,201,37.80386,38.19526,29.99355,34.59071,42.140797,38.179646
1184,8.0,832.1266,1,201,37.9021,38.270103,30.266348,34.852024,42.361614,38.248005
1185,8.25,831.9233,1,201,37.931934,38.29759,30.294313,34.880157,42.389454,38.27059
1186,8.5,831.7209,1,201,37.96164,38.324974,30.322195,34.9082,42.41721,38.293465
1187,8.75,831.5192,1,201,37.99122,38.352253,30.349974,34.936134,42.44487,38.316547
1188,9.0,835.6402,1,201,37.756683,38.285004,29.967289,34.556156,42.13898,38.21065
1189,9.25,835.76886,1,201,37.73843,38.271893,29.952469,34.54099,42.124428,38.196438
1190,9.5,835.89685,1,201,37.720207,38.258247,29.937317,34.52553,42.109516,38.18194
1191,9.75,836.02405,1,201,37.702038,38.244194,29.921911,34.50986,42.09433,38.167213
1192,10.0,836.06616,1,201,37.697884,38.238678,29.95233,34.53735,42.11514,38.204453
1193,10.25,836.1808,1,201,37.6817,38.227512,29.939526,34.524208,42.10261,38.193527
1194,10.5,836.2946,1,201,37.665585,38.21594,29.926477,34.510853,42.08981,38.182297
1195,10.75,836.4076,1,201,37.649532,38.204044,29.913239,34.49733,42.076794,38.17082
1196,11.0,836.9223,1,201,34.04866,38.124035,29.623562,34.219563,41.845287,38.05081
1197,11.25,837.1118,1,201,34.020763,38.096245,29.595844,34.191833,41.817566,38.024807
1198,11.5,837.2985,1,201,33.993435,38.070374,29.569794,34.165684,41.791595,38.0049
1199,11.75,837.48413,1,201,33.966278,38.04485,29.544043,34.139812,41.765934,37.985306
1200,12.0,837.6003,1,201,33.96828,38.05046,29.598093,34.18795,41.805756,38.06075
1201,12.25,837.7712,1,201,33.943592,38.030277,29.576752,34.166306,41.78465,38.045074
1202,12.5,837.9408,1,201,33.91907,38.01018,29.555525,34.14478,41.763653,38.029495
1203,12.75,838.10925,1,201,33.89472,37.990173,29.5344,34.123367,41.74276,38.013973
1204,13.0,838.16473,1,201,33.9347,38.0149,29.69043,34.267025,41.85994,38.066525
1205,13.25,838.29956,1,201,33.916645,38.01343,29.683613,34.259117,41.854,38.064674
1206,13.5,838.4336,1,201,33.898518,38.009895,29.675415,34.24995,41.84657,38.061337
1207,13.75,838.56647,1,201,33.880394,38.004772,29.66615,34.239826,41.837994,38.056847
1208,14.0,838.5648,1,201,33.951477,38.052986,29.915628,34.473434,42.032715,38.1858
1209,14.25,838.66016,1,201,33.94027,38.064976,29.919466,34.475693,42.037796,38.195885
1210,14.5,838.7527,1,201,33.929367,38.075977,29.922777,34.477516,42.042282,38.205276
1211,14.75,838.84204,1,201,33.918762,38.085964,29.925558,34.478893,42.046177,38.213947
1212,15.0,838.8309,1,201,33.998943,38.173115,30.215778,34.75387,42.285236,38.337452
1213,15.25,838.88043,1,201,33.994778,38.19229,30.22643,34.76285,42.29714,38.35757
1214,15.5,838.9249,1,201,33.991135,38.210693,30.236809,34.771656,42.308693,38.376984
1215,15.75,838.9647,1,201,33.98796,38.2283,30.246874,34.78025,42.319866,38.395668
1216,16.0,838.8507,1,201,37.445774,38.289673,30.380167,34.911793,42.437828,38.458992
1217,16.25,838.8074,1,201,37.453884,38.313576,30.398344,34.928844,42.45682,38.48394
1218,16.5,838.76135,1,201,37.46223,38.336845,30.416235,34.94567,42.47548,38.508278
1219,16.75,838.7129,1,201,37.470837,38.35949,30.43382,34.962257,42.493793,38.532017
1220,17.0,838.58813,1,201,37.508278,38.40563,30.557161,35.081264,42.599957,38.58542
1221,17.25,838.5188,1,201,37.51979,38.430626,30.577225,35.10039,42.62077,38.61204
1222,17.5,838.4476,1,201,37.5315,38.455055,30.597004,35.119293,42.64126,38.638084
1223,17.75,838.37445,1,201,37.5434,38.478928,30.616508,35.13796,42.661427,38.66355
1224,18.0,838.1676,1,201,37.618423,38.573936,30.872948,35.38195,42.87637,38.80145
1225,18.25,838.05865,1,201,37.635654,38.60559,30.899113,35.407177,42.903477,38.835583
1226,18.5,837.9479,1,201,37.653072,38.636692,30.925013,35.43218,42.930275,38.8691
1227,18.75,837.8356,1,201,37.67067,38.667263,30.950653,35.456978,42.95677,38.902023
1228,19.0,837.6889,1,201,37.689297,38.691982,30.974146,35.480026,42.980698,38.94589
1229,19.25,837.5723,1,201,37.707363,38.721226,30.999159,35.50431,43.006447,38.97753
1230,19.5,837.4545,1,201,37.72555,38.75001,31.023932,35.528393,43.031914,39.00863
1231,19.75,837.3357,1,201,37.743847,38.77835,31.048477,35.552277,43.057114,39.039204
1232,20.0,837.54254,1,201,37.641518,38.72215,30.634956,35.154545,42.72739,38.96282
1233,20.25,837.48486,1,201,37.650078,38.731174,30.643835,35.163387,42.7363,38.97248
1234,20.5,837.4271,1,201,37.658627,38.74021,30.652716,35.172226,42.74521,38.982082
1235,20.75,837.36957,1,201,37.667164,38.749237,30.661583,35.181057,42.75411,38.991627
1236,21.0,837.38354,1,201,37.62449,38.7362,30.460789,34.990105,42.600407,38.926266
1237,21.25,837.35565,1,201,37.62742,38.72889,30.456913,34.986927,42.59597,38.919083
1238,21.5,837.32904,1,201,37.630245,38.72227,30.453451,34.984116,42.592003,38.91244
1239,21.75,837.3035,1,201,37.632984,38.716366,30.450438,34.981693,42.588512,38.906364
1240,22.0,837.6645,1,201,33.96335,38.501373,29.799149,34.37548,42.067833,38.592926
1241,22.25,837.7945,1,201,33.942177,38.4634,29.76556,34.342964,42.03344,38.550037
1242,22.5,837.9274,1,201,33.92072,38.425995,29.732323,34.31074,41.99944,38.50801
1243,22.75,838.0627,1,201,33.89899,38.389114,29.699427,34.27881,41.96582,38.4668
1244,23.0,839.1488,1,201,33.456776,37.92205,28.651878,33.329845,41.169594,37.900806
1245,23.25,839.445,1,201,33.411114,37.853516,28.58787,33.26739,41.103912,37.82267
1246,23.5,839.74335,1,201,33.365204,37.785587,28.52431,33.205334,41.03874,37.745625
1247,23.75,840.0437,1,201,33.31907,37.718254,28.461187,33.143658,40.97407,37.669632
1248,0.0,835.8166,1,201,27.79325,38.078445,29.29548,33.910595,41.59975,38.099213
1249,0.25,835.757,1,201,27.800896,38.05699,29.280727,33.897484,41.583847,38.072727
1250,0.5,835.6984,1,201,27.808435,38.037926,29.267925,33.88616,41.56999,38.05151
1251,0.75,835.63776,1,201,27.816395,38.02212,29.257975,33.87752,41.559113,38.040073
1252,1.0,836.4208,1,201,27.1582,37.378544,27.771837,32.539677,40.48562,37.203156
1253,1.25,836.5322,1,201,27.139,37.334568,27.733156,32.50267,40.44508,37.167942
1254,1.5,836.64813,1,201,27.119268,37.29099,27.694695,32.465824,40.404835,37.133015
1255,1.75,836.76825,1,201,27.099037,37.24782,27.65646,32.429142,40.364902,37.09839
1256,2.0,836.4114,1,201,27.59288,37.63857,28.752254,33.410793,41.103912,37.645008
1257,2.25,836.4006,1,201,27.593233,37.62066,28.738644,33.398323,41.0896,37.63152
1258,2.5,836.3916,1,201,27.593372,37.603592,28.725655,33.3864,41.075882,37.61866
1259,2.75,836.38434,1,201,27.593319,37.58737,28.713295,33.375034,41.06284,37.606438
1260,3.0,836.3716,1,201,27.609642,37.56609,28.7259,33.385273,41.064083,37.544266
1261,3.25,836.36633,1,201,27.609354,37.550938,28.714386,33.374664,41.052013,37.532856
1262,3.5,836.36255,1,201,27.608906,37.536613,28.703484,33.3646,41.040585,37.522068
1263,3.75,836.36017,1,201,27.60831,37.5231,28.693176,33.35508,41.02979,37.511887
1264,4.0,835.123,1,201,28.305262,37.900253,30.220577,34.783447,42.24087,38.092064
1265,4.25,834.9258,1,201,28.334877,37.944954,30.259676,34.821598,42.28078,38.131493
1266,4.5,834.7276,1,201,28.364609,37.98916,30.298521,34.859528,42.320393,38.170784
1267,4.75,834.52856,1,201,28.39445,38.032864,30.337088,34.897213,42.35969,38.209892
1268,5.0,837.41394,1,201,34.003876,37.876663,29.886978,34.456127,41.974693,38.00106
1269,5.25,837.43787,1,201,34.00253,37.893486,29.89691,34.464844,41.985573,38.009956
1270,5.5,837.45856,1,201,34.001507,37.909595,29.906551,34.47333,41.9961,38.018887
1271,5.75,837.47626,1,201,34.00078,37.924942,29.915857,34.48156,42.00624,38.027752
1272,6.0,834.27893,1,201,34.212852,38.073322,30.22006,34.786926,42.27675,38.1753
1273,6.25,834.0696,1,201,34.244106,38.109795,30.254412,34.820934,42.31135,38.206722
1274,6.5,833.8604,1,201,34.275314,38.145947,30.28855,34.854744,42.345737,38.238205
1275,6.75,833.65155,1,201,34.306446,38.181717,30.322435,34.888325,42.37985,38.26964
1276,7.0,833.5569,1,201,37.660686,38.086994,29.875673,34.470486,42.02478,38.10139
1277,7.25,833.3831,1,201,37.685574,38.101353,29.892958,34.488476,42.0415,38.10716
1278,7.5,833.21063,1,201,37.71017,38.115868,29.910337,34.50654,42.05834,38.113735
1279,7.75,833.0395,1,201,37.734592,38.130558,29.927803,34.52467,42.07528,38.121063
1280,8.0,832.5947,1,201,37.833305,38.205967,30.201069,34.786453,42.296566,38.189407
1281,8.25,832.38983,1,201,37.863384,38.23353,30.229153,34.814713,42.324512,38.211746
1282,8.5,832.1857,1,201,37.893333,38.260998,30.257156,34.842884,42.352386,38.234413
1283,8.75,831.98254,1,201,37.923145,38.28836,30.28506,34.87096,42.380157,38.257317
1284,9.0,836.11505,1,201,37.687565,38.220615,29.901604,34.49014,42.073547,38.15095
1285,9.25,836.2416,1,201,37.669575,38.207535,29.88688,34.475094,42.059086,38.136562
1286,9.5,836.3676,1,201,37.651615,38.19394,29.871836,34.45976,42.04427,38.121902
1287,9.75,836.4929,1,201,37.63371,38.179928,29.85654,34.44421,42.02918,38.107037
1288,10.0,836.53406,1,201,37.629696,38.17441,29.88697,34.47172,42.05,38.144093
1289,10.25,836.6468,1,201,37.613766,38.16329,29.874271,34.458706,42.037563,38.13305
1290,10.5,836.75824,1,201,37.598022,38.152195,29.861744,34.445847,42.025295,38.124195
1291,10.75,836.8688,1,201,37.582386,38.141006,29.849195,34.43299,42.01299,38.11542
1292,11.0,837.3727,1,201,33.98286,38.063263,29.561733,34.1574,41.78372,37.99934
1293,11.25,837.55756,1,201,33.955788,38.037685,29.535967,34.131523,41.758034,37.97971
1294,11.5,837.7415,1,201,33.92889,38.01242,29.510471,34.10591,41.732628,37.960293
1295,11.75,837.9243,1,201,33.90216,37.987465,29.48524,34.08055,41.70749,37.941055
1296,12.0,838.0392,1,201,33.904354,37.993042,29.539295,34.128696,41.747307,38.016457
1297,12.25,838.2072,1,201,33.880108,37.97351,29.518534,34.10762,41.726795,38.00129
1298,12.5,838.3741,1,201,33.856018,37.954044,29.497864,34.086643,41.706367,37.986187
1299,12.75,838.5397,1,201,33.832104,37.934647,29.477297,34.06577,41.68604,37.97116
1300,13.0,838.59644,1,201,33.87179,37.957462,29.631865,34.208057,41.801693,38.022354
1301,13.25,838.7285,1,201,33.854244,37.957233,29.626036,34.201084,41.79678,38.021423
1302,13.5,838.8597,1,201,33.836597,37.9547,29.618647,34.1927,41.79018,38.01883
1303,13.75,838.98987,1,201,33.818928,37.950417,29.610088,34.183254,41.782337,38.014977
1304,14.0,838.9887,1,201,33.890236,38.00018,29.860455,34.417645,41.97803,38.144497
1305,14.25,839.0819,1,201,33.879326,38.012203,29.864382,34.420006,41.983185,38.153866
1306,14.5,839.17206,1,201,33.86874,38.023254,29.867802,34.421963,41.987766,38.162624
1307,14.75,839.2591,1,201,33.85845,38.033302,29.870707,34.42348,41.99176,38.17073
1308,15.0,839.2499,1,201,33.938473,38.120342,30.160543,34.698055,42.230434,38.29255
1309,15.25,839.2962,1,201,33.9347,38.13955,30.171362,34.70723,42.24248,38.312332
1310,15.5,839.3375,1,201,33.931427,38.157986,30.181892,34.716213,42.254166,38.331436
1311,15.75,839.37445,1,201,33.928616,38.175632,30.192106,34.724983,42.265476,38.349827
1312,16.0,839.253,1,201,37.387184,38.23724,30.325842,34.85702,42.383827,38.41284
1313,16.25,839.20703,1,201,37.395634,38.261196,30.344173,34.874245,42.402958,38.437565
1314,16.5,839.15845,1,201,37.404312,38.284523,30.36221,34.89124,42.421753,38.461693
1315,16.75,839.10754,1,201,37.413235,38.307224,30.379938,34.907993,42.440193,38.485237
1316,17.0,838.97925,1,201,37.451107,38.353466,30.503458,35.027214,42.54653,38.53836
1317,17.25,838.90765,1,201,37.462917,38.37853,30.523666,35.046497,42.567474,38.564842
1318,17.5,838.8343,1,201,37.47492,38.403023,30.543587,35.065556,42.588093,38.590748
1319,17.75,838.7592,1,201,37.487087,38.426964,30.563227,35.084377,42.608383,38.61609
1320,18.0,838.54834,1,201,37.562565,38.522125,30.819857,35.3286,42.823536,38.753696
1321,18.25,838.4375,1,201,37.58005,38.553856,30.846167,35.353985,42.85078,38.787766
1322,18.5,838.32495,1,201,37.597725,38.58503,30.872208,35.379143,42.8777,38.82122
1323,18.75,838.2108,1,201,37.615566,38.615685,30.897985,35.40409,42.904324,38.854088
1324,19.0,838.0624,1,201,37.63445,38.64048,30.921625,35.427296,42.928383,38.897896
1325,19.25,837.94415,1,201,37.652744,38.6698,30.94677,35.45172,42.954258,38.929493
1326,19.5,837.8247,1,201,37.671165,38.69867,30.97168,35.47595,42.979847,38.96056
1327,19.75,837.70435,1,201,37.689682,38.727097,30.996355,35.499977,43.005173,38.991104
1328,20.0,837.913,1,201,37.587246,38.670704,30.582737,35.10213,42.675323,38.91478
1329,20.25,837.85376,1,201,37.596016,38.67983,30.591751,35.11111,42.684353,38.92438
1330,20.5,837.7946,1,201,37.60478,38.688953,30.600754,35.120087,42.693386,38.933926
1331,20.75,837.7355,1,201,37.613525,38.698074,30.609749,35.129047,42.7024,38.943424
1332,21.0,837.7494,1,201,37.570942,38.685116,30.40906,34.938206,42.548805,38.878143
1333,21.25,837.7201,1,201,37.57406,38.677876,30.405273,34.93513,42.544464,38.870888
1334,21.5,837.6921,1,201,37.577072,38.67132,30.401917,34.93243,42.540585,38.864185
1335,21.75,837.6653,1,201,37.579994,38.665417,30.398958,34.930077,42.537148,38.858013
1336,22.0,838.0251,1,201,33.91062,38.450783,29.748072,34.324276,42.016857,38.54467
1337,22.25,838.1534,1,201,33.88967,38.412895,29.71461,34.29189,41.98258,38.501785
1338,22.5,838.28455,1,201,33.868423,38.375572,29.681494,34.259796,41.9487,38.459774
1339,22.75,838.4183,1,201,33.84691,38.338787,29.648716,34.22799,41.915184,38.418587
1340,23.0,839.4954,1,201,33.40567,37.872425,28.602053,33.27994,41.11985,37.85304
1341,23.25,839.7902,1,201,33.360195,37.804,28.538172,33.21762,41.054295,37.77497
1342,23.5,840.08716,1,201,33.31447,37.73619,28.47474,33.15569,40.989243,37.698
1343,23.75,840.38617,1,201,33.268505,37.668964,28.411743,33.094147,40.924694,37.622086
1344,0.0,836.1601,1,201,27.742395,38.028835,29.245739,33.860806,41.550045,38.051445
