step,hour_of_day,source_flow_Ls,leak_active,leak_node,pressure_15,pressure_35,pressure_101,pressure_105,pressure_113,pressure_201
0,0.0,830.93756,1,105,28.490726,40.35128,31.2868,35.805466,43.664097,41.80178
1,0.25,830.7266,1,105,28.525532,40.339756,31.285666,35.808372,43.659275,41.77064
2,0.5,830.5192,1,105,28.559603,40.328777,31.28242,35.807693,43.653645,41.74034
3,0.75,830.31256,1,105,28.59328,40.318756,31.279926,35.807686,43.64887,41.711227
4,1.0,826.4839,1,105,28.595415,40.757397,39.438354,40.684425,46.34422,41.826458
5,1.25,826.0814,1,105,28.657778,40.802658,39.48086,40.734287,46.392128,41.842445
6,1.5,825.6805,1,105,28.719791,40.847954,39.523342,40.784073,46.44007,41.859943
7,1.75,825.2808,1,105,28.781479,40.893322,39.56577,40.83377,46.48802,41.879
8,2.0,821.7411,1,105,29.604563,41.478508,40.97303,41.976414,47.428104,42.538414
9,2.25,821.2003,1,105,29.68656,41.553963,41.033726,42.046368,47.501205,42.597183
10,2.5,820.6599,1,105,29.768387,41.62961,41.094444,42.116325,47.57439,42.65722
11,2.75,820.1201,1,105,29.850039,41.705418,41.15519,42.186287,47.647663,42.718452
12,3.0,819.5724,1,105,29.947924,41.763287,41.252754,42.28067,47.728493,42.720764
13,3.25,819.0357,1,105,30.02897,41.83849,41.313053,42.350132,47.801266,42.782864
14,3.5,818.49994,1,105,30.109798,41.91373,41.37331,42.41953,47.874023,42.845848
15,3.75,817.9646,1,105,30.190453,41.989124,41.43359,42.48893,47.94686,42.90995
16,4.0,812.0887,1,105,31.366526,42.983864,43.639687,44.370506,49.487286,44.081997
17,4.25,811.33203,1,105,31.477974,43.103065,43.72595,44.46967,49.59635,44.200912
18,4.5,810.5773,1,105,31.589127,43.2217,43.811897,44.568485,49.704983,44.31927
19,4.75,809.82446,1,105,31.699984,43.339783,43.897533,44.666946,49.813187,44.437096
20,5.0,816.3512,1,105,37.057987,42.81656,43.03716,43.815784,49.071342,43.868427
21,5.25,815.76917,1,105,37.14392,42.90635,43.103554,43.892063,49.15452,43.956768
22,5.5,815.18866,1,105,37.229614,42.995728,43.169716,43.968082,49.237377,44.044773
23,5.75,486.64066,1,105,36.199055,42.281017,42.221306,42.83675,48.188835,43.38341
24,6.0,482.36435,1,105,36.340576,42.397057,42.48907,43.08181,48.382412,43.524002
25,6.25,482.3419,1,105,36.343433,42.42237,42.49719,43.090195,48.396057,43.55254
26,6.5,482.30698,1,105,36.346973,42.447044,42.505505,43.09888,48.409744,43.58041
27,6.75,482.2608,1,105,36.35114,42.471085,42.513992,43.107815,48.42344,43.60763
28,7.0,482.34747,1,105,39.78322,42.402477,41.991066,42.71245,48.179775,43.4569
29,7.25,482.32602,1,105,39.7854,42.410576,41.994114,42.715626,48.184605,43.466125
30,7.5,482.3017,1,105,39.787617,42.418297,41.997147,42.71882,48.189335,43.47498
31,7.75,482.27505,1,105,39.789932,42.425636,42.000145,42.72199,48.193928,43.483448
32,8.0,482.0291,1,105,39.83151,42.46438,42.272472,42.932877,48.3276,43.532608
33,8.25,481.92126,1,105,39.83941,42.48024,42.280483,42.941704,48.33891,43.55026
34,8.5,481.811,1,105,39.84741,42.495617,42.288433,42.95049,48.350037,43.56741
35,8.75,481.69864,1,105,39.855488,42.510567,42.29632,42.959232,48.361008,43.58411
36,9.0,489.1037,1,105,39.60507,42.432938,41.81695,42.5272,48.062527,43.471504
37,9.25,489.63406,1,105,39.57041,42.407402,41.792713,42.498894,48.034103,43.450554
38,9.5,490.16025,1,105,39.53598,42.38155,41.768494,42.470642,48.00562,43.429043
39,9.75,490.68234,1,105,39.501774,42.355408,41.74431,42.442455,47.97707,43.407013
40,10.0,490.90488,1,105,39.486893,42.343296,41.778503,42.463074,47.983173,43.436085
41,10.25,491.39447,1,105,39.45488,42.319603,41.756077,42.436897,47.95683,43.41674
42,10.5,491.88004,1,105,39.42308,42.295616,41.733677,42.41078,47.93044,43.39687
43,10.75,492.36145,1,105,39.391502,42.271378,41.711315,42.38473,47.90402,43.376522
44,11.0,494.49225,1,105,35.645267,42.16397,41.34793,42.065098,47.669987,43.240444
45,11.25,495.1192,1,105,35.60275,42.125595,41.31651,42.028873,47.631813,43.203754
46,11.5,495.7418,1,105,35.5605,42.08723,41.285213,41.992798,47.593754,43.166977
47,11.75,496.36,1,105,35.518517,42.048885,41.254036,41.956875,47.55581,43.130123
48,12.0,496.6821,1,105,35.511837,42.046307,41.311405,41.99427,47.574276,43.184242
49,12.25,497.2584,1,105,35.472675,42.0127,41.283024,41.961456,47.54005,43.153156
50,12.5,497.83054,1,105,35.433777,41.979023,41.25474,41.928764,47.505886,43.121857
51,12.75,498.39844,1,105,35.395134,41.945293,41.22656,41.89621,47.471798,43.090366
52,13.0,498.3766,1,105,35.438175,41.98362,41.42147,42.045464,47.567245,43.14443
53,13.25,498.86032,1,105,35.405354,41.961292,41.39949,42.019775,47.5416,43.124958
54,13.5,499.34055,1,105,35.37277,41.93847,41.377457,41.99406,47.515778,43.104897
55,13.75,499.81717,1,105,35.340412,41.91516,41.35538,41.96832,47.489796,43.084263
56,14.0,499.64966,1,105,35.4128,41.948307,41.651596,42.19868,47.628975,43.190132
57,14.25,499.99335,1,105,35.389904,41.949425,41.641045,42.18564,47.61941,43.192677
58,14.5,500.33545,1,105,35.367115,41.948494,41.629944,42.172043,47.60885,43.19349
59,14.75,500.67966,1,105,35.344162,41.94442,41.617855,42.157425,47.59663,43.191704
60,15.0,511.42377,1,105,34.682682,41.08863,32.369553,36.735706,44.57331,42.518948
61,15.25,512.4424,1,105,34.61127,41.01367,32.295963,36.66248,44.49944,42.451004
62,15.5,513.45685,1,105,34.540043,40.938828,32.22252,36.58936,44.42573,42.382572
63,15.75,514.4669,1,105,34.469017,40.864113,32.149227,36.516403,44.352173,42.31372
64,16.0,829.45575,1,105,38.955322,41.538754,33.081104,37.490345,45.23211,42.866127
65,16.25,829.2259,1,105,38.98768,41.535877,33.089478,37.50095,45.238705,42.86863
66,16.5,828.9979,1,105,39.01947,41.533516,33.098194,37.511856,45.245686,42.87133
67,16.75,828.7719,1,105,39.051014,41.53167,33.107235,37.52303,45.253033,42.87423
68,17.0,828.4051,1,105,39.108936,41.536,33.201553,37.61664,45.326305,42.891605
69,17.25,828.15125,1,105,39.14526,41.547424,33.221287,37.63796,45.34481,42.90578
70,17.5,827.8922,1,105,39.18245,41.562458,33.243694,37.66177,45.366123,42.922646
71,17.75,827.62964,1,105,39.22024,41.580315,33.26817,37.68751,45.389618,42.94164
72,18.0,827.0603,1,105,39.326714,41.665905,33.505177,37.91946,45.593407,43.06355
73,18.25,826.7489,1,105,39.372288,41.702557,33.5448,37.959633,45.632614,43.100803
74,18.5,826.4376,1,105,39.417847,41.73982,33.584805,38.000145,45.672237,43.138504
75,18.75,826.1267,1,105,39.46336,41.777626,33.62515,38.040955,45.712223,43.1766
76,19.0,825.7699,1,105,39.511192,41.811672,33.665134,38.081814,45.75153,43.225323
77,19.25,825.4595,1,105,39.55662,41.850018,33.705807,38.122913,45.791874,43.263954
78,19.5,825.1496,1,105,39.60198,41.888763,33.74671,38.164215,45.832474,43.302876
79,19.75,824.84,1,105,39.647285,41.927914,33.787853,38.205727,45.87333,43.342094
80,20.0,825.2236,1,105,39.553375,41.859108,33.40585,37.838177,45.566444,43.256733
81,20.25,824.99243,1,105,39.586227,41.875378,33.427326,37.86071,45.587082,43.271133
82,20.5,824.76074,1,105,39.619244,41.89312,33.449856,37.884212,45.608837,43.28689
83,20.75,824.5286,1,105,39.652378,41.912132,33.473286,37.90854,45.631554,43.303844
84,21.0,824.5152,1,105,39.629063,41.898766,33.29603,37.743923,45.500126,43.24313
85,21.25,824.3376,1,105,39.65305,41.897633,33.302456,37.75194,45.505295,43.240433
86,21.5,824.15753,1,105,39.677567,41.899406,33.31107,37.76199,45.51277,43.240173
87,21.75,823.9748,1,105,39.702652,41.904144,33.321915,37.774124,45.522594,43.242413
88,22.0,825.00604,1,105,35.94318,41.69641,32.73189,37.229595,45.055927,42.93921
89,22.25,824.9519,1,105,35.94942,41.67028,32.71245,37.21222,45.03486,42.906075
90,22.5,824.9002,1,105,35.95527,41.645084,32.69371,37.19547,45.01458,42.87425
91,22.75,824.85114,1,105,35.96073,41.62079,32.67564,37.179302,44.995052,42.84365
92,23.0,825.4083,1,105,35.59807,41.215107,31.733873,36.33031,44.335014,42.335075
93,23.25,825.4763,1,105,35.584076,41.166683,31.69251,36.291306,44.290955,42.274933
94,23.5,825.5497,1,105,35.569344,41.11895,31.651575,36.252632,44.24743,42.21617
95,23.75,825.6281,1,105,35.553913,41.07192,31.611046,36.21429,44.20443,42.15875
96,0.0,820.3266,1,105,30.089348,41.42667,32.450623,36.999935,44.80103,42.587982
97,0.25,820.151,1,105,30.115974,41.422234,32.45235,37.003456,44.80128,42.57773
98,0.5,806.1729,1,105,32.121315,42.211403,33.513687,38.134865,45.813435,43.28816
99,0.75,805.74414,1,105,32.183712,42.281487,33.58134,38.202095,45.88139,43.34925
100,1.0,787.37854,1,105,34.36017,44.346962,43.28435,45.23752,50.55845,44.996906
101,1.25,786.7098,1,105,34.455997,44.45918,43.365093,45.32824,50.658012,45.097202
102,1.5,786.0418,1,105,34.551678,44.571167,43.44568,45.418804,50.757366,45.19781
103,1.75,785.3748,1,105,34.64715,44.682846,43.526085,45.50916,50.85648,45.2986
104,2.0,483.69333,1,105,29.877804,42.149204,41.007843,41.95401,47.64161,43.110497
105,2.25,484.12308,1,105,29.849691,42.135914,40.989826,41.932503,47.622196,43.096237
106,2.5,484.55118,1,105,29.821661,42.121017,40.971355,41.910515,47.602043,43.08074
107,2.75,484.97684,1,105,29.793756,42.10482,40.95258,41.888256,47.58127,43.064217
108,3.0,485.36456,1,105,29.78397,42.079597,40.972305,41.892143,47.57146,42.995945
109,3.25,485.78638,1,105,29.756218,42.059616,40.95252,41.86897,47.548748,42.976307
110,3.5,486.20468,1,105,29.728668,42.039116,40.932686,41.845795,47.525864,42.95624
111,3.75,486.61954,1,105,29.701326,42.018173,40.912846,41.822647,47.502846,42.93579
112,4.0,485.42346,1,105,30.317911,42.22512,42.553833,43.072132,48.2919,43.378
113,4.25,485.40726,1,105,30.320145,42.252865,42.562504,43.081146,48.3066,43.411068
114,4.5,485.37964,1,105,30.323008,42.279964,42.57133,43.090397,48.321293,43.443428
115,4.75,485.33954,1,105,30.326578,42.306454,42.58037,43.099945,48.33605,43.47512
116,5.0,489.51697,1,105,36.010113,42.217236,42.112495,42.706306,48.072178,43.309727
117,5.25,489.84024,1,105,35.98929,42.222015,42.10388,42.69532,48.065403,43.31935
118,5.5,490.1583,1,105,35.96881,42.225674,42.095104,42.6842,48.058197,43.327858
119,5.75,490.4713,1,105,35.948677,42.228214,42.086155,42.672955,48.05056,43.33525
120,6.0,486.76495,1,105,36.058258,42.285393,42.319763,42.87979,48.1975,43.424534
121,6.25,486.62802,1,105,36.06773,42.304974,42.329834,42.890972,48.211624,43.44805
122,6.5,486.48825,1,105,36.07736,42.3241,42.33985,42.902115,48.225594,43.47101
123,6.75,486.3458,1,105,36.087135,42.34282,42.349834,42.913242,48.239433,43.493458
124,7.0,486.3495,1,105,39.536514,42.306725,41.83655,42.526875,48.015076,43.371517
125,7.25,486.2523,1,105,39.542023,42.302067,41.83832,42.52942,48.015568,43.36998
126,7.5,486.1577,1,105,39.54737,42.2983,41.840275,42.53212,48.01644,43.36899
127,7.75,486.06555,1,105,39.552647,42.29539,41.842392,42.534966,48.01769,43.368526
128,8.0,485.69443,1,105,39.598824,42.31178,42.11321,42.7457,48.143517,43.397934
129,8.25,485.53354,1,105,39.609543,42.32345,42.121708,42.75543,48.15425,43.41132
130,8.5,485.37308,1,105,39.62023,42.335136,42.130188,42.76514,48.16497,43.424614
131,8.75,485.21317,1,105,39.630886,42.34683,42.13866,42.77483,48.17567,43.43781
132,9.0,492.2638,1,105,39.397522,42.26841,41.668575,42.35461,47.88633,43.32762
133,9.25,492.77005,1,105,39.364178,42.241505,41.644604,42.32675,47.857784,43.304245
134,9.5,493.27225,1,105,39.33105,42.214436,41.6207,42.29899,47.829247,43.280502
135,9.75,493.77036,1,105,39.298153,42.187218,41.596863,42.27133,47.800728,43.256424
136,10.0,493.9813,1,105,39.28408,42.174328,41.6313,42.2923,47.806713,43.283447
137,10.25,494.44733,1,105,39.25336,42.149685,41.609253,42.26668,47.780464,43.26231
138,10.5,494.9095,1,105,39.222862,42.124893,41.58728,42.24115,47.75423,43.240818
139,10.75,495.3677,1,105,39.192574,42.09996,41.565372,42.21572,47.72803,43.218994
140,11.0,497.40167,1,105,35.44763,41.992752,41.20411,41.898907,47.496468,43.08257
141,11.25,498.00708,1,105,35.406452,41.954193,41.17323,41.86337,47.458717,43.04486
142,11.5,498.6083,1,105,35.365513,41.915703,41.14247,41.827988,47.421097,43.007164
143,11.75,499.20538,1,105,35.324825,41.87728,41.11185,41.79277,47.383614,42.969498
144,12.0,499.51736,1,105,35.31894,41.87446,41.16964,41.83067,47.402237,43.0223
145,12.25,500.07318,1,105,35.28105,41.840843,41.141823,41.79856,47.368507,42.99069
146,12.5,500.62512,1,105,35.2434,41.80719,41.114105,41.76658,47.334846,42.958855
147,12.75,501.17297,1,105,35.205997,41.77353,41.0865,41.734734,47.30128,42.926907
148,13.0,501.15347,1,105,35.24933,41.811752,41.281887,41.884483,47.396763,42.980293
149,13.25,501.61856,1,105,35.21769,41.78943,41.260426,41.859444,47.37159,42.960403
150,13.5,502.08026,1,105,35.18628,41.766636,41.238922,41.834385,47.34624,42.939972
151,13.75,502.5384,1,105,35.155087,41.743427,41.217392,41.809326,47.320774,42.919052
152,14.0,502.37994,1,105,35.227486,41.776653,41.51414,42.04017,47.45992,43.024014
153,14.25,502.70837,1,105,35.205616,41.77768,41.503998,42.027637,47.450706,43.02627
154,14.5,503.0356,1,105,35.183826,41.776524,41.493256,42.014503,47.44041,43.026714
155,14.75,503.36395,1,105,35.161922,41.77241,41.481606,42.000435,47.428577,43.024723
156,15.0,513.8713,1,105,34.510624,40.922836,32.2034,36.569454,44.407234,42.35736
157,15.25,514.87573,1,105,34.43995,40.848194,32.13022,36.49666,44.33375,42.289413
158,15.5,830.5789,1,105,35.321896,41.4438,32.89667,37.302895,45.06855,42.766838
159,15.75,830.38763,1,105,35.351448,41.435814,32.899117,37.307514,45.069263,42.763725
160,16.0,829.45715,1,105,38.95269,41.492905,33.049194,37.461254,45.197956,42.822136
161,16.25,829.2298,1,105,38.984886,41.490646,33.05796,37.472195,45.205,42.825203
162,16.5,829.004,1,105,39.016422,41.488914,33.06709,37.483444,45.212452,42.82847
163,16.75,828.7806,1,105,39.047672,41.487602,33.076454,37.49488,45.220173,42.83187
164,17.0,828.4031,1,105,39.10775,41.498924,33.176456,37.593872,45.299397,42.85487
165,17.25,828.1422,1,105,39.145237,41.5151,33.199726,37.6185,45.32162,42.87287
166,17.5,827.8784,1,105,39.183258,41.533886,33.22491,37.644897,45.34586,42.89285
167,17.75,827.61224,1,105,39.221676,41.55483,33.25164,37.672737,45.37173,42.914463
168,18.0,827.03424,1,105,39.329956,41.646717,33.493656,37.909412,45.58077,43.042015
169,18.25,826.72235,1,105,39.375637,41.68484,33.534275,37.950493,45.62104,43.080677
170,18.5,826.4107,1,105,39.421276,41.723446,33.575195,37.99183,45.661633,43.119682
171,18.75,826.0996,1,105,39.466843,41.762455,33.616337,38.033367,45.702465,43.158966
172,19.0,825.743,1,105,39.51469,41.797535,33.657013,38.074844,45.742523,43.20877
173,19.25,825.4325,1,105,39.560143,41.836918,33.698376,38.11657,45.783596,43.24845
174,19.5,825.12244,1,105,39.605545,41.87667,33.739944,38.158474,45.82491,43.288387
175,19.75,824.81287,1,105,39.65086,41.916714,33.78168,38.200523,45.8664,43.328533
176,20.0,825.20087,1,105,39.55569,41.845104,33.397026,37.83041,45.556778,43.24046
177,20.25,824.9688,1,105,39.588753,41.86283,33.41956,37.85392,45.578537,43.256268
178,20.5,824.7364,1,105,39.62194,41.881836,33.44301,37.87827,45.60127,43.273277
179,20.75,824.50385,1,105,39.655205,41.90198,33.467247,37.903343,45.624847,43.29137
180,21.0,824.4947,1,105,39.630955,41.886707,33.288143,37.73693,45.49154,43.229286
181,21.25,824.3164,1,105,39.655113,41.886753,33.29546,37.74577,45.497643,43.22771
182,21.5,824.1347,1,105,39.679962,41.890167,33.305317,37.756985,45.506428,43.2289
183,21.75,823.95105,1,105,39.705265,41.896168,33.31711,37.77,45.517246,43.23231
184,22.0,824.9693,1,105,35.948128,41.692947,32.730125,37.228374,45.05374,42.933083
185,22.25,824.91583,1,105,35.954266,41.667046,32.71086,37.21115,45.03287,42.900333
186,22.5,824.86487,1,105,35.96,41.64207,32.692287,37.194542,45.012775,42.86887
187,22.75,824.81647,1,105,35.96535,41.617992,32.674377,37.17851,44.993427,42.83861
188,23.0,825.36584,1,105,35.603542,41.214516,31.734533,36.331383,44.335197,42.332497
189,23.25,825.43494,1,105,35.589397,41.166195,31.693222,36.292416,44.29121,42.27257
190,23.5,825.50934,1,105,35.574516,41.118576,31.652342,36.25378,44.247765,42.214024
191,23.75,825.58875,1,105,35.55895,41.07166,31.611874,36.215485,44.20485,42.156815
192,0.0,820.30707,1,105,30.09239,41.423153,32.448418,36.99811,44.79851,42.5833
193,0.25,820.13153,1,105,30.11898,41.41896,32.45034,37.001812,44.79898,42.57334
194,0.5,806.13,1,105,32.127575,42.21849,33.520493,38.141624,45.820274,43.293716
195,0.75,805.7009,1,105,32.189987,42.288578,33.588154,38.208862,45.88824,43.354923
196,1.0,787.34576,1,105,34.364864,44.3525,43.288315,45.241966,50.56333,45.001514
197,1.25,786.67694,1,105,34.46071,44.46472,43.369064,45.3327,50.662903,45.101868
198,1.5,786.00885,1,105,34.556396,44.576714,43.449654,45.423267,50.762264,45.20251
199,1.75,785.34186,1,105,34.651863,44.688393,43.530056,45.513626,50.861385,45.303333
200,2.0,483.73602,1,105,29.874962,42.146057,41.00552,41.951363,47.638706,43.106606
201,2.25,484.16577,1,105,29.846851,42.132736,40.987488,41.929848,47.619278,43.092373
202,2.5,484.59372,1,105,29.818819,42.117813,40.969013,41.907856,47.599113,43.076897
203,2.75,485.01932,1,105,29.79092,42.1016,40.950233,41.88559,47.578335,43.060406
204,3.0,485.407,1,105,29.78114,42.076366,40.96996,41.88948,47.568512,42.992146
205,3.25,485.82874,1,105,29.753393,42.056385,40.950172,41.866306,47.54581,42.97255
206,3.5,486.24692,1,105,29.725845,42.03589,40.930347,41.843136,47.522934,42.95252
207,3.75,486.66165,1,105,29.698507,42.014954,40.910515,41.82,47.49992,42.93211
208,4.0,485.46594,1,105,30.315088,42.221962,42.551598,43.069565,48.289043,43.37453
209,4.25,485.4496,1,105,30.31733,42.24972,42.560272,43.078587,48.30375,43.407616
210,4.5,485.4218,1,105,30.320204,42.27683,42.569107,43.08785,48.31846,43.44
211,4.75,485.3815,1,105,30.323786,42.303333,42.57816,43.097404,48.33323,43.471718
212,5.0,489.55823,1,105,36.007347,42.214092,42.110275,42.703773,48.069355,43.306282
213,5.25,489.8814,1,105,35.98653,42.218887,42.10167,42.69279,48.062588,43.31593
214,5.5,490.19934,1,105,35.966064,42.22255,42.0929,42.681683,48.055386,43.324455
215,5.75,490.5122,1,105,35.945934,42.225105,42.083958,42.670437,48.047756,43.331875
216,6.0,486.80603,1,105,36.05551,42.28234,42.317585,42.877296,48.19473,43.421234
217,6.25,486.66888,1,105,36.064995,42.30194,42.327667,42.888485,48.208874,43.444775
218,6.5,486.52896,1,105,36.07464,42.321075,42.337692,42.899643,48.222855,43.467754
219,6.75,486.38638,1,105,36.08443,42.339813,42.347683,42.91078,48.236706,43.49023
220,7.0,486.39005,1,105,39.53381,42.3037,41.834373,42.524387,48.01232,43.36824
221,7.25,486.29272,1,105,39.539326,42.299053,41.83616,42.526943,48.012833,43.366734
222,7.5,486.198,1,105,39.54468,42.2953,41.838116,42.529655,48.013718,43.36577
223,7.75,486.10574,1,105,39.54996,42.292408,41.84024,42.532505,48.014973,43.36533
224,8.0,485.7343,1,105,39.59617,42.308838,42.11109,42.743282,48.140846,43.394806
225,8.25,485.57327,1,105,39.606895,42.320526,42.119606,42.75302,48.15159,43.408226
226,8.5,485.41263,1,105,39.617596,42.332237,42.128098,42.76275,48.162327,43.42155
227,8.75,485.25253,1,105,39.628265,42.34395,42.136574,42.77245,48.173046,43.434772
228,9.0,492.30203,1,105,39.394955,42.265583,41.666527,42.352264,47.883755,43.324615
229,9.25,492.80807,1,105,39.361618,42.2387,41.642567,42.324425,47.855225,43.30127
230,9.5,493.31003,1,105,39.32851,42.211647,41.61867,42.296677,47.8267,43.277557
231,9.75,493.80795,1,105,39.295624,42.184452,41.594845,42.269028,47.798195,43.253513
232,10.0,494.01877,1,105,39.28156,42.171577,41.629295,42.29001,47.80419,43.280563
233,10.25,494.48465,1,105,39.250847,42.146957,41.60726,42.264397,47.777958,43.259453
234,10.5,494.9466,1,105,39.220356,42.12218,41.585297,42.23888,47.751747,43.23799
235,10.75,495.40466,1,105,39.19009,42.097267,41.5634,42.213463,47.725555,43.21619
236,11.0,497.4379,1,105,35.44517,41.99011,41.202156,41.89668,47.49403,43.079815
237,11.25,498.0431,1,105,35.404003,41.951572,41.17129,41.861156,47.4563,43.04213
238,11.5,498.64407,1,105,35.363075,41.913097,41.14055,41.825787,47.418686,43.00446
239,11.75,499.24094,1,105,35.322403,41.874695,41.109936,41.790577,47.38122,42.96682
240,12.0,499.55286,1,105,35.31653,41.871876,41.16773,41.828487,47.39985,43.019634
241,12.25,500.1085,1,105,35.278645,41.838287,41.139927,41.7964,47.366135,42.988052
242,12.5,500.6602,1,105,35.241005,41.804646,41.11222,41.76442,47.33249,42.95624
243,12.75,501.20782,1,105,35.203617,41.771,41.084614,41.73259,47.29894,42.92431
244,13.0,501.1884,1,105,35.246944,41.80922,41.280014,41.88234,47.394424,42.977703
245,13.25,501.65332,1,105,35.215324,41.786915,41.258564,41.85731,47.369255,42.95783
246,13.5,502.11478,1,105,35.18392,41.764137,41.237072,41.832268,47.34393,42.93742
247,13.75,502.57266,1,105,35.15274,41.740948,41.215553,41.807224,47.318474,42.91652
248,14.0,502.41446,1,105,35.225132,41.77413,41.512295,42.038055,47.457596,43.02147
249,14.25,502.74277,1,105,35.203274,41.775173,41.502163,42.02553,47.44839,43.023743
250,14.5,503.06976,1,105,35.1815,41.774048,41.491432,42.012417,47.43812,43.02421
251,14.75,503.3979,1,105,35.159603,41.769966,41.479797,41.998367,47.426308,43.022243
252,15.0,513.90295,1,105,34.508392,40.92051,32.20111,36.567177,44.404938,42.35497
253,15.25,514.9073,1,105,34.43773,40.845882,32.127945,36.494396,44.33147,42.28704
254,15.5,830.5765,1,105,35.32228,41.44337,32.89646,37.30273,45.068302,42.7663
255,15.75,830.3853,1,105,35.35182,41.4354,32.898914,37.307354,45.069023,42.763203
256,16.0,829.4554,1,105,38.95293,41.49237,33.0489,37.46102,45.197628,42.821545
257,16.25,829.2279,1,105,38.985123,41.49012,33.05768,37.47196,45.204678,42.824627
258,16.5,829.00226,1,105,39.016647,41.4884,33.066814,37.483215,45.21214,42.82791
259,16.75,828.7789,1,105,39.04789,41.487087,33.07618,37.49466,45.21986,42.83132
260,17.0,828.40094,1,105,39.10802,41.498577,33.176308,37.593765,45.299225,42.854454
261,17.25,828.1402,1,105,39.14552,41.51482,33.19963,37.618435,45.3215,42.872517
262,17.5,827.8763,1,105,39.18355,41.53366,33.224854,37.64488,45.34578,42.892544
263,17.75,827.61005,1,105,39.221973,41.554653,33.251614,37.672745,45.371685,42.914204
264,18.0,827.0319,1,105,39.330284,41.646637,33.493713,37.909496,45.580803,43.04185
265,18.25,826.72,1,105,39.37597,41.684784,33.53435,37.950584,45.621094,43.08054
266,18.5,826.40845,1,105,39.421608,41.723415,33.57528,37.991936,45.661694,43.119568
267,18.75,826.09735,1,105,39.46717,41.76244,33.61644,38.033485,45.702553,43.15888
268,19.0,825.74066,1,105,39.515015,41.797535,33.657127,38.074978,45.742615,43.208702
269,19.25,825.43024,1,105,39.560467,41.836937,33.698494,38.11671,45.783703,43.248398
270,19.5,825.12024,1,105,39.60587,41.8767,33.740078,38.158623,45.825027,43.28835
271,19.75,824.81055,1,105,39.651188,41.91676,33.781822,38.20068,45.866535,43.328514
272,20.0,825.19867,1,105,39.555996,41.845108,33.397118,37.83053,45.556858,43.2404
273,20.25,824.9666,1,105,39.58906,41.86285,33.419678,37.85405,45.57864,43.256226
274,20.5,824.7342,1,105,39.62225,41.881886,33.443142,37.878414,45.601387,43.273262
275,20.75,824.5017,1,105,39.655514,41.902046,33.46739,37.9035,45.624977,43.291374
276,21.0,824.49255,1,105,39.631245,41.886734,33.288246,37.737053,45.49163,43.229263
277,21.25,824.3142,1,105,39.655407,41.886803,33.295586,37.745907,45.497757,43.22771
278,21.5,824.13257,1,105,39.68026,41.890247,33.30546,37.757145,45.50656,43.22893
279,21.75,823.94885,1,105,39.705563,41.896267,33.31727,37.770172,45.5174,43.23236
280,22.0,824.9669,1,105,35.948475,41.693123,32.730343,37.228596,45.053947,42.933205
281,22.25,824.91345,1,105,35.954605,41.667233,32.71108,37.21138,45.033073,42.900467
282,22.5,824.8625,1,105,35.96034,41.642258,32.692505,37.19477,45.01299,42.869003
283,22.75,824.8141,1,105,35.965687,41.618183,32.6746,37.178745,44.99364,42.838757
284,23.0,825.36334,1,105,35.603897,41.214752,31.734793,36.331654,44.335445,42.332687
285,23.25,825.4324,1,105,35.58975,41.166435,31.693481,36.292683,44.291462,42.27277
286,23.5,825.50684,1,105,35.574863,41.118816,31.652603,36.25405,44.248013,42.214226
287,23.75,825.58624,1,105,35.55929,41.071896,31.612135,36.21575,44.2051,42.157017
288,0.0,820.30505,1,105,30.092693,41.423336,32.44862,36.99832,44.79871,42.583454
289,0.25,820.1295,1,105,30.11928,41.41915,32.450542,37.00203,44.79918,42.5735
290,0.5,806.12476,1,105,32.12834,42.21934,33.521317,38.142445,45.8211,43.294506
291,0.75,805.69574,1,105,32.190746,42.28943,33.588974,38.209675,45.88906,43.355713
292,1.0,787.3416,1,105,34.365463,44.353195,43.288822,45.242535,50.563957,45.002182
293,1.25,786.6727,1,105,34.46131,44.46542,43.369564,45.333267,50.663532,45.10253
294,1.5,786.0046,1,105,34.55699,44.577408,43.45015,45.423832,50.762882,45.20317
295,1.75,785.33777,1,105,34.652454,44.68908,43.530556,45.514183,50.861996,45.303993
296,2.0,483.7402,1,105,29.874683,42.145767,41.00529,41.951107,47.63843,43.106327
297,2.25,484.16995,1,105,29.846571,42.132446,40.987263,41.929592,47.619003,43.092094
298,2.5,484.59796,1,105,29.818546,42.11753,40.968792,41.9076,47.598846,43.076626
299,2.75,485.0235,1,105,29.790648,42.10132,40.950016,41.885345,47.578064,43.060135
300,3.0,485.4112,1,105,29.780865,42.076084,40.969746,41.889233,47.56825,42.99188
301,3.25,485.83286,1,105,29.753117,42.05611,40.94996,41.866062,47.545547,42.97228
302,3.5,486.251,1,105,29.725574,42.035614,40.93013,41.842888,47.522663,42.95225
303,3.75,486.66568,1,105,29.69824,42.014683,40.9103,41.81976,47.499657,42.93185
304,4.0,485.4701,1,105,30.314812,42.22169,42.551388,43.06933,48.28879,43.374264
305,4.25,485.45367,1,105,30.31706,42.24945,42.560066,43.07835,48.303497,43.407356
306,4.5,485.42587,1,105,30.319935,42.27656,42.5689,43.087612,48.318207,43.43974
307,4.75,485.38553,1,105,30.32352,42.303066,42.577957,43.09717,48.332973,43.47146
308,5.0,489.56213,1,105,36.007088,42.21383,42.110073,42.703545,48.069103,43.306023
309,5.25,489.88522,1,105,35.98627,42.218624,42.10147,42.692566,48.06234,43.31567
310,5.5,490.2032,1,105,35.96581,42.222286,42.092697,42.681454,48.055138,43.324196
311,5.75,490.51602,1,105,35.94568,42.224846,42.083755,42.67021,48.047512,43.331615
312,6.0,486.80984,1,105,36.05526,42.28208,42.31739,42.877075,48.19449,43.42098
313,6.25,486.67276,1,105,36.064747,42.301685,42.32747,42.888264,48.208633,43.44452
314,6.5,486.53275,1,105,36.074387,42.320824,42.3375,42.899426,48.222614,43.467503
315,6.75,486.39017,1,105,36.08418,42.339565,42.347492,42.910564,48.236465,43.48998
316,7.0,486.39383,1,105,39.533558,42.303444,41.834183,42.52417,48.012085,43.36799
317,7.25,486.29645,1,105,39.539074,42.2988,41.835968,42.526722,48.012596,43.366486
318,7.5,486.20172,1,105,39.544437,42.295048,41.83792,42.52943,48.01348,43.36552
319,7.75,486.10947,1,105,39.549717,42.292156,41.840054,42.532288,48.014732,43.36508
320,8.0,485.73798,1,105,39.59593,42.308594,42.11091,42.74307,48.140614,43.394566
321,8.25,485.57687,1,105,39.60666,42.320286,42.119415,42.75281,48.15136,43.40798
322,8.5,485.41623,1,105,39.617363,42.331993,42.127914,42.76253,48.162098,43.42131
323,8.75,485.2561,1,105,39.62803,42.343708,42.136395,42.772232,48.172817,43.43453
324,9.0,492.30545,1,105,39.39473,42.26535,41.666348,42.352062,47.883533,43.32438
325,9.25,492.81146,1,105,39.361393,42.23847,41.642387,42.32422,47.855,43.301037
326,9.5,493.31342,1,105,39.328285,42.21142,41.618496,42.296474,47.82648,43.277325
327,9.75,493.8113,1,105,39.295403,42.18422,41.594673,42.268826,47.797977,43.25328
328,10.0,494.0221,1,105,39.281334,42.171345,41.62912,42.289806,47.803974,43.28033
329,10.25,494.48795,1,105,39.250626,42.146725,41.607086,42.264202,47.777744,43.259228
330,10.5,494.9499,1,105,39.22014,42.121952,41.585125,42.238686,47.75153,43.237762
331,10.75,495.4079,1,105,39.18987,42.09704,41.56323,42.21327,47.72534,43.21596
332,11.0,497.44104,1,105,35.444954,41.989887,41.201992,41.89649,47.493824,43.07959
333,11.25,498.0463,1,105,35.403786,41.95135,41.171124,41.860966,47.45609,43.04191
334,11.5,498.64725,1,105,35.362865,41.91288,41.14038,41.825596,47.418476,43.004234
335,11.75,499.24408,1,105,35.32218,41.874477,41.10977,41.790386,47.381016,42.966602
336,12.0,499.556,1,105,35.316315,41.871655,41.167564,41.828297,47.399647,43.019417
337,12.25,500.11157,1,105,35.27843,41.838066,41.139763,41.796207,47.365936,42.98783
338,12.5,500.6632,1,105,35.240795,41.804432,41.11205,41.764236,47.332287,42.95602
339,12.75,501.21094,1,105,35.203407,41.77079,41.084454,41.732407,47.29874,42.924095
340,13.0,501.1915,1,105,35.246735,41.809002,41.279854,41.882153,47.394215,42.977486
341,13.25,501.6564,1,105,35.215115,41.786697,41.258408,41.85713,47.36905,42.957615
342,13.5,502.1178,1,105,35.183712,41.763924,41.236908,41.832085,47.343727,42.937206
343,13.75,502.57568,1,105,35.15254,41.740734,41.215393,41.807037,47.318275,42.91631
344,14.0,502.4175,1,105,35.224926,41.77392,41.51214,42.03787,47.457397,43.02125
345,14.25,502.74582,1,105,35.203064,41.77496,41.502,42.02535,47.44819,43.023525
346,14.5,503.07275,1,105,35.181293,41.77384,41.491276,42.012234,47.437927,43.024
347,14.75,503.40085,1,105,35.1594,41.769756,41.47964,41.998184,47.426113,43.022034
348,15.0,513.90576,1,105,34.508194,40.920315,32.200916,36.566982,44.40474,42.354763
349,15.25,514.91003,1,105,34.437534,40.845688,32.127747,36.494198,44.331272,42.286842
350,15.5,830.5771,1,105,35.322193,41.44325,32.896347,37.30262,45.06819,42.76618
351,15.75,830.3859,1,105,35.351734,41.435276,32.898808,37.307247,45.068916,42.763084
352,16.0,829.45593,1,105,38.952835,41.492252,33.04879,37.460907,45.19751,42.82142
353,16.25,829.2286,1,105,38.985027,41.49,33.05756,37.47185,45.204567,42.824505
354,16.5,829.00287,1,105,39.016556,41.488274,33.0667,37.48311,45.21202,42.827785
355,16.75,828.7795,1,105,39.047794,41.48697,33.076065,37.494545,45.21974,42.831196
356,17.0,828.4016,1,105,39.107933,41.498463,33.1762,37.593662,45.299114,42.854336
357,17.25,828.1408,1,105,39.145435,41.514706,33.19953,37.618336,45.321396,42.872402
358,17.5,827.87683,1,105,39.183468,41.533558,33.22475,37.644775,45.345676,42.892433
359,17.75,827.61066,1,105,39.22189,41.554546,33.25152,37.67265,45.371586,42.914097
360,18.0,827.03253,1,105,39.330196,41.646538,33.493614,37.909393,45.580704,43.041748
361,18.25,826.7206,1,105,39.375885,41.68468,33.534256,37.950493,45.620995,43.080437
362,18.5,826.40906,1,105,39.42152,41.723312,33.575188,37.991844,45.661602,43.119465
363,18.75,826.0979,1,105,39.467083,41.762337,33.616344,38.033394,45.702457,43.158775
364,19.0,825.7412,1,105,39.51493,41.79744,33.657032,38.07489,45.742523,43.2086
365,19.25,825.4308,1,105,39.560383,41.83684,33.698402,38.116615,45.78361,43.248295
366,19.5,825.1207,1,105,39.605785,41.876602,33.739986,38.158535,45.824936,43.28825
367,19.75,824.81116,1,105,39.651104,41.916668,33.78173,38.20059,45.86644,43.328415
368,20.0,825.1992,1,105,39.555904,41.845013,33.397026,37.830433,45.55677,43.240295
369,20.25,824.9672,1,105,39.588978,41.862755,33.419582,37.85396,45.57855,43.256126
370,20.5,824.73474,1,105,39.622166,41.88179,33.443047,37.878323,45.60129,43.273163
371,20.75,824.5022,1,105,39.65543,41.901947,33.467297,37.903404,45.624886,43.29128
372,21.0,824.4931,1,105,39.63116,41.88664,33.28816,37.73696,45.49154,43.229168
373,21.25,824.3147,1,105,39.65532,41.88671,33.29549,37.74582,45.497665,43.22761
374,21.5,824.13306,1,105,39.680176,41.890152,33.30537,37.757053,45.50647,43.228836
375,21.75,823.94946,1,105,39.705475,41.896175,33.317177,37.770084,45.517307,43.23227
376,22.0,824.96747,1,105,35.94839,41.693035,32.73025,37.22851,45.053856,42.93311
377,22.25,824.914,1,105,35.954525,41.66714,32.71099,37.211292,45.032993,42.90037
378,22.5,824.86304,1,105,35.960262,41.642174,32.69242,37.19468,45.0129,42.868916
379,22.75,824.8147,1,105,35.965607,41.618095,32.674515,37.178658,44.99356,42.83867
380,23.0,825.36395,1,105,35.603817,41.214664,31.734707,36.331562,44.33536,42.332596
381,23.25,825.4329,1,105,35.58967,41.16635,31.6934,36.2926,44.291378,42.272686
382,23.5,825.5073,1,105,35.574787,41.11873,31.652517,36.253967,44.24793,42.214138
383,23.75,825.5869,1,105,35.559216,41.07181,31.612051,36.215668,44.205017,42.15693
384,0.0,820.3056,1,105,30.092613,41.42325,32.448532,36.998234,44.798622,42.583366
385,0.25,820.1302,1,105,30.119198,41.419064,32.45046,37.00194,44.79909,42.57341
386,0.5,806.1263,1,105,32.12811,42.21908,33.521065,38.142197,45.820843,43.294254
387,0.75,805.6973,1,105,32.190514,42.28917,33.58872,38.20943,45.888813,43.35546
388,1.0,787.3429,1,105,34.36528,44.352985,43.288662,45.24236,50.563763,45.00197
389,1.25,786.67395,1,105,34.46112,44.465206,43.36941,45.33309,50.663334,45.10232
390,1.5,786.0059,1,105,34.556805,44.577194,43.449997,45.423656,50.762688,45.20296
391,1.75,785.33905,1,105,34.652275,44.68887,43.530403,45.51401,50.8618,45.303787
392,2.0,483.73825,1,105,29.874811,42.145966,41.005417,41.95125,47.638588,43.106506
393,2.25,484.16803,1,105,29.846703,42.132637,40.98738,41.929726,47.61916,43.092266
394,2.5,484.596,1,105,29.818672,42.11771,40.968906,41.90773,47.598995,43.07679
395,2.75,485.0216,1,105,29.790775,42.101494,40.950127,41.88547,47.57821,43.06029
396,3.0,485.4093,1,105,29.780989,42.076256,40.969852,41.88935,47.568394,42.99203
397,3.25,485.83096,1,105,29.753242,42.056274,40.950066,41.866188,47.54569,42.972435
398,3.5,486.24915,1,105,29.7257,42.035774,40.93024,41.843014,47.522804,42.952396
399,3.75,486.66385,1,105,29.698362,42.014835,40.910408,41.819874,47.49979,42.93199
400,4.0,485.46826,1,105,30.314938,42.221836,42.551487,43.06944,48.288918,43.374405
401,4.25,485.45184,1,105,30.317183,42.249596,42.560165,43.07846,48.30362,43.40749
402,4.5,485.42404,1,105,30.320055,42.276703,42.569,43.087723,48.318325,43.439877
403,4.75,485.38376,1,105,30.32364,42.303207,42.578053,43.097286,48.3331,43.471592
404,5.0,489.5603,1,105,36.007214,42.21397,42.110172,42.703655,48.06923,43.30616
405,5.25,489.88342,1,105,35.986393,42.218765,42.101574,42.692677,48.06246,43.315807
406,5.5,490.2014,1,105,35.965927,42.22243,42.092796,42.68157,48.055267,43.324333
407,5.75,490.51425,1,105,35.9458,42.224983,42.083855,42.670322,48.04764,43.33175
408,6.0,486.8081,1,105,36.055378,42.282215,42.31749,42.877182,48.19461,43.42111
409,6.25,486.67096,1,105,36.06486,42.301815,42.327568,42.88837,48.208748,43.444653
410,6.5,486.531,1,105,36.074505,42.32095,42.337597,42.899532,48.222733,43.46763
411,6.75,486.38846,1,105,36.084293,42.339687,42.347584,42.91067,48.236584,43.490105
412,7.0,486.39206,1,105,39.53368,42.303574,41.83428,42.524273,48.012203,43.368114
413,7.25,486.29465,1,105,39.539192,42.298927,41.836056,42.52683,48.012707,43.366608
414,7.5,486.19995,1,105,39.54455,42.295174,41.838017,42.529537,48.0136,43.365646
415,7.75,486.10773,1,105,39.54983,42.292282,41.84014,42.532394,48.01485,43.36521
416,8.0,485.73624,1,105,39.596043,42.308712,42.110996,42.743168,48.140728,43.394688
417,8.25,485.5752,1,105,39.606773,42.320408,42.119507,42.752914,48.15147,43.408104
418,8.5,485.41455,1,105,39.617474,42.33211,42.128006,42.762634,48.162205,43.42143
419,8.75,485.25443,1,105,39.628143,42.343822,42.136482,42.772335,48.172928,43.434647
420,9.0,492.30383,1,105,39.394836,42.26546,41.66643,42.35216,47.883636,43.324493
421,9.25,492.80984,1,105,39.361504,42.23858,41.642475,42.324318,47.855106,43.30115
422,9.5,493.31183,1,105,39.328392,42.21153,41.61858,42.29657,47.826588,43.27744
423,9.75,493.80972,1,105,39.295506,42.184334,41.594757,42.26892,47.798084,43.25339
424,10.0,494.02045,1,105,39.28144,42.171455,41.629204,42.2899,47.804077,43.28044
425,10.25,494.4864,1,105,39.250732,42.146835,41.60717,42.264294,47.777843,43.259335
426,10.5,494.94833,1,105,39.22024,42.12206,41.585205,42.238777,47.751633,43.23787
427,10.75,495.40634,1,105,39.189972,42.09715,41.563313,42.21336,47.725445,43.216076
428,11.0,497.43954,1,105,35.445053,41.989994,41.202072,41.896576,47.49392,43.079697
429,11.25,498.0448,1,105,35.40389,41.951458,41.1712,41.861057,47.456192,43.042015
430,11.5,498.64575,1,105,35.36297,41.912987,41.14046,41.825684,47.418587,43.00434
431,11.75,499.2426,1,105,35.322285,41.874584,41.10985,41.790474,47.381115,42.96671
432,12.0,499.55447,1,105,35.316414,41.87176,41.167645,41.828384,47.399742,43.019524
433,12.25,500.11008,1,105,35.278534,41.838173,41.13984,41.796295,47.36603,42.987938
434,12.5,500.6618,1,105,35.240894,41.804535,41.11213,41.764324,47.332382,42.956127
435,12.75,501.20944,1,105,35.20351,41.77089,41.084534,41.732494,47.298836,42.924202
436,13.0,501.19006,1,105,35.246834,41.80911,41.27993,41.88224,47.394318,42.977592
437,13.25,501.65494,1,105,35.215214,41.7868,41.25848,41.857216,47.369144,42.957718
438,13.5,502.11633,1,105,35.183807,41.764027,41.236988,41.83217,47.343826,42.93731
439,13.75,502.57428,1,105,35.152634,41.740837,41.21547,41.807125,47.31837,42.916412
440,14.0,502.41602,1,105,35.22502,41.77402,41.512215,42.037956,47.457493,43.021355
441,14.25,502.7444,1,105,35.203163,41.775063,41.50208,42.025433,47.44829,43.023632
442,14.5,503.07126,1,105,35.181393,41.773937,41.49135,42.012318,47.43802,43.0241
443,14.75,503.39944,1,105,35.1595,41.76986,41.479717,41.998272,47.426205,43.022137
444,15.0,513.9044,1,105,34.50829,40.920406,32.20101,36.567074,44.40483,42.354862
445,15.25,514.9087,1,105,34.437626,40.84578,32.127842,36.494293,44.331367,42.286934
446,15.5,830.5764,1,105,35.32229,41.443348,32.896446,37.30272,45.068287,42.766277
447,15.75,830.38525,1,105,35.35183,41.435375,32.898903,37.307343,45.06901,42.76318
448,16.0,829.4553,1,105,38.95293,41.492348,33.04889,37.461006,45.197605,42.82152
449,16.25,829.22784,1,105,38.985126,41.4901,33.05766,37.471943,45.204662,42.8246
450,16.5,829.00226,1,105,39.016655,41.488373,33.066795,37.483204,45.212116,42.827885
451,16.75,828.7788,1,105,39.047894,41.48707,33.07616,37.494644,45.21984,42.83129
452,17.0,828.40094,1,105,39.108025,41.498558,33.1763,37.59376,45.29921,42.85444
453,17.25,828.1401,1,105,39.145523,41.514805,33.199623,37.618435,45.321487,42.872498
454,17.5,827.8762,1,105,39.18356,41.53365,33.22485,37.644875,45.34577,42.892525
455,17.75,827.61,1,105,39.22198,41.55464,33.251614,37.67274,45.371677,42.914192
456,18.0,827.03186,1,105,39.33029,41.64663,33.49371,37.90949,45.580803,43.041843
457,18.25,826.7199,1,105,39.375977,41.68478,33.534348,37.950584,45.62109,43.08053
458,18.5,826.4084,1,105,39.421616,41.723404,33.57528,37.99194,45.661694,43.11956
459,18.75,826.0973,1,105,39.46718,41.762436,33.61644,38.033493,45.702553,43.15887
460,19.0,825.7406,1,105,39.515026,41.797535,33.657127,38.07498,45.742615,43.20869
461,19.25,825.4302,1,105,39.560474,41.836933,33.698494,38.11671,45.783703,43.248394
462,19.5,825.1202,1,105,39.60588,41.876698,33.740078,38.158627,45.825027,43.288345
463,19.75,824.8105,1,105,39.651196,41.91676,33.781826,38.20068,45.866535,43.32851
464,20.0,825.1986,1,105,39.555996,41.845104,33.397118,37.83053,45.556858,43.240387
465,20.25,824.9666,1,105,39.58907,41.86285,33.419678,37.85405,45.57864,43.25622
466,20.5,824.73413,1,105,39.622257,41.881886,33.443142,37.878418,45.601387,43.27326
467,20.75,824.5015,1,105,39.65552,41.90204,33.46739,37.9035,45.624977,43.29137
468,21.0,824.4925,1,105,39.63125,41.88673,33.28825,37.737053,45.49163,43.22926
469,21.25,824.3141,1,105,39.655415,41.886803,33.295586,37.745914,45.497757,43.227707
470,21.5,824.1325,1,105,39.680267,41.890247,33.30546,37.757145,45.50656,43.22893
471,21.75,823.9487,1,105,39.70557,41.896267,33.317272,37.770176,45.517403,43.232357
472,22.0,824.96686,1,105,35.948483,41.69313,32.730343,37.228603,45.05395,42.933205
473,22.25,824.9134,1,105,35.954613,41.667233,32.71108,37.211384,45.03308,42.900467
474,22.5,824.8624,1,105,35.96035,41.64226,32.692513,37.194775,45.012997,42.869003
475,22.75,824.814,1,105,35.9657,41.61819,32.674606,37.178745,44.99365,42.838757
476,23.0,825.3632,1,105,35.603905,41.21476,31.734795,36.331654,44.335453,42.33269
477,23.25,825.4324,1,105,35.58976,41.16644,31.693493,36.29269,44.29147,42.272774
478,23.5,825.50684,1,105,35.57487,41.118816,31.652605,36.254055,44.248016,42.214226
479,23.75,825.5862,1,105,35.559307,41.071903,31.61214,36.21576,44.20511,42.15702
480,0.0,820.305,1,105,30.092701,41.42334,32.44862,36.998325,44.79871,42.583454
481,0.25,820.12946,1,105,30.119291,41.41915,32.45055,37.002033,44.799183,42.5735
482,0.5,806.12476,1,105,32.12834,42.21934,33.521317,38.142445,45.8211,43.294506
483,0.75,805.69574,1,105,32.190746,42.28943,33.588974,38.20968,45.88906,43.355713
484,1.0,787.3416,1,105,34.36547,44.353203,43.288822,45.242535,50.56396,45.002182
485,1.25,786.6727,1,105,34.46131,44.46542,43.36957,45.333267,50.663532,45.10253
486,1.5,786.0046,1,105,34.55699,44.577408,43.450157,45.423832,50.762882,45.203175
487,1.75,785.33777,1,105,34.652454,44.689083,43.530556,45.514183,50.861996,45.303997
488,2.0,483.7402,1,105,29.874683,42.145767,41.005295,41.951107,47.63843,43.106327
489,2.25,484.16995,1,105,29.846571,42.132446,40.987263,41.9296,47.619003,43.092102
490,2.5,484.59796,1,105,29.818546,42.11753,40.968792,41.907604,47.598846,43.076626
491,2.75,485.0235,1,105,29.790648,42.101322,40.950016,41.885345,47.578064,43.060135
492,3.0,485.4112,1,105,29.780865,42.07609,40.969746,41.889233,47.56825,42.99188
493,3.25,485.83286,1,105,29.753117,42.05611,40.94996,41.866062,47.545547,42.97228
494,3.5,486.251,1,105,29.725574,42.035614,40.93013,41.842896,47.52267,42.95225
495,3.75,486.66568,1,105,29.69824,42.014683,40.9103,41.81976,47.499657,42.93185
496,4.0,485.4701,1,105,30.314812,42.22169,42.551388,43.06933,48.28879,43.374264
497,4.25,485.45367,1,105,30.31706,42.24945,42.560066,43.07835,48.303497,43.407356
498,4.5,485.42587,1,105,30.319935,42.27656,42.568905,43.087612,48.318207,43.43974
499,4.75,485.38553,1,105,30.32352,42.303066,42.577957,43.09718,48.332973,43.47146
500,5.0,489.56213,1,105,36.007088,42.21383,42.110073,42.703545,48.069103,43.306023
501,5.25,489.88522,1,105,35.98627,42.218624,42.10147,42.692566,48.06234,43.31567
502,5.5,490.2032,1,105,35.96581,42.222286,42.092697,42.681454,48.055138,43.324196
503,5.75,490.51602,1,105,35.94568,42.224846,42.08376,42.67021,48.047512,43.331615
504,6.0,486.80984,1,105,36.05526,42.28209,42.317398,42.877075,48.19449,43.42098
505,6.25,486.67276,1,105,36.064747,42.301685,42.327477,42.888264,48.208633,43.444527
506,6.5,486.53275,1,105,36.074387,42.320824,42.3375,42.899426,48.222614,43.467503
507,6.75,486.39017,1,105,36.08418,42.339565,42.347492,42.910564,48.236465,43.489983
508,7.0,486.39383,1,105,39.533558,42.303448,41.834183,42.52417,48.012085,43.36799
509,7.25,486.29645,1,105,39.539074,42.2988,41.835968,42.526722,48.012596,43.366486
510,7.5,486.20172,1,105,39.544437,42.295048,41.83792,42.52943,48.01348,43.36552
511,7.75,486.10947,1,105,39.549717,42.292156,41.840054,42.53229,48.014732,43.36508
512,8.0,485.73795,1,105,39.59593,42.308594,42.11091,42.74307,48.140614,43.394566
513,8.25,485.57687,1,105,39.60666,42.320286,42.119415,42.75281,48.15136,43.40798
514,8.5,485.41623,1,105,39.617363,42.331993,42.127914,42.76253,48.162098,43.42131
515,8.75,485.2561,1,105,39.62803,42.343708,42.136395,42.77224,48.172817,43.43453
516,9.0,492.30545,1,105,39.39473,42.26535,41.666348,42.352062,47.883533,43.32438
517,9.25,492.81146,1,105,39.361397,42.23847,41.64239,42.32422,47.855,43.301037
518,9.5,493.31342,1,105,39.328285,42.21142,41.618496,42.296474,47.82648,43.277325
519,9.75,493.8113,1,105,39.295403,42.184223,41.594673,42.268826,47.797977,43.25328
520,10.0,494.0221,1,105,39.281334,42.171345,41.62912,42.289806,47.803974,43.28033
521,10.25,494.48795,1,105,39.250626,42.14673,41.607086,42.264202,47.777744,43.259228
522,10.5,494.9499,1,105,39.22014,42.121952,41.585125,42.238686,47.75153,43.237762
523,10.75,495.4079,1,105,39.18987,42.09704,41.56323,42.21327,47.72534,43.21596
524,11.0,497.44104,1,105,35.444954,41.989887,41.201992,41.89649,47.493824,43.07959
525,11.25,498.04623,1,105,35.403786,41.95135,41.171124,41.860966,47.45609,43.04191
526,11.5,498.64722,1,105,35.362865,41.91288,41.14038,41.825596,47.418476,43.004242
527,11.75,499.24408,1,105,35.322186,41.874477,41.10977,41.790386,47.381016,42.966602
528,12.0,499.55594,1,105,35.316315,41.871655,41.167564,41.828297,47.399647,43.019417
529,12.25,500.11157,1,105,35.27843,41.838066,41.139763,41.796207,47.365936,42.98783
530,12.5,500.6632,1,105,35.240795,41.804432,41.11205,41.764236,47.33229,42.95602
531,12.75,501.21094,1,105,35.203407,41.77079,41.084454,41.732407,47.29874,42.924095
532,13.0,501.1915,1,105,35.246735,41.809002,41.279854,41.882153,47.394215,42.977486
533,13.25,501.65634,1,105,35.215115,41.786697,41.258408,41.85713,47.36905,42.957615
534,13.5,502.1178,1,105,35.183712,41.763924,41.236908,41.832085,47.343727,42.937206
535,13.75,502.57568,1,105,35.15254,41.740734,41.215393,41.807037,47.318275,42.91631
536,14.0,502.4175,1,105,35.224926,41.77392,41.51214,42.03787,47.457397,43.02125
537,14.25,502.74582,1,105,35.203064,41.77496,41.502007,42.02535,47.448193,43.023525
538,14.5,503.07275,1,105,35.181293,41.77384,41.491276,42.012234,47.437927,43.024002
539,14.75,503.40085,1,105,35.1594,41.76976,41.47964,41.998184,47.426113,43.02204
540,15.0,513.90576,1,105,34.508194,40.920315,32.200916,36.566982,44.40474,42.354763
541,15.25,514.91003,1,105,34.437534,40.845688,32.127747,36.494198,44.331272,42.286842
542,15.5,830.5771,1,105,35.322193,41.44325,32.896347,37.302624,45.06819,42.76618
543,15.75,830.3859,1,105,35.351734,41.435276,32.898808,37.307247,45.068916,42.763084
544,16.0,829.45593,1,105,38.952835,41.492252,33.04879,37.460907,45.19751,42.821423
545,16.25,829.2286,1,105,38.985027,41.49,33.05756,37.47185,45.204567,42.824505
546,16.5,829.00287,1,105,39.016556,41.488274,33.0667,37.48311,45.21202,42.827785
547,16.75,828.7795,1,105,39.047794,41.48697,33.076065,37.494545,45.21974,42.831196
548,17.0,828.4016,1,105,39.107933,41.498463,33.176205,37.593662,45.299114,42.854336
549,17.25,828.1408,1,105,39.145435,41.514706,33.19953,37.61834,45.321396,42.872406
550,17.5,827.87683,1,105,39.183468,41.533558,33.22475,37.644775,45.345676,42.892433
551,17.75,827.61066,1,105,39.22189,41.554546,33.25152,37.67265,45.371586,42.914097
552,18.0,827.03253,1,105,39.330196,41.646538,33.493614,37.909393,45.580704,43.041748
553,18.25,826.7206,1,105,39.375885,41.68468,33.534256,37.950493,45.620995,43.080437
554,18.5,826.40906,1,105,39.42152,41.723312,33.575188,37.991844,45.661602,43.119465
555,18.75,826.0979,1,105,39.467087,41.76234,33.616344,38.033394,45.70246,43.158775
556,19.0,825.7412,1,105,39.51493,41.79744,33.657032,38.07489,45.742523,43.2086
557,19.25,825.4308,1,105,39.560383,41.83684,33.698402,38.116615,45.78361,43.248295
558,19.5,825.1207,1,105,39.605785,41.876602,33.739986,38.158535,45.824936,43.28825
559,19.75,824.81116,1,105,39.651104,41.916668,33.78173,38.20059,45.86644,43.328415
560,20.0,825.1992,1,105,39.555904,41.845013,33.397026,37.830433,45.55677,43.240295
561,20.25,824.9672,1,105,39.588978,41.86276,33.419582,37.853962,45.57855,43.256126
562,20.5,824.73474,1,105,39.622166,41.88179,33.443047,37.878323,45.60129,43.273163
563,20.75,824.5022,1,105,39.65543,41.901947,33.467297,37.903404,45.624886,43.29128
564,21.0,824.4931,1,105,39.63116,41.88664,33.28816,37.73696,45.49154,43.229168
565,21.25,824.3147,1,105,39.65532,41.88671,33.29549,37.74582,45.497665,43.22762
566,21.5,824.13306,1,105,39.680176,41.890152,33.30537,37.757057,45.50647,43.228836
567,21.75,823.94946,1,105,39.705482,41.896175,33.317177,37.770084,45.517307,43.23227
568,22.0,824.96747,1,105,35.948395,41.69304,32.73025,37.22851,45.053856,42.93311
569,22.25,824.914,1,105,35.954525,41.66714,32.71099,37.211292,45.032993,42.90037
570,22.5,824.86304,1,105,35.960262,41.642174,32.69242,37.19468,45.0129,42.868916
571,22.75,824.8147,1,105,35.965607,41.618095,32.674515,37.178658,44.99356,42.83867
572,23.0,825.36395,1,105,35.603817,41.214664,31.734707,36.331566,44.33536,42.332596
573,23.25,825.4329,1,105,35.58967,41.16635,31.6934,36.2926,44.291378,42.272686
574,23.5,825.5073,1,105,35.574787,41.11873,31.652517,36.253967,44.24793,42.214138
575,23.75,825.5869,1,105,35.559216,41.07181,31.612051,36.215668,44.205017,42.15693
576,0.0,820.3056,1,105,30.092613,41.42325,32.448532,36.998238,44.798622,42.583366
577,0.25,820.1302,1,105,30.119198,41.419064,32.45046,37.00194,44.79909,42.57341
578,0.5,806.1263,1,105,32.12811,42.21908,33.521065,38.142197,45.820843,43.294254
579,0.75,805.6973,1,105,32.190514,42.28917,33.58872,38.20943,45.888813,43.35546
580,1.0,787.3429,1,105,34.36528,44.352985,43.288662,45.24236,50.563763,45.00197
581,1.25,786.67395,1,105,34.46112,44.465206,43.36941,45.33309,50.663334,45.10232
582,1.5,786.0059,1,105,34.556805,44.577194,43.449997,45.423656,50.762688,45.20296
583,1.75,785.33905,1,105,34.652275,44.68887,43.530403,45.51401,50.8618,45.303787
584,2.0,483.73825,1,105,29.874811,42.145966,41.005417,41.95125,47.63859,43.106506
585,2.25,484.16803,1,105,29.846703,42.132637,40.98738,41.929726,47.61916,43.092266
586,2.5,484.596,1,105,29.818678,42.11771,40.968906,41.90773,47.598995,43.07679
587,2.75,485.0216,1,105,29.790775,42.101494,40.950127,41.88547,47.57821,43.0603
588,3.0,485.4093,1,105,29.780989,42.076256,40.969852,41.88935,47.568394,42.99203
589,3.25,485.83096,1,105,29.753242,42.056274,40.950066,41.866188,47.54569,42.972435
590,3.5,486.24915,1,105,29.7257,42.035774,40.93024,41.843014,47.522804,42.952396
591,3.75,486.66385,1,105,29.698362,42.014835,40.910408,41.819874,47.49979,42.93199
592,4.0,485.4682,1,105,30.314938,42.221836,42.551487,43.06944,48.288918,43.374405
593,4.25,485.45184,1,105,30.317183,42.249596,42.56017,43.07846,48.30362,43.40749
594,4.5,485.42404,1,105,30.320055,42.276703,42.569,43.087723,48.318333,43.439877
595,4.75,485.38376,1,105,30.32364,42.303207,42.578053,43.097286,48.3331,43.471592
596,5.0,489.5603,1,105,36.007214,42.21397,42.110172,42.703655,48.06923,43.30616
597,5.25,489.88342,1,105,35.986393,42.218765,42.101574,42.692677,48.06246,43.315807
598,5.5,490.2014,1,105,35.965927,42.22243,42.092796,42.68157,48.055267,43.324333
599,5.75,490.51425,1,105,35.9458,42.224983,42.083855,42.670322,48.04764,43.33175
600,6.0,486.8081,1,105,36.055378,42.282215,42.31749,42.877182,48.19461,43.42111
601,6.25,486.67096,1,105,36.06486,42.301815,42.327568,42.88837,48.208748,43.444653
602,6.5,486.531,1,105,36.074505,42.32095,42.337597,42.899532,48.222733,43.46763
603,6.75,486.38846,1,105,36.084293,42.339687,42.347584,42.91067,48.236584,43.490105
604,7.0,486.39206,1,105,39.53368,42.303574,41.83428,42.524277,48.012203,43.368114
605,7.25,486.29465,1,105,39.539192,42.298927,41.836056,42.52683,48.012707,43.366608
606,7.5,486.19995,1,105,39.54455,42.295174,41.838017,42.529537,48.0136,43.365646
607,7.75,486.10773,1,105,39.54983,42.292282,41.84014,42.532394,48.01485,43.36521
608,8.0,485.73624,1,105,39.596043,42.308712,42.110996,42.743168,48.140728,43.394688
609,8.25,485.5752,1,105,39.606773,42.320408,42.119507,42.752914,48.15147,43.408104
610,8.5,485.41455,1,105,39.617474,42.33211,42.128006,42.762634,48.162205,43.42143
611,8.75,485.25443,1,105,39.628143,42.343822,42.136482,42.772335,48.172928,43.434647
612,9.0,492.30383,1,105,39.394836,42.26546,41.66643,42.35216,47.883636,43.324493
613,9.25,492.80984,1,105,39.361504,42.23858,41.642475,42.324318,47.855106,43.30115
614,9.5,493.31183,1,105,39.328392,42.21153,41.61858,42.29657,47.826588,43.277443
615,9.75,493.80972,1,105,39.295506,42.184334,41.594757,42.26892,47.798084,43.25339
616,10.0,494.02045,1,105,39.28144,42.171455,41.629204,42.2899,47.804077,43.28044
617,10.25,494.4864,1,105,39.250732,42.146835,41.60717,42.264294,47.777843,43.259335
618,10.5,494.94833,1,105,39.22024,42.12206,41.585205,42.238777,47.751633,43.23787
619,10.75,495.40634,1,105,39.189972,42.09715,41.563313,42.21336,47.725445,43.216076
620,11.0,497.43954,1,105,35.445053,41.989994,41.202072,41.896576,47.49392,43.079697
621,11.25,498.0448,1,105,35.40389,41.951458,41.1712,41.861057,47.456192,43.042015
622,11.5,498.64575,1,105,35.36297,41.912987,41.14046,41.825684,47.418587,43.00434
623,11.75,499.2426,1,105,35.322285,41.874584,41.10985,41.790474,47.381115,42.96671
624,12.0,499.55447,1,105,35.316414,41.87176,41.167645,41.828384,47.399742,43.019524
625,12.25,500.11008,1,105,35.278534,41.838173,41.13984,41.796295,47.36603,42.987938
626,12.5,500.6618,1,105,35.240894,41.804535,41.11213,41.764324,47.332382,42.956127
627,12.75,501.20944,1,105,35.20351,41.77089,41.084534,41.732494,47.298836,42.924202
628,13.0,501.19006,1,105,35.246834,41.80911,41.27993,41.88224,47.394318,42.977592
629,13.25,501.65494,1,105,35.215214,41.7868,41.25848,41.857216,47.369144,42.957718
630,13.5,502.11633,1,105,35.183807,41.764027,41.236988,41.83217,47.343826,42.93731
631,13.75,502.57428,1,105,35.152634,41.740837,41.21547,41.807125,47.31837,42.916412
632,14.0,502.41602,1,105,35.22502,41.77402,41.512215,42.037956,47.457493,43.021355
633,14.25,502.7444,1,105,35.203163,41.775063,41.50208,42.025433,47.44829,43.023632
634,14.5,503.07126,1,105,35.181393,41.773937,41.49135,42.012318,47.43802,43.0241
635,14.75,503.39944,1,105,35.1595,41.76986,41.479717,41.998272,47.426205,43.022137
636,15.0,513.9044,1,105,34.50829,40.920406,32.20101,36.567074,44.40483,42.354862
637,15.25,514.9087,1,105,34.437626,40.84578,32.127842,36.494293,44.331367,42.286934
638,15.5,830.5764,1,105,35.32229,41.443348,32.896446,37.30272,45.068287,42.766277
639,15.75,830.38525,1,105,35.35183,41.435375,32.898903,37.307343,45.06901,42.76318
640,16.0,829.4553,1,105,38.95293,41.492348,33.04889,37.461006,45.197605,42.82152
641,16.25,829.22784,1,105,38.985126,41.4901,33.05766,37.471943,45.204662,42.8246
642,16.5,829.00226,1,105,39.016655,41.488373,33.066795,37.483204,45.212116,42.827885
643,16.75,828.7788,1,105,39.04789,41.48707,33.07616,37.494644,45.21984,42.83129
644,17.0,828.40094,1,105,39.108025,41.498558,33.1763,37.59376,45.29921,42.85444
645,17.25,828.14014,1,105,39.145523,41.514805,33.199623,37.618435,45.321487,42.872498
646,17.5,827.8762,1,105,39.18356,41.53365,33.22485,37.644875,45.34577,42.892525
647,17.75,827.61,1,105,39.22198,41.55464,33.251614,37.67274,45.371677,42.914192
648,18.0,827.03186,1,105,39.33029,41.64663,33.49371,37.90949,45.580803,43.041843
649,18.25,826.7199,1,105,39.375977,41.68478,33.534348,37.950584,45.62109,43.08053
650,18.5,826.4084,1,105,39.421616,41.723404,33.57528,37.99194,45.661694,43.11956
651,18.75,826.0973,1,105,39.46718,41.762436,33.61644,38.033493,45.702553,43.15887
652,19.0,825.7406,1,105,39.515026,41.797535,33.657127,38.07498,45.742615,43.20869
653,19.25,825.4302,1,105,39.560474,41.836933,33.698494,38.11671,45.783703,43.248394
654,19.5,825.1202,1,105,39.60588,41.876698,33.740078,38.158627,45.825027,43.288345
655,19.75,824.8105,1,105,39.651196,41.91676,33.781826,38.20068,45.866535,43.32851
656,20.0,825.1986,1,105,39.555996,41.845104,33.397118,37.83053,45.556858,43.240387
657,20.25,824.9666,1,105,39.58907,41.86285,33.419678,37.85405,45.57864,43.25622
658,20.5,824.73413,1,105,39.622253,41.881886,33.443142,37.878418,45.601387,43.27326
659,20.75,824.5015,1,105,39.65552,41.90204,33.46739,37.9035,45.624977,43.29137
660,21.0,824.4925,1,105,39.63125,41.88673,33.28825,37.737053,45.49163,43.22926
661,21.25,824.3141,1,105,39.655415,41.886803,33.295586,37.745914,45.497757,43.227707
662,21.5,824.1325,1,105,39.680267,41.890247,33.30546,37.757145,45.50656,43.22893
663,21.75,823.9487,1,105,39.70557,41.896267,33.317272,37.770176,45.517403,43.232357
664,22.0,824.96686,1,105,35.948483,41.69313,32.730343,37.228603,45.05395,42.933205
665,22.25,824.9134,1,105,35.954613,41.667233,32.71108,37.211384,45.03308,42.900467
666,22.5,824.8624,1,105,35.96035,41.64226,32.692513,37.194775,45.012997,42.869003
667,22.75,824.814,1,105,35.9657,41.61819,32.674606,37.178745,44.99365,42.838757
668,23.0,825.3632,1,105,35.603905,41.21476,31.734795,36.331654,44.335453,42.33269
669,23.25,825.4324,1,105,35.58976,41.16644,31.693493,36.29269,44.29147,42.272774
670,23.5,825.50684,1,105,35.57487,41.118816,31.652605,36.254055,44.248016,42.214226
671,23.75,825.5862,1,105,35.559307,41.071903,31.61214,36.21576,44.20511,42.15702
672,0.0,820.305,1,105,30.092701,41.42334,32.44862,36.998325,44.798714,42.583454
673,0.25,820.12946,1,105,30.119291,41.41915,32.45055,37.002033,44.799183,42.5735
674,0.5,806.12476,1,105,32.12834,42.21934,33.521317,38.142445,45.8211,43.294506
675,0.75,805.69574,1,105,32.190746,42.28943,33.588974,38.20968,45.88906,43.355713
676,1.0,814.9983,1,105,30.37102,41.386105,31.636784,36.34939,44.414433,42.285004
677,1.25,815.35474,1,105,30.318806,41.329014,31.580452,36.29341,44.357662,42.219147
678,1.5,815.71106,1,105,30.266598,41.2719,31.524136,36.23745,44.300907,42.153793
679,1.75,816.06696,1,105,30.21444,41.2148,31.46786,36.18153,44.244194,42.088947
680,2.0,810.0658,1,105,31.46605,41.71234,32.815098,37.45646,45.179043,42.70324
681,2.25,809.80634,1,105,31.503908,41.75506,32.85629,37.497356,45.22045,42.73716
682,2.5,809.5493,1,105,31.541395,41.797314,32.897053,37.53783,45.261436,42.7712
683,2.75,809.29504,1,105,31.57849,41.83908,32.937374,37.57787,45.30198,42.805298
684,3.0,808.99054,1,105,31.637718,41.872032,33.00032,37.637966,45.35293,42.78725
685,3.25,808.74615,1,105,31.673346,41.912106,33.039013,37.676388,45.391808,42.82057
686,3.5,808.5042,1,105,31.708622,41.951733,33.0773,37.714413,45.430294,42.85397
687,3.75,808.2648,1,105,31.743517,41.990906,33.115177,37.75203,45.468357,42.88738
688,4.0,789.99927,1,105,34.852837,44.14778,36.59232,41.168022,48.60149,45.16665
689,4.25,789.10956,1,105,34.980705,44.290516,36.729496,41.304222,48.739517,45.30971
690,4.5,788.22485,1,105,35.107758,44.43236,36.865738,41.439438,48.876656,45.451897
691,4.75,489.1955,1,105,30.01758,41.713333,33.260048,37.659424,45.405605,42.889523
692,5.0,500.17386,1,105,35.30066,41.224174,32.528755,36.938744,44.742012,42.40642
693,5.25,501.25522,1,105,35.225872,41.152225,32.45682,36.866764,44.670113,42.349148
694,5.5,502.33197,1,105,35.15128,41.08015,32.38484,36.79475,44.598152,42.290676
695,5.75,503.4039,1,105,35.07691,41.008026,32.31286,36.72275,44.526184,42.23117
696,6.0,494.49585,1,105,35.443573,41.28887,32.734276,37.147194,44.910397,42.480835
697,6.25,495.24414,1,105,35.392574,41.239597,32.685135,37.097996,44.8613,42.44436
698,6.5,820.0636,1,105,36.315247,41.67362,33.382442,37.849735,45.51536,42.8464
699,6.75,819.7081,1,105,36.36888,41.70666,33.421436,37.88985,45.55348,42.881474
700,7.0,819.4503,1,105,39.84878,41.660595,33.058846,37.55933,45.282562,42.75074
701,7.25,819.17896,1,105,39.885616,41.65913,33.068817,37.571663,45.290684,42.751842
702,7.5,818.9079,1,105,39.922363,41.658863,33.079716,37.584846,45.299778,42.753872
703,7.75,818.6258,1,105,39.960995,41.6647,33.095455,37.60262,45.31392,42.76063
704,8.0,817.9444,1,105,40.07253,41.733433,33.35015,37.845554,45.516487,42.835403
705,8.25,817.5926,1,105,40.122894,41.766922,33.388905,37.885365,45.554398,42.867615
706,8.5,787.7261,1,105,44.28982,44.12383,36.332123,40.947765,48.40401,45.0489
707,8.75,786.89105,1,105,44.4099,44.258217,36.461235,41.07586,48.533905,45.180363
708,9.0,815.76154,1,105,40.78582,42.198883,33.64054,38.16478,45.86316,43.241566
709,9.25,815.65686,1,105,40.801155,42.21588,33.6569,38.181038,45.879597,43.256664
710,9.5,815.5542,1,105,40.8162,42.232548,33.672947,38.19699,45.895725,43.27159
711,9.75,504.6218,1,105,38.50419,41.0249,32.109055,36.546486,44.395107,42.245037
712,10.0,505.34338,1,105,38.45164,40.972717,32.081017,36.5155,44.358795,42.226925
713,10.25,506.60974,1,105,38.363483,40.88014,31.98978,36.424683,44.2673,42.13786
714,10.5,507.8691,1,105,38.27564,40.787903,31.89888,36.334206,44.176144,42.048885
715,10.75,509.1215,1,105,38.1881,40.69602,31.808327,36.24406,44.085335,41.960014
716,11.0,513.73773,1,105,34.37889,40.357132,31.336071,35.786396,43.666885,41.61397
717,11.25,827.62994,1,105,35.57543,41.20564,32.324852,36.82109,44.620228,42.31467
718,11.5,827.5773,1,105,35.581333,41.17829,32.304756,36.80305,44.598858,42.28503
719,11.75,827.5275,1,105,35.58678,41.151646,32.28523,36.785496,44.578087,42.256256
720,12.0,827.38995,1,105,35.623276,41.17023,32.34583,36.84084,44.625675,42.32602
721,12.25,827.33453,1,105,35.629753,41.148422,32.330803,36.82745,44.60951,42.304203
722,12.5,827.2817,1,105,35.63585,41.12735,32.316315,36.81453,44.59393,42.28308
723,12.75,827.2312,1,105,35.641582,41.107037,32.302383,36.80209,44.578938,42.26267
724,13.0,827.0149,1,105,35.71856,41.166386,32.46819,36.952175,44.71045,42.335293
725,13.25,826.9434,1,105,35.72789,41.15627,32.46345,36.94858,44.704826,42.32666
726,13.5,826.8735,1,105,35.737026,41.14709,32.45936,36.94557,44.699905,42.318718
727,13.75,826.80505,1,105,35.745987,41.138855,32.455914,36.94315,44.695675,42.31148
728,14.0,826.5312,1,105,35.848858,41.184925,32.686768,37.157425,44.872795,42.433887
729,14.25,826.41296,1,105,35.866276,41.204025,32.705296,37.175842,44.891415,42.45272
730,14.5,826.2949,1,105,35.88366,41.22298,32.723713,37.194157,44.909912,42.47143
731,14.75,826.177,1,105,35.90101,41.241787,32.74202,37.212364,44.928303,42.490025
732,15.0,825.72845,1,105,36.032112,41.36274,33.05149,37.505684,45.1853,42.644966
733,15.25,825.56036,1,105,36.057125,41.396168,33.08216,37.535805,45.216404,42.679157
734,15.5,825.39185,1,105,36.082172,41.4292,33.112576,37.565685,45.247227,42.712948
735,15.75,825.22296,1,105,36.107254,41.46184,33.14273,37.595345,45.277775,42.746346
736,16.0,824.4575,1,105,39.654015,41.573574,33.331528,37.78375,45.448784,42.857796
737,16.25,824.2232,1,105,39.688972,41.61515,33.370716,37.82246,45.488335,42.899933
738,16.5,823.9886,1,105,39.723724,41.65642,33.409718,37.86102,45.52769,42.941765
739,16.75,823.75397,1,105,39.758442,41.69735,33.448486,37.899353,45.566795,42.98325
740,17.0,823.34247,1,105,39.829983,41.77491,33.598663,38.04516,45.699345,43.06681
741,17.25,823.0911,1,105,39.867138,41.81892,33.64027,38.08628,45.74131,43.111828
742,17.5,807.28503,1,105,42.08484,43.10027,35.24435,39.754547,47.297935,44.30039
743,17.75,806.611,1,105,42.18281,43.208622,35.34874,39.858185,47.402897,44.407516
744,18.0,802.97766,1,105,42.74142,43.695717,36.026966,40.53055,48.035706,44.916016
745,18.25,802.2154,1,105,42.85179,43.817837,36.14438,40.64716,48.153904,45.037815
746,18.5,497.22916,1,105,39.1156,41.868496,33.46016,37.825455,45.584675,43.236855
747,18.75,498.1124,1,105,39.054752,41.818943,33.408104,37.77276,45.533096,43.201626
748,19.0,498.9106,1,105,38.99631,41.764645,33.3548,37.719296,45.47991,43.175194
749,19.25,499.7778,1,105,38.936474,41.71559,33.30336,37.667244,45.428925,43.139576
750,19.5,500.6373,1,105,38.8771,41.666836,33.252247,37.615532,45.37827,43.10378
751,19.75,501.4894,1,105,38.8182,41.618362,33.201443,37.564144,45.327915,43.067787
752,20.0,504.3485,1,105,38.570625,41.393982,32.70452,37.085785,44.90578,42.870872
753,20.25,505.32962,1,105,38.502617,41.32887,32.639217,37.02041,44.840534,42.810352
754,20.5,506.30545,1,105,38.43488,41.263844,32.574028,36.95516,44.775402,42.74952
755,20.75,507.27594,1,105,38.367416,41.198906,32.50897,36.890045,44.71038,42.688435
756,21.0,827.23975,1,105,39.237373,41.599823,32.97119,37.413273,45.179886,42.974804
757,21.25,827.05365,1,105,39.262367,41.59611,32.975918,37.419815,45.18317,42.96736
758,21.5,826.8685,1,105,39.28731,41.593525,32.98146,37.427105,45.187332,42.961227
759,21.75,826.6843,1,105,39.312195,41.592003,32.987778,37.435097,45.192326,42.95634
760,22.0,827.8313,1,105,35.532055,41.35269,32.37541,36.869003,44.702747,42.62324
761,22.25,827.76746,1,105,35.539913,41.325314,32.355183,36.851013,44.680714,42.58739
762,22.5,827.7061,1,105,35.547356,41.29889,32.33568,36.833668,44.659496,42.55295
763,22.75,827.6472,1,105,35.5544,41.2734,32.316895,36.81695,44.639084,42.519882
764,23.0,828.30005,1,105,35.182026,40.850044,31.358644,35.95171,43.963726,41.991375
765,23.25,828.3523,1,105,35.170353,40.80133,31.317524,35.91309,43.919685,41.92979
766,23.5,828.4105,1,105,35.157852,40.753345,31.27682,35.874798,43.876194,41.869747
767,23.75,828.47437,1,105,35.14456,40.70606,31.236511,35.836807,43.833225,41.811123
768,0.0,822.94037,1,105,29.70273,41.084614,32.101208,36.648235,44.4535,42.26119
769,0.25,822.7595,1,105,29.730421,41.079277,32.10235,36.651283,44.45307,42.249363
770,0.5,822.57935,1,105,29.757893,41.07512,32.104435,36.65519,44.45366,42.238995
771,0.75,822.39966,1,105,29.785154,41.07213,32.107433,36.65994,44.455235,42.230053
772,1.0,824.1029,1,105,29.061052,40.482983,30.647776,35.33627,43.4579,41.443844
773,1.25,824.0813,1,105,29.062708,40.438072,30.612368,35.303665,43.41864,41.38615
774,1.5,824.0625,1,105,29.063828,40.394062,30.57765,35.271667,43.380196,41.32997
775,1.75,824.0466,1,105,29.06443,40.350998,30.54365,35.240314,43.342606,41.275364
776,2.0,822.8173,1,105,29.637566,40.726017,31.648956,36.238846,44.05677,41.762566
777,2.25,822.6921,1,105,29.655886,40.716564,31.645105,36.23668,44.051323,41.74882
778,2.5,822.568,1,105,29.673988,40.708218,31.642124,36.2353,44.046825,41.73635
779,2.75,822.445,1,105,29.69187,40.700943,31.639969,36.234665,44.04324,41.725098
780,3.0,822.30566,1,105,29.727324,40.691353,31.663197,36.256454,44.051517,41.66882
781,3.25,822.1855,1,105,29.744728,40.68514,31.661839,36.25653,44.048897,41.658844
782,3.5,822.06635,1,105,29.761946,40.679977,31.661282,36.257328,44.047146,41.65005
783,3.75,821.9482,1,105,29.778984,40.675842,31.661512,36.25885,44.04625,41.642395
784,4.0,819.5874,1,105,30.598759,41.21211,33.22985,37.722744,45.30383,42.381397
785,4.25,819.2313,1,105,30.650732,41.27832,33.291412,37.783367,45.36608,42.449543
786,4.5,794.26764,1,105,34.238174,43.458694,35.93273,40.51353,47.93745,44.503063
787,4.75,793.35297,1,105,34.370056,43.606052,36.074173,40.6539,48.079826,44.649918
788,5.0,813.4981,1,105,37.553944,41.894474,33.779346,38.311256,45.895878,42.965446
789,5.25,813.0292,1,105,37.622524,41.970352,33.852615,38.384018,45.96955,43.040672
790,5.5,812.5633,1,105,37.690624,42.045696,33.925373,38.456264,46.0427,43.115395
791,5.75,812.1007,1,105,37.75821,42.12047,33.99758,38.52797,46.115303,43.189598
792,6.0,789.98737,1,105,40.60751,43.990715,36.32821,40.921593,48.36531,44.97156
793,6.25,789.11035,1,105,40.733845,44.1317,36.463734,41.056038,48.501614,45.111473
794,6.5,788.2382,1,105,40.85939,44.271805,36.598408,41.18964,48.637066,45.250546
795,6.75,787.3709,1,105,40.98415,44.411022,36.732243,41.322407,48.771667,45.388783
796,7.0,489.50595,1,105,39.13106,41.472366,32.662327,37.115124,44.922478,42.58954
797,7.25,490.36542,1,105,39.07293,41.40871,32.60028,37.053448,44.86017,42.53479
798,7.5,491.22098,1,105,39.014812,41.34524,32.538437,36.99196,44.798046,42.479515
799,7.75,492.07278,1,105,38.95687,41.28198,32.476788,36.930676,44.736134,42.423813
800,8.0,491.93082,1,105,38.994843,41.33913,32.671284,37.10611,44.885757,42.473843
801,8.25,492.69882,1,105,38.94272,41.284763,32.617992,37.05301,44.83232,42.42919
802,8.5,493.46295,1,105,38.890804,41.230576,32.564877,37.000076,44.779057,42.383957
803,8.75,494.22302,1,105,38.83909,41.176586,32.51196,36.94734,44.72599,42.338238
804,9.0,826.3818,1,105,39.320404,41.39503,32.645233,37.12768,44.900112,42.487034
805,9.25,826.27954,1,105,39.33204,41.375874,32.63441,37.118755,44.887856,42.46835
806,9.5,826.1799,1,105,39.343388,41.357407,32.624092,37.110275,44.87614,42.45031
807,9.75,826.08264,1,105,39.35447,41.33968,32.6143,37.102272,44.865,42.432926
808,10.0,825.8517,1,105,39.3835,41.341717,32.65397,37.140102,44.89459,42.47126
809,10.25,825.75,1,105,39.395607,41.32759,32.64738,37.13516,44.886734,42.458477
810,10.5,825.6504,1,105,39.407494,41.314316,32.64138,37.130737,44.87951,42.44636
811,10.75,825.5529,1,105,39.419186,41.301914,32.635983,37.126854,44.872944,42.434944
812,11.0,825.93524,1,105,35.80864,41.205612,32.378204,36.888535,44.664417,42.305805
813,11.25,825.90704,1,105,35.81093,41.184063,32.362408,36.87417,44.647648,42.282112
814,11.5,825.8814,1,105,35.81289,41.163334,32.347218,36.86032,44.631523,42.259346
815,11.75,825.8581,1,105,35.814537,41.14342,32.332607,36.846985,44.616035,42.237488
816,12.0,825.7838,1,105,35.84239,41.155228,32.38877,36.897034,44.65913,42.304684
817,12.25,825.7539,1,105,35.845387,41.141247,32.37922,36.88845,44.64887,42.290314
818,12.5,825.726,1,105,35.848167,41.12806,32.370216,36.880367,44.639194,42.276596
819,12.75,825.6998,1,105,35.850746,41.11567,32.361774,36.872776,44.63011,42.263596
820,13.0,825.5941,1,105,35.91109,41.134247,32.499474,36.996895,44.73134,42.306633
821,13.25,825.54236,1,105,35.91855,41.14044,32.505936,37.003437,44.737736,42.31103
822,13.5,825.491,1,105,35.92594,41.146576,32.512344,37.009926,44.74408,42.315514
823,13.75,825.44006,1,105,35.933277,41.152653,32.5187,37.01636,44.750374,42.320084
824,14.0,825.1778,1,105,36.039124,41.24923,32.78925,37.26776,44.969017,42.48563
825,14.25,825.0773,1,105,36.054485,41.274483,32.811344,37.28923,44.991615,42.51037
826,14.5,824.9758,1,105,36.069942,41.29922,32.833126,37.310425,45.013866,42.534695
827,14.75,824.87354,1,105,36.08548,41.323463,32.854595,37.331345,45.03578,42.5586
828,15.0,824.4505,1,105,36.21524,41.46259,33.177433,37.636932,45.30707,42.731064
829,15.25,824.2958,1,105,36.238552,41.498753,33.209373,37.66803,45.339672,42.768246
830,15.5,824.13983,1,105,36.261993,41.534412,33.24102,37.698875,45.371952,42.804928
831,15.75,815.802,1,105,37.432842,42.162304,34.048405,38.54218,46.15136,43.388176
832,16.0,809.86676,1,105,41.698742,42.752594,34.80468,39.315823,46.877174,43.94474
833,16.25,809.23,1,105,41.791588,42.855087,34.903526,39.41396,46.976543,44.04601
834,16.5,808.5974,1,105,41.88369,42.956875,35.00169,39.511425,47.075237,44.14663
835,16.75,807.9688,1,105,41.97515,43.057957,35.099182,39.60822,47.17325,44.246605
836,17.0,805.95233,1,105,42.27849,43.31549,35.450855,39.959545,47.50559,44.501656
837,17.25,805.28723,1,105,42.375053,43.422222,35.55373,40.061687,47.60903,44.607754
838,17.5,498.39493,1,105,39.006866,41.732647,33.203754,37.578957,45.35984,43.0559
839,17.75,499.3442,1,105,38.94143,41.67587,33.145382,37.520134,45.301807,43.013554
840,18.0,499.2889,1,105,38.974148,41.730385,33.322353,37.687664,45.44684,43.103485
841,18.25,500.16034,1,105,38.913948,41.68133,33.27082,37.63551,45.39578,43.06858
842,18.5,501.02383,1,105,38.85423,41.632595,33.219635,37.583706,45.345074,43.033497
843,18.75,501.87982,1,105,38.794994,41.584167,33.168785,37.53224,45.294685,42.998234
844,19.0,502.6529,1,105,38.738064,41.53085,33.116554,37.479877,45.242546,42.97141
845,19.25,503.4937,1,105,38.679775,41.482815,33.066227,37.42897,45.19266,42.935684
846,19.5,504.32742,1,105,38.621937,41.435036,33.016193,37.37836,45.143063,42.89976
847,19.75,505.15497,1,105,38.564472,41.38735,32.96631,37.327927,45.093597,42.86327
848,20.0,827.2296,1,105,39.26231,41.620075,33.152367,37.581364,45.315613,43.050438
849,20.25,826.9934,1,105,39.295822,41.634575,33.17271,37.602924,45.334976,43.060535
850,20.5,826.75665,1,105,39.3295,41.65058,33.19413,37.625484,45.355495,43.072227
851,20.75,826.5195,1,105,39.363293,41.667896,33.216496,37.648907,45.37702,43.085346
852,21.0,826.50116,1,105,39.341812,41.655895,33.041336,37.486454,45.247623,43.023796
853,21.25,826.3174,1,105,39.36661,41.654015,33.04736,37.49417,45.252308,43.01852
854,21.5,826.1343,1,105,39.391415,41.65342,33.05432,37.502743,45.258,43.01465
855,21.75,825.9482,1,105,39.416832,41.655914,33.063625,37.513504,45.26615,43.013508
856,22.0,827.035,1,105,35.64757,41.436752,32.465614,36.96115,44.79138,42.697742
857,22.25,826.9746,1,105,35.654842,41.41007,32.445873,36.943577,44.769917,42.66309
858,22.5,826.91675,1,105,35.66171,41.384327,32.42685,36.92663,44.749256,42.629787
859,22.75,826.86127,1,105,35.66818,41.35952,32.408527,36.910297,44.72938,42.59783
860,23.0,827.4742,1,105,35.300068,40.944733,31.458069,36.05268,44.06133,42.078293
861,23.25,827.53235,1,105,35.28753,40.89626,31.41696,36.014015,44.017403,42.017395
862,23.5,827.59625,1,105,35.27419,40.8485,31.376274,35.97567,43.974014,41.95797
863,23.75,827.66565,1,105,35.2601,40.801434,31.33598,35.937637,43.93114,41.899918
864,0.0,822.22656,1,105,29.808752,41.167545,32.18839,36.73667,44.539642,42.339436
865,0.25,822.0471,1,105,29.836123,41.162937,32.190083,36.740208,44.539814,42.328495
866,0.5,821.86816,1,105,29.863277,41.159496,32.192696,36.744587,44.540985,42.318985
867,0.75,821.6899,1,105,29.89023,41.157207,32.19621,36.749798,44.54314,42.31094
868,1.0,823.35504,1,105,29.17045,40.57803,30.745518,35.43481,43.554546,41.534058
869,1.25,823.33545,1,105,29.171732,40.533253,30.710154,35.40223,43.51537,41.47669
870,1.5,823.3187,1,105,29.172487,40.489384,30.675499,35.37027,43.477028,41.420834
871,1.75,823.3049,1,105,29.172722,40.446457,30.64156,35.338947,43.43954,41.366554
872,2.0,822.10315,1,105,29.742592,40.816708,31.74222,36.33291,44.149273,41.84941
873,2.25,821.9797,1,105,29.760582,40.80763,31.738619,36.330956,44.144115,41.836205
874,2.5,821.8575,1,105,29.778358,40.79965,31.73588,36.32977,44.139908,41.82424
875,2.75,821.7363,1,105,29.795925,40.792736,31.73396,36.329338,44.136597,41.813473
876,3.0,821.5988,1,105,29.831076,40.783646,31.75754,36.351433,44.1453,41.7577
877,3.25,821.4806,1,105,29.848167,40.777752,31.756376,36.35167,44.142914,41.74818
878,3.5,821.3632,1,105,29.86508,40.772896,31.756014,36.352623,44.141388,41.73981
879,3.75,813.4246,1,105,30.989992,41.151436,32.298607,36.94097,44.647884,42.091473
880,4.0,794.45746,1,105,34.210777,43.42881,35.90342,40.48437,47.908012,44.46634
881,4.25,793.54224,1,105,34.342777,43.57626,36.04505,40.62499,48.050526,44.613476
882,4.5,792.63196,1,105,34.47395,43.722794,36.185726,40.7646,48.19213,44.75973
883,4.75,791.7268,1,105,34.60431,43.86842,36.32553,40.903347,48.332863,44.9051
884,5.0,811.713,1,105,37.814827,42.183887,34.05816,38.588116,46.176216,43.243687
885,5.25,811.25836,1,105,37.881218,42.257286,34.129078,38.658546,46.247524,43.31701
886,5.5,810.80676,1,105,37.947136,42.330162,34.199497,38.72848,46.31833,43.38983
887,5.75,810.35834,1,105,38.012573,42.402496,34.2694,38.797894,46.388607,43.462135
888,6.0,788.4182,1,105,40.833485,44.24325,36.570686,41.162132,48.609196,45.218628
889,6.25,787.55005,1,105,40.95839,44.38262,36.704674,41.295055,48.743946,45.357117
890,6.5,488.65112,1,105,35.84037,41.695065,33.134464,37.546326,45.311447,42.8464
891,6.75,489.43756,1,105,35.787243,41.643032,33.082775,37.494614,45.259766,42.80843
892,7.0,490.95306,1,105,39.03348,41.37647,32.56677,37.019558,44.826923,42.51541
893,7.25,491.80518,1,105,38.975685,41.312744,32.504745,36.95792,44.764614,42.458942
894,7.5,492.65338,1,105,38.917908,41.24923,32.442936,36.89649,44.70252,42.40208
895,7.75,493.49786,1,105,38.860306,41.185947,32.381332,36.835278,44.64064,42.34488
896,8.0,493.36343,1,105,38.897762,41.241676,32.57472,37.009575,44.789146,42.392654
897,8.25,494.12347,1,105,38.846058,41.187546,32.521744,36.95687,44.73598,42.347004
898,8.5,819.48553,1,105,39.85541,41.63384,33.213116,37.70106,45.385403,42.739643
899,8.75,819.1462,1,105,39.90317,41.65653,33.243874,37.733406,45.414886,42.762688
900,9.0,825.7481,1,105,39.40935,41.449738,32.708946,37.193493,44.962242,42.537273
901,9.25,825.6496,1,105,39.420536,41.431286,32.69861,37.184986,44.950516,42.519577
902,9.5,825.5536,1,105,39.431446,41.413563,32.68879,37.176937,44.93935,42.502518
903,9.75,825.46,1,105,39.442097,41.396595,32.67951,37.169376,44.928764,42.48612
904,10.0,825.2369,1,105,39.470184,41.398407,32.718994,37.206997,44.95817,42.52478
905,10.25,825.1387,1,105,39.48188,41.385113,32.712944,37.20252,44.95091,42.51295
906,10.5,825.04254,1,105,39.493374,41.372696,32.707497,37.19857,44.944298,42.501793
907,10.75,824.9484,1,105,39.50468,41.36118,32.702667,37.19518,44.938354,42.491333
908,11.0,825.3111,1,105,35.89796,41.27037,32.448723,36.9605,44.733948,42.366566
909,11.25,825.2868,1,105,35.899715,41.24953,32.433403,36.946518,44.7177,42.3438
910,11.5,825.26495,1,105,35.901157,41.229507,32.418655,36.933044,44.70208,42.321915
911,11.75,825.2454,1,105,35.902298,41.210293,32.404484,36.920074,44.687065,42.3009
912,12.0,825.1785,1,105,35.92915,41.221462,32.46016,36.969574,44.72967,42.368084
913,12.25,825.15234,1,105,35.93167,41.208263,32.45109,36.96141,44.719944,42.3545
914,12.5,825.128,1,105,35.933994,41.195866,32.44258,36.953747,44.710796,42.341606
915,12.75,825.1053,1,105,35.93613,41.18424,32.4346,36.946564,44.702232,42.329403
916,13.0,825.0079,1,105,35.995396,41.201973,32.571823,37.070236,44.802914,42.372
917,13.25,824.9596,1,105,36.002464,41.20927,32.57895,37.077354,44.810043,42.377407
918,13.5,824.91144,1,105,36.009483,41.216385,32.585934,37.08434,44.817036,42.382816
919,13.75,824.8636,1,105,36.01646,41.223335,32.592804,37.091213,44.823895,42.388214
920,14.0,824.60724,1,105,36.121883,41.322773,32.8654,37.344475,45.04472,42.55659
921,14.25,820.0569,1,105,36.75584,41.6214,33.2696,37.77028,45.431705,42.83324
922,14.5,819.71716,1,105,36.805683,41.676434,33.322777,37.823112,45.48516,42.88597
923,14.75,819.38,1,105,36.855137,41.731033,33.375538,37.875534,45.53819,42.938404
924,15.0,815.83276,1,105,37.428337,42.15787,34.043663,38.53744,46.146603,43.377613
925,15.25,815.3407,1,105,37.500305,42.23723,34.120342,38.613613,46.223675,43.45599
926,15.5,814.85205,1,105,37.571743,42.316,34.19644,38.6892,46.300175,43.53384
927,15.75,814.3669,1,105,37.642654,42.39418,34.271976,38.764217,46.37611,43.611156
928,16.0,808.4926,1,105,41.898834,42.974136,35.018024,39.52763,47.09166,44.159306
929,16.25,807.8649,1,105,41.99027,43.075027,35.11535,39.624256,47.1895,44.25929
930,16.5,807.2414,1,105,42.080956,43.17522,35.211998,39.720222,47.286663,44.358624
931,16.75,806.62177,1,105,42.171013,43.274708,35.307983,39.815517,47.383152,44.457306
932,17.0,498.58997,1,105,38.993546,41.715786,33.18787,37.563324,45.343754,43.033134
933,17.25,499.53937,1,105,38.928078,41.658978,33.12946,37.504467,45.285698,42.99095
934,17.5,500.48077,1,105,38.86309,41.602554,33.07145,37.446014,45.22803,42.948635
935,17.75,501.41412,1,105,38.79858,41.54651,33.013824,37.387955,45.17075,42.906185
936,18.0,501.3781,1,105,38.830044,41.59768,33.187897,37.552708,45.31277,42.989376
937,18.25,502.23422,1,105,38.770744,41.549397,33.137142,37.50133,45.26249,42.954567
938,18.5,503.0829,1,105,38.71191,41.5014,33.086704,37.450275,45.21252,42.919533
939,18.75,503.924,1,105,38.653534,41.453667,33.036568,37.399536,45.162838,42.884296
940,19.0,504.6837,1,105,38.59742,41.400967,32.984974,37.347813,45.11133,42.85727
941,19.25,505.5103,1,105,38.539967,41.35357,32.935307,37.297573,45.0621,42.821545
942,19.5,826.2265,1,105,39.44422,41.74876,33.601864,38.018246,45.688488,43.178623
943,19.75,825.91327,1,105,39.490086,41.787834,33.6431,38.059887,45.729404,43.216743
944,20.0,826.2992,1,105,39.396687,41.719036,33.261658,37.692924,45.423096,43.133873
945,20.25,826.06433,1,105,39.430107,41.73549,33.283356,37.715706,45.443928,43.14687
946,20.5,825.82904,1,105,39.46364,41.753254,33.30599,37.739346,45.46576,43.161213
947,20.75,825.5936,1,105,39.497257,41.772198,33.329456,37.763752,45.48848,43.17683
948,21.0,825.5799,1,105,39.474396,41.758617,33.152336,37.599335,45.35715,43.115257
949,21.25,825.3991,1,105,39.498825,41.75749,33.158855,37.607468,45.362377,43.111588
950,21.5,825.21606,1,105,39.523766,41.759182,33.167484,37.617573,45.369846,43.110374
951,21.75,825.0304,1,105,39.54926,41.763767,33.178303,37.62972,45.379612,43.11169
952,22.0,826.08203,1,105,35.78626,41.553444,32.586452,37.083336,44.91114,42.80474
953,22.25,826.025,1,105,35.792984,41.527145,32.566948,37.065937,44.889973,42.770985
954,22.5,825.97034,1,105,35.79932,41.5018,32.548164,37.04917,44.869614,42.738583
955,22.75,825.9183,1,105,35.805264,41.477375,32.530067,37.033016,44.850025,42.70746
956,23.0,826.49976,1,105,35.440315,41.068283,31.58494,36.180653,44.186913,42.194492
957,23.25,826.5631,1,105,35.427002,41.0199,31.543747,36.141857,44.142967,42.13408
958,23.5,826.63214,1,105,35.412926,40.972225,31.50298,36.103386,44.09956,42.07509
959,23.75,826.70636,1,105,35.39812,40.925236,31.462599,36.065224,44.05668,42.017433
960,0.0,821.3437,1,105,29.939342,41.283825,32.306988,36.856007,44.657646,42.45032
961,0.25,821.1659,1,105,29.96635,41.279472,32.308846,36.859665,44.658012,42.43989
962,0.5,820.98883,1,105,29.99315,41.276295,32.31161,36.86417,44.659374,42.430893
963,0.75,820.8123,1,105,30.019749,41.274258,32.315285,36.8695,44.661705,42.42338
964,1.0,822.4505,1,105,29.302862,40.700085,30.869375,35.559223,43.67765,41.651672
965,1.25,822.433,1,105,29.303772,40.655334,30.833982,35.52659,43.63847,41.594494
966,1.5,822.41833,1,105,29.304153,40.6115,30.799295,35.49458,43.600136,41.53884
967,1.75,822.40674,1,105,29.304024,40.568596,30.765327,35.463203,43.562653,41.484756
968,2.0,821.22754,1,105,29.87126,40.93617,31.86312,36.45429,44.269726,41.96502
969,2.25,821.10626,1,105,29.888891,40.9272,31.859558,36.452335,44.26463,41.952095
970,2.5,812.3504,1,105,31.132322,41.34176,32.453537,37.097347,44.81565,42.337715
971,2.75,812.0756,1,105,31.172497,41.38708,32.497242,37.140743,44.859585,42.373886
972,3.0,811.7531,1,105,31.234432,41.42307,32.563354,37.203945,44.91387,42.35783
973,3.25,811.4877,1,105,31.273226,41.466774,32.605507,37.245804,44.95623,42.39342
974,3.5,811.22473,1,105,31.311628,41.51,32.647217,37.287228,44.998146,42.429066
975,3.75,810.9643,1,105,31.349686,41.55279,32.68855,37.328262,45.039677,42.46484
976,4.0,792.3382,1,105,34.516277,43.77129,36.231285,40.809727,48.238064,44.79642
977,4.25,791.4351,1,105,34.6463,43.916473,36.370777,40.948227,48.37843,44.941704
978,4.5,790.5371,1,105,34.775505,44.060753,36.509335,41.08573,48.517895,45.086094
979,4.75,789.64404,1,105,34.9039,44.204124,36.647022,41.222378,48.656494,45.229595
980,5.0,809.40967,1,105,38.150906,42.556915,34.417336,38.94479,46.53736,43.599518
981,5.25,808.9753,1,105,38.214237,42.626842,34.484974,39.011955,46.60537,43.670242
982,5.5,808.5436,1,105,38.277138,42.696297,34.55215,39.07868,46.67291,43.74049
983,5.75,499.81528,1,105,35.325428,41.247803,32.552444,36.962463,44.76568,42.426582
984,6.0,490.6753,1,105,35.70323,41.54823,32.991245,37.403896,45.167587,42.70245
985,6.25,491.4511,1,105,35.65066,41.49698,32.940266,37.352886,45.116642,42.665104
986,6.5,492.22006,1,105,35.598495,41.44631,32.889812,37.302387,45.06622,42.628
987,6.75,492.98227,1,105,35.54673,41.3962,32.839878,37.25239,45.01632,42.591125
988,7.0,494.42657,1,105,38.79793,41.138535,32.330875,36.784016,44.590763,42.306984
989,7.25,495.2605,1,105,38.74102,41.07512,32.269276,36.72283,44.528854,42.24843
990,7.5,820.113,1,105,39.75358,41.588333,32.98009,37.47918,45.204903,42.68078
991,7.75,819.8395,1,105,39.790665,41.58667,32.989967,37.491444,45.212902,42.681526
992,8.0,819.21655,1,105,39.891354,41.624393,33.218414,37.709263,45.388374,42.731064
993,8.25,818.8701,1,105,39.94053,41.651943,33.252834,37.745052,45.421707,42.758064
994,8.5,818.52136,1,105,39.990158,41.681458,33.28871,37.782192,45.45657,42.786713
995,8.75,818.17114,1,105,40.04014,41.71268,33.32583,37.82049,45.492752,42.81683
996,9.0,824.5871,1,105,39.570694,41.535683,32.815083,37.30429,45.064846,42.61345
997,9.25,824.4968,1,105,39.580925,41.519012,32.805954,37.296837,45.054447,42.598106
998,9.5,824.4089,1,105,39.590897,41.503117,32.797367,37.28986,45.044624,42.583374
999,9.75,824.3232,1,105,39.60063,41.488033,32.78934,37.28339,45.035416,42.56929
1000,10.0,818.4015,1,105,40.392612,41.710518,33.217133,37.74419,45.425728,42.819416
1001,10.25,818.2185,1,105,40.419476,41.7404,33.245815,37.77269,45.454548,42.845173
1002,10.5,818.03766,1,105,40.446045,41.769928,33.274178,37.80087,45.48306,42.870945
1003,10.75,817.859,1,105,40.472263,41.799038,33.302162,37.828674,45.511185,42.89662
1004,11.0,821.1423,1,105,36.48944,41.6831,32.90448,37.426685,45.182354,42.733562
1005,11.25,821.26324,1,105,36.47167,41.66355,32.88544,37.407757,45.163246,42.714787
1006,11.5,821.383,1,105,36.454098,41.64423,32.866623,37.389038,45.144352,42.696163
1007,11.75,821.5013,1,105,36.43673,41.62513,32.84802,37.370533,45.125675,42.67769
1008,12.0,821.20514,1,105,36.494625,41.64005,32.916348,37.434303,45.17952,42.753754
1009,12.25,821.2521,1,105,36.487747,41.63246,32.90899,37.426987,45.17213,42.746662
1010,12.5,821.29803,1,105,36.48099,41.62501,32.901756,37.419796,45.164864,42.739643
1011,12.75,821.3434,1,105,36.47433,41.617672,32.894634,37.412716,45.157715,42.7327
1012,13.0,820.58167,1,105,36.62487,41.66492,33.08241,37.591064,45.30549,42.80595
1013,13.25,820.46,1,105,36.642727,41.68468,33.1015,37.61006,45.32466,42.82401
1014,13.5,820.33997,1,105,36.660336,41.704155,33.120308,37.628757,45.343555,42.841934
1015,13.75,820.22174,1,105,36.677696,41.723343,33.138844,37.647182,45.362183,42.85971
1016,14.0,817.7288,1,105,37.09711,41.99832,33.63371,38.13203,45.797695,43.193188
1017,14.25,817.4095,1,105,37.143894,42.049892,33.68361,38.181606,45.847847,43.243565
1018,14.5,817.0925,1,105,37.1903,42.10104,33.733105,38.230785,45.8976,43.293602
1019,14.75,816.7782,1,105,37.236305,42.15174,33.782173,38.27954,45.946926,43.343277
1020,15.0,813.3551,1,105,37.790432,42.557705,34.429455,38.920605,46.534424,43.76592
1021,15.25,812.88153,1,105,37.859566,42.633873,34.503098,38.993767,46.608448,43.841747
1022,15.5,812.4114,1,105,37.92817,42.709457,34.576168,39.06634,46.6819,43.917023
1023,15.75,811.94446,1,105,37.99626,42.78447,34.648693,39.138374,46.754803,43.991768
1024,16.0,499.30325,1,105,38.933723,41.65248,33.06087,37.441467,45.234684,42.962597
1025,16.25,500.28116,1,105,38.866283,41.592827,32.9999,37.38011,45.17401,42.917484
1026,16.5,501.2508,1,105,38.79929,41.533577,32.939342,37.31917,45.11375,42.872234
1027,16.75,502.2124,1,105,38.73277,41.47471,32.87918,37.258636,45.053886,42.826885
1028,17.0,502.63458,1,105,38.714348,41.460167,32.928764,37.30317,45.085476,42.8214
1029,17.25,503.55334,1,105,38.650658,41.40488,32.8719,37.245857,45.02895,42.77913
1030,17.5,504.466,1,105,38.587322,41.349678,32.815163,37.18871,44.972546,42.736164
1031,17.75,505.37396,1,105,38.524254,41.294346,32.758385,37.13153,44.91608,42.69208
1032,18.0,826.22577,1,105,39.44785,41.7276,33.586716,38.00482,45.672016,43.116886
1033,18.25,825.91534,1,105,39.493336,41.76768,33.628555,38.046978,45.713608,43.15754
1034,18.5,825.6053,1,105,39.53877,41.808094,33.67058,38.089294,45.755405,43.198406
1035,18.75,825.2958,1,105,39.58411,41.84877,33.712746,38.131737,45.797363,43.23944
1036,19.0,824.9415,1,105,39.631615,41.885174,33.75419,38.17387,45.838264,43.290752
1037,19.25,824.6329,1,105,39.67682,41.925964,33.796387,38.21632,45.880257,43.331936
1038,19.5,824.3247,1,105,39.721947,41.966988,33.838707,38.258873,45.922394,43.373264
1039,19.75,824.0171,1,105,39.76698,42.008205,33.88112,38.3015,45.964634,43.414707
1040,20.0,824.4098,1,105,39.66996,41.932747,33.49278,37.927834,45.651203,43.322742
1041,20.25,824.17834,1,105,39.70304,41.95242,33.51665,37.952557,45.674397,43.340546
1042,20.5,823.9467,1,105,39.736176,41.97314,33.54125,37.97794,45.698368,43.35935
1043,20.75,823.71533,1,105,39.76934,41.994774,33.566475,38.003902,45.72301,43.37905
1044,21.0,823.7139,1,105,39.74332,41.97601,33.384087,37.8343,45.58635,43.314384
1045,21.25,823.5343,1,105,39.76783,41.978756,33.39339,37.844986,45.594563,43.31521
1046,21.5,823.3525,1,105,39.792835,41.98424,33.404747,37.857574,45.604935,43.31834
1047,21.75,823.16925,1,105,39.818165,41.99187,33.417686,37.87164,45.61699,43.323383
1048,22.0,819.1796,1,105,36.759155,42.06107,33.197838,37.723892,45.501637,43.270348
1049,22.25,819.20557,1,105,36.755356,42.057537,33.193813,37.719887,45.497604,43.257973
1050,22.5,819.2388,1,105,36.750492,42.052773,33.188644,37.714745,45.492416,43.24528
1051,22.75,819.2782,1,105,36.74472,42.04695,33.182503,37.70863,45.486256,43.23234
1052,23.0,825.0481,1,105,35.661346,41.376682,31.874338,36.464203,44.483337,42.49444
1053,23.25,825.1009,1,105,35.6495,41.326668,31.832176,36.424606,44.438126,42.43279
1054,23.5,825.1599,1,105,35.636776,41.277283,31.79035,36.385265,44.393387,42.372498
1055,23.75,825.2248,1,105,35.623226,41.228523,31.748857,36.346165,44.349106,42.31347
1056,0.0,819.594,1,105,30.193552,41.654274,32.651775,37.193893,45.008244,42.79906
1057,0.25,804.55066,1,105,32.357246,42.473988,33.76889,38.388515,46.06976,43.54416
1058,0.5,804.1306,1,105,32.418274,42.542503,33.83505,38.454254,46.13622,43.604095
1059,0.75,803.7122,1,105,32.479053,42.61069,33.90092,38.51971,46.202385,43.66426
1060,1.0,812.91327,1,105,30.67613,41.72409,31.966114,36.67664,44.74654,42.608555
1061,1.25,813.29407,1,105,30.620441,41.663082,31.906036,36.616947,44.685997,42.539867
1062,1.5,813.6738,1,105,30.564882,41.6022,31.846106,36.557392,44.62559,42.471752
1063,1.75,814.0525,1,105,30.509485,41.54146,31.78634,36.497997,44.565353,42.40419
1064,2.0,808.07697,1,105,31.756075,42.03493,33.129456,37.768673,45.49502,43.01436
1065,2.25,807.8321,1,105,31.791769,42.07517,33.168266,37.807217,45.534058,43.04659
1066,2.5,807.5898,1,105,31.827057,42.11491,33.206635,37.845306,45.572628,43.078857
1067,2.75,807.3504,1,105,31.861925,42.154144,33.24453,37.88294,45.610733,43.111122
1068,3.0,807.05853,1,105,31.919245,42.18499,33.305252,37.94085,45.65934,43.09147
1069,3.25,806.8291,1,105,31.952648,42.222527,33.34152,37.97686,45.695778,43.12292
1070,3.5,806.6022,1,105,31.985676,42.259605,33.37736,38.01246,45.731808,43.15438
1071,3.75,806.3779,1,105,32.01831,42.296215,33.412773,38.04763,45.7674,43.185787
1072,4.0,788.361,1,105,35.08821,44.410862,36.844772,41.418564,48.855602,45.42737
1073,4.25,489.1383,1,105,30.021534,41.71406,33.261497,37.66108,45.406902,42.883617
1074,4.5,489.935,1,105,29.96734,41.663784,33.210907,37.610313,45.356445,42.84883
1075,4.75,490.72388,1,105,29.913624,41.614155,33.1609,37.560116,45.30659,42.814396
1076,5.0,501.5403,1,105,35.206024,41.140728,32.443634,36.853107,44.6573,42.352444
1077,5.25,502.61652,1,105,35.131447,41.06824,32.371334,36.780796,44.585,42.292496
1078,5.5,503.68768,1,105,35.057102,40.995747,32.299072,36.708546,44.51273,42.231663
1079,5.75,504.754,1,105,34.98297,40.92321,32.226826,36.636314,44.44046,42.1699
1080,6.0,820.29456,1,105,36.280693,41.646843,33.353607,37.820484,45.486855,42.820793
1081,6.25,819.93915,1,105,36.334362,41.679466,33.392307,37.860336,45.52466,42.855453
1082,6.5,819.58154,1,105,36.388203,41.71385,33.432293,37.901375,45.56381,42.891453
1083,6.75,819.2222,1,105,36.44216,41.749794,33.4734,37.94346,45.604153,42.928642
1084,7.0,818.9849,1,105,39.914566,41.6958,33.103313,37.605648,45.325577,42.792152
1085,7.25,818.7144,1,105,39.951283,41.69517,33.113895,37.61853,45.334343,42.793568
1086,7.5,818.4334,1,105,39.989723,41.700386,33.12912,37.63582,45.347946,42.79952
1087,7.75,818.14404,1,105,40.029625,41.710583,33.14827,37.65681,45.365646,42.809406
1088,8.0,788.2045,1,105,44.22097,44.046608,36.258053,40.87428,48.32949,44.97496
1089,8.25,787.3673,1,105,44.341415,44.18142,36.38756,41.002773,48.45979,45.106735
1090,8.5,786.53455,1,105,44.461136,44.31541,36.516293,41.13048,48.589294,45.237797
1091,8.75,487.9005,1,105,39.26953,41.666912,32.98391,37.41506,45.20127,42.819084
1092,9.0,504.99512,1,105,38.478188,41.00099,32.08495,36.522305,44.37105,42.23276
1093,9.25,506.29474,1,105,38.387768,40.904922,31.99039,36.42826,44.27615,42.138454
1094,9.5,507.58682,1,105,38.297684,40.80928,31.896267,36.334633,44.18168,42.044456
1095,9.75,508.87143,1,105,38.20794,40.71408,31.802559,36.24142,44.087635,41.95078
1096,10.0,509.57913,1,105,38.15607,40.662445,31.775269,36.21115,44.05218,41.932404
1097,10.25,826.8928,1,105,39.24741,41.361763,32.630997,37.107376,44.87908,42.501583
1098,10.5,826.77783,1,105,39.260998,41.34375,32.621662,37.100006,44.868248,42.484356
1099,10.75,826.66534,1,105,39.27431,41.32642,32.612823,37.093067,44.857952,42.467735
1100,11.0,827.1576,1,105,35.640568,41.19745,32.333054,36.833767,44.625626,42.3125
1101,11.25,827.1121,1,105,35.645344,41.171547,32.31408,36.816666,44.605453,42.28377
1102,11.5,827.06946,1,105,35.649708,41.146423,32.295715,36.8001,44.585915,42.256004
1103,11.75,827.0294,1,105,35.653675,41.122078,32.27795,36.784042,44.567013,42.229164
1104,12.0,826.9166,1,105,35.686737,41.137733,32.336723,36.837223,44.612713,42.29704
1105,12.25,826.87067,1,105,35.69184,41.11864,32.32364,36.825516,44.598644,42.277428
1106,12.5,826.82697,1,105,35.696636,41.10037,32.31114,36.814312,44.585205,42.2586
1107,12.75,826.78564,1,105,35.701134,41.082924,32.299225,36.80363,44.5724,42.240547
1108,13.0,826.6157,1,105,35.77123,41.125793,32.453636,36.94315,44.69164,42.300842
1109,13.25,826.55194,1,105,35.779682,41.120872,32.452484,36.94279,44.689865,42.296104
1110,13.5,826.4892,1,105,35.78801,41.116837,32.451935,36.942986,44.688747,42.292084
1111,13.75,826.42755,1,105,35.796238,41.113647,32.45197,36.943703,44.688248,42.288757
1112,14.0,826.1576,1,105,35.900208,41.178596,32.69816,37.172386,44.881336,42.42654
1113,14.25,826.04565,1,105,35.91694,41.20105,32.718754,37.192627,44.90223,42.448235
1114,14.5,825.93353,1,105,35.933685,41.223152,32.73913,37.212658,44.92287,42.46967
1115,14.75,825.8211,1,105,35.950436,41.24489,32.759254,37.232468,44.943245,42.490826
1116,15.0,825.3797,1,105,36.08153,41.375397,33.075848,37.532375,45.207813,42.65424
1117,15.25,825.2165,1,105,36.105934,41.41025,33.10726,37.56311,45.23977,42.68981
1118,15.5,825.0526,1,105,36.130417,41.444645,33.138393,37.593594,45.271408,42.72494
1119,15.75,824.888,1,105,36.154964,41.47859,33.169247,37.623833,45.302753,42.759624
1120,16.0,824.1345,1,105,39.699703,41.593273,33.35974,37.81367,45.475677,42.873867
1121,16.25,823.90326,1,105,39.734276,41.635815,33.399445,37.85281,45.51581,42.917015
1122,16.5,823.6716,1,105,39.768665,41.67799,33.43892,37.89175,45.555702,42.9598
1123,16.75,823.43976,1,105,39.80304,41.719784,33.47814,37.930466,45.595318,43.002205
1124,17.0,807.96643,1,105,41.985744,42.990967,35.13881,39.649757,47.191814,44.18904
1125,17.25,807.2883,1,105,42.084354,43.10003,35.243885,39.754078,47.297466,44.29695
1126,17.5,806.6143,1,105,42.18231,43.20835,35.34825,39.857697,47.40241,44.40418
1127,17.75,805.94464,1,105,42.279602,43.315933,35.451912,39.960613,47.50665,44.510727
1128,18.0,802.3276,1,105,42.835552,43.80017,36.12714,40.630035,48.136562,45.016937
1129,18.25,497.182,1,105,39.11894,41.868084,33.46066,37.826195,45.584988,43.22944
1130,18.5,498.06717,1,105,39.05795,41.81837,33.40846,37.773357,45.533268,43.194298
1131,18.75,498.94437,1,105,38.99746,41.768997,33.356625,37.720898,45.481907,43.159004
1132,19.0,499.73706,1,105,38.939358,41.714855,33.303513,37.66764,45.428898,43.13243
1133,19.25,500.59827,1,105,38.879868,41.665966,33.252274,37.615803,45.378117,43.096737
1134,19.5,501.45197,1,105,38.82085,41.61737,33.201366,37.5643,45.327656,43.060856
1135,19.75,502.29834,1,105,38.76228,41.56905,33.150757,37.51312,45.277485,43.02478
1136,20.0,505.1412,1,105,38.515663,41.345074,32.654537,37.035515,44.856026,42.82751
1137,20.25,506.11813,1,105,38.447872,41.279854,32.58919,36.970116,44.79072,42.766422
1138,20.5,507.08978,1,105,38.38035,41.214733,32.523975,36.904858,44.725544,42.705086
1139,20.75,827.1273,1,105,39.276505,41.62104,33.157246,37.587112,45.31979,43.045002
1140,21.0,827.1056,1,105,39.25633,41.60971,32.983707,37.426353,45.191948,42.983303
1141,21.25,826.91986,1,105,39.281284,41.60634,32.988674,37.433117,45.195496,42.976273
1142,21.5,826.73517,1,105,39.306194,41.604084,32.99445,37.44062,45.199913,42.970528
1143,21.75,826.55164,1,105,39.33103,41.60286,33.000973,37.44879,45.205124,42.966003
1144,22.0,827.6863,1,105,35.55309,41.36772,32.39161,36.885574,44.718643,42.636467
1145,22.25,827.6231,1,105,35.560833,41.340477,32.371475,36.867664,44.69672,42.600845
1146,22.5,827.56244,1,105,35.568172,41.31418,32.352066,36.850395,44.67561,42.566624
1147,22.75,827.50415,1,105,35.57511,41.288822,32.33337,36.833755,44.6553,42.53376
1148,23.0,828.14935,1,105,35.20356,40.86711,31.376614,35.969975,43.981346,42.006966
1149,23.25,828.20264,1,105,35.191727,40.81844,31.335497,35.93135,43.937325,41.94551
1150,23.5,828.2619,1,105,35.179066,40.770496,31.2948,35.893044,43.89386,41.88559
1151,23.75,828.32684,1,105,35.165623,40.72326,31.25449,35.855053,43.85091,41.827076
1152,0.0,822.8109,1,105,29.721983,41.099415,32.116837,36.664104,44.468925,42.275116
1153,0.25,822.63025,1,105,29.749615,41.094223,32.118084,36.667248,44.468616,42.26346
1154,0.5,822.4503,1,105,29.777029,41.090206,32.12027,36.67125,44.469315,42.25326
1155,0.75,822.2708,1,105,29.80423,41.08735,32.123375,36.676086,44.471004,42.244488
1156,1.0,823.9668,1,105,29.080961,40.500134,30.665447,35.354095,43.475365,41.460083
1157,1.25,823.9456,1,105,29.082544,40.45525,30.63005,35.321495,43.43612,41.40245
1158,1.5,823.92725,1,105,29.0836,40.41127,30.59534,35.289513,43.397697,41.346333
1159,1.75,823.9116,1,105,29.084133,40.368225,30.561361,35.258163,43.360126,41.29179
1160,2.0,822.68756,1,105,29.656649,40.742325,31.665766,36.255814,44.073433,41.778152
1161,2.25,822.56274,1,105,29.67491,40.732944,31.661964,36.25369,44.068047,41.76451
1162,2.5,822.4389,1,105,29.69295,40.724674,31.659035,36.252342,44.063606,41.752144
1163,2.75,822.3163,1,105,29.710772,40.717472,31.656925,36.251755,44.060078,41.740982
1164,3.0,822.1773,1,105,29.746174,40.707977,31.680223,36.2736,44.06844,41.684803
1165,3.25,822.0575,1,105,29.763517,40.70183,31.678907,36.27371,44.065865,41.674915
1166,3.5,821.93866,1,105,29.780678,40.696728,31.678385,36.274548,44.064156,41.666206
1167,3.75,821.8209,1,105,29.797665,40.69265,31.678656,36.276096,44.063305,41.65863
1168,4.0,819.4624,1,105,30.617208,41.22929,33.247322,37.740276,45.321262,42.398117
1169,4.25,794.8973,1,105,34.14732,43.357246,35.8353,40.41684,47.83937,44.40127
1170,4.5,793.9795,1,105,34.279724,43.505196,35.97731,40.557774,47.98232,44.548717
1171,4.75,793.06665,1,105,34.41132,43.652225,36.118446,40.69784,48.124397,44.69528
1172,5.0,813.1858,1,105,37.59961,41.94508,33.828148,38.359715,45.944946,43.014725
1173,5.25,812.71924,1,105,37.66783,42.020554,33.90103,38.432095,46.018227,43.089615
1174,5.5,812.2556,1,105,37.73557,42.095493,33.9734,38.50396,46.090992,43.164
1175,5.75,811.7955,1,105,37.802803,42.16986,34.045227,38.575287,46.163208,43.23787
1176,6.0,789.71075,1,105,40.647373,44.03522,36.370975,40.964016,48.40832,45.015472
1177,6.25,788.8352,1,105,40.773453,44.17593,36.506226,41.098198,48.544353,45.15513
1178,6.5,787.96466,1,105,40.89875,44.315754,36.640636,41.231533,48.67954,45.29394
1179,6.75,787.0989,1,105,41.023262,44.45469,36.7742,41.364037,48.813877,45.43192
1180,7.0,489.7529,1,105,39.114452,41.4565,32.646423,37.099194,44.906597,42.578438
1181,7.25,490.6111,1,105,39.056374,41.392796,32.58436,37.037495,44.844257,42.523273
1182,7.5,491.46548,1,105,38.99831,41.32929,32.522488,36.975998,44.782112,42.46762
1183,7.75,492.31592,1,105,38.940434,41.266026,32.46085,36.914726,44.720207,42.41163
1184,8.0,492.1756,1,105,38.978283,41.322853,32.655087,37.089912,44.869568,42.46112
1185,8.25,492.94232,1,105,38.92623,41.268497,32.60182,37.036835,44.81615,42.416206
1186,8.5,493.70505,1,105,38.874382,41.21434,32.548748,36.983944,44.76292,42.370754
1187,8.75,819.5911,1,105,39.84057,41.626602,33.203465,37.690926,45.376137,42.73297
1188,9.0,826.2734,1,105,39.335648,41.404602,32.656303,37.1391,44.910923,42.496235
1189,9.25,826.17175,1,105,39.347206,41.38556,32.645554,37.130234,44.89875,42.477676
1190,9.5,826.0727,1,105,39.358486,41.367214,32.635315,37.121826,44.887123,42.459766
1191,9.75,825.9761,1,105,39.36949,41.349606,32.625607,37.11389,44.87607,42.44252
1192,10.0,825.7464,1,105,39.39836,41.35159,32.665237,37.15168,44.905617,42.480865
1193,10.25,825.6453,1,105,39.4104,41.3376,32.658733,37.146812,44.897858,42.468227
1194,10.5,825.5463,1,105,39.422226,41.324467,32.652824,37.142467,44.890736,42.456245
1195,10.75,825.4494,1,105,39.433853,41.31221,32.647522,37.138668,44.884274,42.444973
1196,11.0,825.82837,1,105,35.823956,41.216854,32.390396,36.900974,44.676453,42.31657
1197,11.25,825.80084,1,105,35.826153,41.19542,32.374687,36.88667,44.65977,42.29301
1198,11.5,825.77576,1,105,35.82803,41.17481,32.359562,36.872883,44.64373,42.27038
1199,11.75,825.7531,1,105,35.829594,41.15501,32.345028,36.859608,44.628315,42.248646
1200,12.0,825.6801,1,105,35.857273,41.166702,32.401104,36.90956,44.67133,42.31582
1201,12.25,825.6508,1,105,35.860195,41.152847,32.391636,36.901043,44.66115,42.301567
1202,12.5,825.6235,1,105,35.8629,41.1398,32.382713,36.893032,44.651566,42.28798
1203,12.75,825.5979,1,105,35.865406,41.12754,32.374348,36.88551,44.64257,42.27511
1204,13.0,825.49365,1,105,35.92556,41.14592,32.511932,37.009514,44.743668,42.31802
1205,13.25,825.44244,1,105,35.932953,41.152317,32.51852,37.016174,44.750202,42.322598
1206,13.5,825.3916,1,105,35.94029,41.15863,32.525032,37.022747,44.756664,42.32724
1207,13.75,825.3411,1,105,35.947567,41.164867,32.531483,37.029266,44.76306,42.331947
1208,14.0,825.07983,1,105,36.05335,41.26194,32.802387,37.280994,44.982086,42.497967
1209,14.25,824.9798,1,105,36.06864,41.28723,32.82449,37.302464,45.004692,42.52275
1210,14.5,824.87885,1,105,36.084038,41.312,32.84627,37.32365,45.02695,42.547108
1211,14.75,824.777,1,105,36.099514,41.33627,32.867744,37.34456,45.04887,42.57106
1212,15.0,824.3548,1,105,36.22917,41.4755,33.190628,37.65019,45.320217,42.74364
1213,15.25,824.20056,1,105,36.252426,41.51167,33.222557,37.68127,45.352814,42.780838
1214,15.5,816.049,1,105,37.396683,42.122486,34.00989,38.50392,46.11264,43.348164
1215,15.75,815.55505,1,105,37.468956,42.20221,34.086887,38.5804,46.19004,43.42661
1216,16.0,809.63007,1,105,41.73322,42.790764,34.84144,39.352318,46.91414,43.981762
1217,16.25,808.9948,1,105,41.825825,42.89299,34.940025,39.4502,47.013245,44.082806
1218,16.5,808.3638,1,105,41.917683,42.9945,35.037933,39.54741,47.111675,44.183212
1219,16.75,807.73676,1,105,42.008907,43.095306,35.13517,39.643948,47.209423,44.282963
1220,17.0,805.7238,1,105,42.311676,43.352234,35.486217,39.99466,47.541153,44.537495
1221,17.25,805.0601,1,105,42.408005,43.458706,35.588852,40.09655,47.64434,44.64338
1222,17.5,498.74133,1,105,38.983006,41.711308,33.18199,37.557068,45.33817,43.038723
1223,17.75,499.68793,1,105,38.917736,41.65466,33.123745,37.49838,45.280266,42.99635
1224,18.0,499.63596,1,105,38.950233,41.70859,33.30021,37.665424,45.42477,43.085117
1225,18.25,500.5048,1,105,38.890186,41.659668,33.24881,37.613403,45.373848,43.050217
1226,18.5,501.36572,1,105,38.83062,41.61106,33.197754,37.56173,45.323265,43.015137
1227,18.75,502.21915,1,105,38.77153,41.562756,33.147026,37.510387,45.273003,42.97987
1228,19.0,502.9899,1,105,38.71474,41.509544,33.094902,37.458134,45.220974,42.953007
1229,19.25,503.82834,1,105,38.656597,41.461617,33.04469,37.407337,45.171196,42.917274
1230,19.5,504.6596,1,105,38.5989,41.413944,32.99477,37.35685,45.121704,42.881348
1231,19.75,505.48535,1,105,38.54154,41.36626,32.94491,37.306442,45.07226,42.84463
1232,20.0,827.07916,1,105,39.28404,41.635887,33.1699,37.599277,45.33284,43.063644
1233,20.25,826.8432,1,105,39.31754,41.65072,33.190475,37.621048,45.35246,43.074238
1234,20.5,826.6066,1,105,39.351196,41.667023,33.21211,37.643795,45.373207,43.08638
1235,20.75,826.3697,1,105,39.384968,41.684612,33.234657,37.667385,45.39493,43.09992
1236,21.0,826.352,1,105,39.363274,41.672413,33.059223,37.504654,45.26527,43.03841
1237,21.25,826.1687,1,105,39.388012,41.670662,33.06533,37.51244,45.270046,43.033405
1238,21.5,825.9857,1,105,39.412815,41.670353,33.0725,37.521202,45.275955,43.02992
1239,21.75,825.7997,1,105,39.43826,41.673218,33.082073,37.532204,45.284393,43.0292
1240,22.0,826.88055,1,105,35.67005,41.455563,32.485115,36.980877,44.8107,42.714943
1241,22.25,826.8208,1,105,35.677235,41.428947,32.465424,36.96334,44.78929,42.680443
1242,22.5,826.7634,1,105,35.684013,41.403275,32.446438,36.94642,44.76868,42.647293
1243,22.75,826.7085,1,105,35.690403,41.378532,32.428154,36.930122,44.748856,42.615475
1244,23.0,827.31616,1,105,35.32282,40.964695,31.478584,36.073383,44.081635,42.09703
1245,23.25,827.3752,1,105,35.310154,40.916237,31.437466,36.034695,44.0377,42.03621
1246,23.5,827.4399,1,105,35.296696,40.86849,31.396767,35.99633,43.99431,41.97686
1247,23.75,827.51013,1,105,35.282486,40.82144,31.356457,35.95828,43.95144,41.918877
1248,0.0,822.0837,1,105,29.829905,41.186295,32.20753,36.755936,44.558685,42.357285
1249,0.25,821.9044,1,105,29.85722,41.18173,32.209248,36.759495,44.558887,42.34643
1250,0.5,821.7258,1,105,29.884314,41.17833,32.211887,36.763893,44.560093,42.337
1251,0.75,821.54785,1,105,29.911207,41.176086,32.215435,36.769127,44.56228,42.329052
1252,1.0,823.2085,1,105,29.19191,40.597755,30.765549,35.454937,43.57445,41.553043
1253,1.25,823.1893,1,105,29.193132,40.552986,30.730179,35.422344,43.53527,41.495712
1254,1.5,823.1728,1,105,29.193825,40.50913,30.69552,35.390377,43.496933,41.43989
1255,1.75,823.1594,1,105,29.194,40.466198,30.661577,35.359047,43.45945,41.385647
1256,2.0,821.9613,1,105,29.763437,40.836,31.761753,36.352528,44.16873,41.86806
1257,2.25,821.83826,1,105,29.781368,40.82694,31.758163,36.35057,44.16359,41.854904
1258,2.5,821.7163,1,105,29.799086,40.81898,31.755434,36.349396,44.15939,41.84299
1259,2.75,821.5955,1,105,29.816593,40.812088,31.753517,36.34896,44.156094,41.83226
1260,3.0,821.4584,1,105,29.851688,40.803024,31.777105,36.37106,44.164814,41.776527
1261,3.25,821.34045,1,105,29.868729,40.797146,31.775948,36.371292,44.16243,41.76704
1262,3.5,813.2988,1,105,31.008404,41.171562,32.318474,36.96071,44.667835,42.115192
1263,3.75,813.0221,1,105,31.048899,41.21722,32.362484,37.00441,44.71206,42.15213
1264,4.0,794.1101,1,105,34.26089,43.48502,35.957203,40.53774,47.96216,44.52024
1265,4.25,793.1968,1,105,34.392563,43.63209,36.098484,40.678013,48.10432,44.667088
1266,4.5,792.28864,1,105,34.52342,43.77826,36.238815,40.81728,48.24558,44.81304
1267,4.75,791.38544,1,105,34.653454,43.923515,36.378277,40.955685,48.38596,44.95811
1268,5.0,811.3352,1,105,37.869987,42.24515,34.11712,38.646667,46.235504,43.301785
1269,5.25,810.884,1,105,37.93588,42.317978,34.187504,38.71656,46.30627,43.374695
1270,5.5,810.4356,1,105,38.00131,42.390293,34.25739,38.78597,46.376537,43.44711
1271,5.75,809.9903,1,105,38.066257,42.462082,34.32677,38.854862,46.44629,43.51901
1272,6.0,788.08936,1,105,40.880806,44.29619,36.621475,41.212513,48.66028,45.269943
1273,6.25,787.223,1,105,41.005405,44.43521,36.755135,41.34511,48.794704,45.408146
1274,6.5,488.9782,1,105,35.81826,41.672096,33.11195,37.523884,45.288868,42.826824
1275,6.75,489.76233,1,105,35.765263,41.620262,33.060436,37.472347,45.23737,42.788963
1276,7.0,491.26987,1,105,39.01205,41.3548,32.5453,36.998123,44.80543,42.49723
1277,7.25,492.12036,1,105,38.954327,41.29109,32.483303,36.936516,44.743145,42.44051
1278,7.5,492.967,1,105,38.896626,41.227592,32.421516,36.875114,44.681072,42.383385
1279,7.75,493.80994,1,105,38.8391,41.164337,32.35996,36.813942,44.61923,42.325974
1280,8.0,493.67667,1,105,38.876488,41.219864,32.55321,36.988125,44.7676,42.373466
1281,8.25,819.7035,1,105,39.824883,41.620705,33.194332,37.681175,45.367493,42.72534
1282,8.5,819.36743,1,105,39.872,41.641293,33.223488,37.712017,45.39531,42.74675
1283,8.75,819.02673,1,105,39.920036,41.664944,33.254963,37.74504,45.42555,42.770603
1284,9.0,825.6083,1,105,39.428947,41.46165,32.722878,37.2079,44.97582,42.54776
1285,9.25,825.5106,1,105,39.440037,41.44337,32.712658,37.19949,44.964222,42.53033
1286,9.5,825.4154,1,105,39.45085,41.42582,32.702953,37.19155,44.953186,42.513527
1287,9.75,825.3227,1,105,39.4614,41.409027,32.693794,37.184086,44.942726,42.49738
1288,10.0,825.1013,1,105,39.489277,41.4108,32.73325,37.221672,44.9721,42.53616
1289,10.25,825.0039,1,105,39.500885,41.397697,32.727318,37.217293,44.964977,42.524563
1290,10.5,824.90857,1,105,39.51229,41.385475,32.721996,37.213455,44.9585,42.51364
1291,10.75,824.8151,1,105,39.523506,41.37416,32.717297,37.210175,44.9527,42.50342
1292,11.0,825.1736,1,105,35.917625,41.28455,32.464188,36.976288,44.74919,42.37963
1293,11.25,825.1501,1,105,35.91926,41.263874,32.44897,36.962395,44.733063,42.35709
1294,11.5,825.129,1,105,35.92058,41.24401,32.43433,36.94901,44.717552,42.33542
1295,11.75,825.1104,1,105,35.92161,41.224945,32.420258,36.936123,44.702652,42.3146
1296,12.0,825.0452,1,105,35.948242,41.235985,32.475826,36.985504,44.745144,42.38181
1297,12.25,825.0199,1,105,35.950657,41.22296,32.46687,36.97743,44.735535,42.368412
1298,12.5,824.99634,1,105,35.952873,41.21073,32.458466,36.969856,44.726517,42.355713
1299,12.75,824.9744,1,105,35.95491,41.199276,32.450584,36.96276,44.71806,42.3437
1300,13.0,824.8788,1,105,36.01395,41.216904,32.587765,37.086395,44.818687,42.38627
1301,13.25,824.8313,1,105,36.02093,41.224422,32.595016,37.093616,44.82596,42.391895
1302,13.5,824.78394,1,105,36.027863,41.23174,32.602116,37.100704,44.83307,42.397495
1303,13.75,822.72876,1,105,36.309513,41.316734,32.74556,37.256283,44.967014,42.47739
1304,14.0,820.0472,1,105,36.75725,41.623104,33.271122,37.77179,45.433235,42.833126
1305,14.25,819.7079,1,105,36.80704,41.678074,33.324238,37.824566,45.48663,42.8859
1306,14.5,819.3711,1,105,36.856438,41.732597,33.37694,37.876923,45.539604,42.93837
1307,14.75,819.0371,1,105,36.905407,41.786648,33.429188,37.92883,45.59212,42.990498
1308,15.0,815.5077,1,105,37.475876,42.21047,34.094334,38.58776,46.19754,43.42757
1309,15.25,815.0182,1,105,37.54746,42.28939,34.170593,38.663525,46.274193,43.505646
1310,15.5,814.53204,1,105,37.61851,42.367718,34.24628,38.7387,46.350277,43.583187
1311,15.75,814.04944,1,105,37.689037,42.445465,34.321404,38.813313,46.425797,43.6602
1312,16.0,808.1892,1,105,41.94298,43.023037,35.065094,39.574364,47.13898,44.20643
1313,16.25,807.56366,1,105,42.034092,43.123566,35.162075,39.67065,47.236477,44.306126
1314,16.5,806.942,1,105,42.124466,43.223392,35.258385,39.766273,47.3333,44.405178
1315,16.75,498.6851,1,105,38.97626,41.695263,33.103237,37.483738,45.27712,43.004486
1316,17.0,499.10226,1,105,38.958275,41.683186,33.154903,37.530247,45.31088,43.005592
1317,17.25,500.04797,1,105,38.89302,41.62656,33.096687,37.47158,45.253002,42.96341
1318,17.5,500.98557,1,105,38.828247,41.570316,33.038857,37.41331,45.19552,42.92109
1319,17.75,501.91534,1,105,38.76395,41.514446,32.98141,37.35543,45.13842,42.878643
1320,18.0,501.88345,1,105,38.795143,41.564884,33.154854,37.51959,45.27979,42.96037
1321,18.25,502.73602,1,105,38.736042,41.51678,33.10428,37.46838,45.229683,42.925568
1322,18.5,503.5813,1,105,38.67741,41.468956,33.05401,37.4175,45.179886,42.890564
1323,18.75,504.41904,1,105,38.619236,41.421387,33.004044,37.366932,45.130375,42.855343
1324,19.0,505.17554,1,105,38.5633,41.36883,32.95259,37.315357,45.079014,42.828293
1325,19.25,826.30396,1,105,39.432766,41.73552,33.589138,38.005653,45.675655,43.162407
1326,19.5,825.9909,1,105,39.478607,41.77458,33.63036,38.04729,45.71656,43.200745
1327,19.75,825.6785,1,105,39.524364,41.813957,33.67177,38.089085,45.75767,43.23938
1328,20.0,826.0655,1,105,39.43043,41.744225,33.289337,37.721157,45.45034,43.155174
1329,20.25,825.8311,1,105,39.463814,41.76112,33.311337,37.74421,45.471497,43.168854
1330,20.5,825.59625,1,105,39.497303,41.779305,33.33426,37.768105,45.493637,43.183872
1331,20.75,825.3613,1,105,39.530876,41.79864,33.35799,37.792747,45.51665,43.20014
1332,21.0,825.34894,1,105,39.50763,41.784523,33.180283,37.62774,45.384724,43.138386
1333,21.25,825.16864,1,105,39.532005,41.783714,33.187008,37.636063,45.390194,43.135204
1334,21.5,824.98553,1,105,39.556984,41.78599,33.19608,37.646572,45.39812,43.134666
1335,21.75,824.8002,1,105,39.582474,41.791042,33.20723,37.659016,45.40824,43.136543
1336,22.0,825.84344,1,105,35.82096,41.582756,32.61678,37.113995,44.941216,42.831654
1337,22.25,825.7872,1,105,35.827557,41.55656,32.597343,37.096645,44.920124,42.798122
1338,22.5,825.73334,1,105,35.833755,41.531315,32.57862,37.07993,44.899834,42.765938
1339,22.75,825.68207,1,105,35.83957,41.50698,32.560577,37.063812,44.88031,42.73502
1340,23.0,826.2561,1,105,35.47537,41.099274,31.61674,36.21273,44.218395,42.22367
1341,23.25,826.32074,1,105,35.461864,41.05091,31.575527,36.173893,44.17445,42.163376
1342,23.5,826.391,1,105,35.447605,41.003254,31.534735,36.135387,44.13104,42.10449
1343,23.75,826.4663,1,105,35.43263,40.956284,31.49434,36.0972,44.08815,42.046936
1344,0.0,821.12244,1,105,29.972029,41.31306,32.336784,36.88597,44.687294,42.478214
