step,hour_of_day,source_flow_Ls,leak_active,leak_node,pressure_15,pressure_35,pressure_101,pressure_105,pressure_113,pressure_201
0,0.0,830.6063,0,,28.534115,40.504333,31.140596,35.48929,43.701603,42.572742
1,0.25,830.29474,0,,28.582363,40.531376,31.170486,35.520084,43.730167,42.57863
2,0.5,829.9848,0,,28.630264,40.558548,31.200489,35.550964,43.75886,42.586308
3,0.75,829.6761,0,,28.677856,40.58595,31.230677,35.58201,43.78779,42.595787
4,1.0,825.1583,0,,28.757366,41.358517,39.3923,40.418896,46.66088,43.076984
5,1.25,824.6808,0,,28.830168,41.422997,39.44593,40.480904,46.723766,43.12099
6,1.5,824.2039,0,,28.902773,41.487648,39.49959,40.542923,46.78675,43.166252
7,1.75,823.7277,0,,28.975174,41.55241,39.55325,40.60491,46.849796,43.212654
8,2.0,819.7585,0,,29.842472,42.23206,40.95355,41.70498,47.840847,43.95628
9,2.25,819.12506,0,,29.936935,42.329136,41.02819,41.790665,47.932064,44.04575
10,2.5,818.49274,0,,30.031193,42.42603,41.10265,41.876186,48.0229,44.135487
11,2.75,817.8613,0,,30.125242,42.5227,41.17696,41.961544,48.11355,44.22542
12,3.0,817.2379,0,,30.233776,42.59707,41.281708,42.062794,48.206184,44.25359
13,3.25,816.6105,0,,30.327198,42.692707,41.355362,42.14744,48.29602,44.343163
14,3.5,815.9843,0,,30.420374,42.78806,41.428833,42.231873,48.385616,44.432785
15,3.75,815.3596,0,,30.513304,42.883106,41.50211,42.316086,48.474968,44.522423
16,4.0,808.7316,0,,31.758049,44.023087,43.68656,44.13183,50.07154,45.850216
17,4.25,807.88806,0,,31.88142,44.157906,43.78445,44.244705,50.194767,45.98636
18,4.5,485.7143,0,,30.309963,42.688843,42.174606,42.34017,48.343056,44.58111
19,4.75,485.4589,0,,30.327059,42.732975,42.19532,42.363155,48.372784,44.629074
20,5.0,489.40225,0,,36.029335,42.598534,41.747746,42.003086,48.110535,44.429005
21,5.25,489.6112,0,,36.017162,42.620003,41.747116,42.000923,48.115032,44.453445
22,5.5,489.81207,0,,36.005585,42.640705,41.74654,41.998886,48.119366,44.477108
23,5.75,490.00494,0,,35.99458,42.660595,41.74599,41.996956,48.12354,44.49995
24,6.0,485.8623,0,,36.126408,42.79878,42.005608,42.228443,48.31693,44.660828
25,6.25,485.52234,0,,36.149094,42.837955,42.027668,42.253277,48.34678,44.702847
26,6.5,485.1789,0,,36.171974,42.876568,42.049664,42.27807,48.37645,44.74426
27,6.75,484.83243,0,,36.195038,42.91461,42.071594,42.30282,48.40592,44.78507
28,7.0,484.977,0,,39.655148,42.822712,41.57757,41.951637,48.175827,44.61915
29,7.25,484.69452,0,,39.674274,42.84683,41.59363,41.96988,48.196476,44.644154
30,7.5,484.41226,0,,39.6933,42.870617,41.609592,41.988018,48.216965,44.66884
31,7.75,484.1305,0,,39.712257,42.894062,41.62544,42.006042,48.23726,44.693172
32,8.0,483.28653,0,,39.790905,42.973885,41.908928,42.224415,48.39537,44.781414
33,8.25,482.9276,0,,39.81508,43.00487,41.929295,42.24759,48.421696,44.814
34,8.5,482.5691,0,,39.83919,43.035442,41.94953,42.270615,48.447807,44.846146
35,8.75,482.21103,0,,39.86323,43.06562,41.96963,42.293507,48.473694,44.87787
36,9.0,488.7857,0,,39.65669,42.988064,41.53851,41.92607,48.213173,44.76365
37,9.25,489.1087,0,,39.636723,42.98457,41.526943,41.911922,48.201775,44.762268
38,9.5,489.43134,0,,39.61663,42.978928,41.514793,41.89721,48.18932,44.759
39,9.75,489.75223,0,,39.596516,42.97165,41.502235,41.882103,48.17608,44.75425
40,10.0,489.86804,0,,39.59029,42.969013,41.538845,41.904408,48.18766,44.79187
41,10.25,490.15768,0,,39.572292,42.963654,41.527878,41.891163,48.176327,44.78906
42,10.5,490.44482,0,,39.55435,42.956966,41.51662,41.877647,48.164402,44.785023
43,10.75,490.7289,0,,39.536507,42.949223,41.50516,41.86396,48.152023,44.779972
44,11.0,492.11636,0,,35.806965,42.890984,41.200615,41.61708,47.97899,44.6866
45,11.25,492.5552,0,,35.777637,42.86684,41.179256,41.59227,47.95359,44.66458
46,11.5,492.9904,0,,35.748547,42.84256,41.157967,41.567554,47.92823,44.642307
47,11.75,493.4218,0,,35.71968,42.818165,41.136757,41.542953,47.902897,44.61981
48,12.0,493.64917,0,,35.72104,42.82006,41.192463,41.57711,47.922405,44.677086
49,12.25,494.04004,0,,35.69498,42.800785,41.17411,41.55568,47.90093,44.66006
50,12.5,494.4273,0,,35.669144,42.781208,41.155773,41.534306,47.879387,44.642628
51,12.75,494.81107,0,,35.643524,42.761364,41.137466,41.512985,47.857803,44.624836
52,13.0,494.84482,0,,35.68582,42.783047,41.310287,41.633934,47.932545,44.667583
53,13.25,495.14334,0,,35.666332,42.77836,41.299217,41.62058,47.921204,44.66408
54,13.5,495.44025,0,,35.64691,42.7718,41.287663,41.606754,47.908974,44.658978
55,13.75,495.73474,0,,35.62761,42.763817,41.27578,41.5926,47.896088,44.652615
56,14.0,495.6437,0,,35.700054,42.798103,41.54778,41.790207,48.018364,44.759003
57,14.25,495.84207,0,,35.687977,42.80676,41.54385,41.784954,48.016647,44.768986
58,14.5,496.03418,0,,35.67631,42.814384,41.53983,41.779663,48.014603,44.778008
59,14.75,496.22018,0,,35.66503,42.820995,41.535725,41.77432,48.01224,44.78609
60,15.0,504.17108,0,,35.178288,42.09352,33.023365,37.236996,45.360447,44.17779
61,15.25,505.02832,0,,35.119095,42.030758,32.96184,37.175804,45.29839,44.123947
62,15.5,505.88297,0,,35.059998,41.967957,32.90031,37.114616,45.23632,44.069237
63,15.75,506.73557,0,,35.00097,41.905037,32.8387,37.053356,45.174156,44.013523
64,16.0,505.83887,0,,38.488785,41.95772,32.942596,37.156822,45.251827,44.05477
65,16.25,506.56836,0,,38.43863,41.903896,32.889957,37.104485,45.19876,44.008717
66,16.5,507.29495,0,,38.3884,41.85016,32.83742,37.052254,45.145794,43.961983
67,16.75,508.0188,0,,38.33829,41.79652,32.784985,37.000122,45.09293,43.914646
68,17.0,508.34024,0,,38.325676,41.783596,32.82336,37.03542,45.10626,43.904804
69,17.25,509.02396,0,,38.278324,41.734028,32.774715,36.987007,45.057335,43.86193
70,17.5,509.70465,0,,38.231136,41.68459,32.726196,36.93872,45.008537,43.81852
71,17.75,510.38266,0,,38.18407,41.635216,32.677753,36.890514,44.95982,43.774487
72,18.0,510.39935,0,,38.209774,41.677284,32.81805,37.024464,45.06194,43.834587
73,18.25,510.99783,0,,38.16834,41.63734,32.77829,36.98471,45.02217,43.802742
74,18.5,511.59286,0,,38.127098,41.597466,32.738605,36.94504,44.982475,43.770138
75,18.75,512.1845,0,,38.08606,41.557667,32.699013,36.90547,44.94286,43.736874
76,19.0,512.7115,0,,38.046463,41.512966,32.65722,36.864017,44.90075,43.709873
77,19.25,513.2949,0,,38.005913,41.473286,32.617798,36.82464,44.86129,43.675625
78,19.5,513.8751,0,,37.965557,41.4337,32.57848,36.785374,44.821938,43.640896
79,19.75,830.23,0,,38.879486,41.824413,33.188164,37.43524,45.395744,43.992607
80,20.0,830.6821,0,,38.79551,41.732903,32.836575,37.095814,45.12702,43.8942
81,20.25,830.3451,0,,38.84348,41.762337,32.870197,37.130417,45.15969,43.91539
82,20.5,830.0075,0,,38.891636,41.792896,32.904724,37.165874,45.19334,43.938522
83,20.75,829.66956,0,,38.939934,41.8245,32.9401,37.20212,45.227898,43.963387
84,21.0,829.6677,0,,38.92125,41.790073,32.776382,37.047382,45.121876,43.88893
85,21.25,829.3848,0,,38.96099,41.80573,32.797436,37.06971,45.141247,43.897903
86,21.5,829.0996,0,,39.001183,41.823437,32.820164,37.093616,45.16243,43.909344
87,21.75,828.8126,0,,39.04172,41.842964,32.844364,37.118923,45.185207,43.92299
88,22.0,830.1083,0,,35.203373,41.65245,32.27288,36.57299,44.811226,43.635605
89,22.25,829.9722,0,,35.22428,41.632866,32.26156,36.563576,44.796715,43.60884
90,22.5,829.83716,0,,35.24483,41.614384,32.251064,36.55493,44.783142,43.5837
91,22.75,829.7032,0,,35.265022,41.596992,32.24136,36.547024,44.7705,43.5601
92,23.0,830.92676,0,,34.84311,41.168575,31.140741,35.52523,44.043262,43.035145
93,23.25,830.8945,0,,34.846016,41.12849,31.11165,35.49812,44.010197,42.984116
94,23.5,830.86505,0,,34.848404,41.089355,31.083107,35.47151,43.97778,42.934643
95,23.75,830.83826,0,,34.85028,41.05116,31.055088,35.445385,43.946,42.886696
96,0.0,824.0165,0,,29.519453,41.418526,32.053497,36.402863,44.6136,43.338627
97,0.25,823.73267,0,,29.563107,41.439056,32.077877,36.42824,44.63648,43.35043
98,0.5,823.44885,0,,29.606625,41.46051,32.10301,36.454323,44.66019,43.363827
99,0.75,823.16516,0,,29.650003,41.482834,32.12883,36.481052,44.684666,43.37862
100,1.0,818.97974,0,,29.691801,42.200527,40.09277,41.226494,47.486942,43.843166
101,1.25,818.51697,0,,29.761442,42.26496,40.14523,41.286907,47.548912,43.891098
102,1.5,818.0555,0,,29.830833,42.329296,40.197567,41.347176,47.610775,43.93972
103,1.75,817.5945,0,,29.90007,42.39377,40.249947,41.40745,47.672737,43.98951
104,2.0,813.7354,0,,30.755405,43.06424,41.63628,42.49574,48.657658,44.73808
105,2.25,813.1158,0,,30.846846,43.16101,41.70999,42.580147,48.748184,44.83
106,2.5,812.4974,0,,30.938063,43.257397,41.78325,42.66415,48.83785,44.921803
107,2.75,811.8805,0,,31.029043,43.353397,41.85629,42.747906,48.927216,45.013443
108,3.0,484.0799,0,,29.874222,42.405518,40.72589,41.36639,47.674313,44.072174
109,3.25,484.383,0,,29.85559,42.419476,40.720036,41.357456,47.672966,44.083775
110,3.5,484.67847,0,,29.837523,42.432632,40.7142,41.34862,47.67142,44.09477
111,3.75,484.96646,0,,29.819998,42.44495,40.708355,41.339878,47.66964,44.105125
112,4.0,483.45114,0,,30.460545,42.83076,42.286156,42.469303,48.4808,44.70154
113,4.25,483.2198,0,,30.476088,42.873737,42.30577,42.49099,48.50924,44.749043
114,4.5,482.9769,0,,30.49232,42.916275,42.325623,42.513004,48.537796,44.796043
115,4.75,482.72342,0,,30.50918,42.95836,42.345673,42.53529,48.56643,44.842525
116,5.0,486.6574,0,,36.21328,42.8314,41.9019,42.178852,48.308983,44.64828
117,5.25,486.86908,0,,36.20092,42.850815,41.90066,42.176067,48.31243,44.671345
118,5.5,487.07294,0,,36.18911,42.869354,41.899426,42.173363,48.315674,44.693527
119,5.75,487.26917,0,,36.17785,42.88697,41.898193,42.170727,48.318695,44.71481
120,6.0,483.14545,0,,36.307575,43.014774,42.1535,42.397762,48.50587,44.867554
121,6.25,482.81363,0,,36.32961,43.051495,42.17457,42.42152,48.534237,44.907726
122,6.5,482.47903,0,,36.351803,43.08768,42.19557,42.445225,48.562412,44.947304
123,6.75,482.14197,0,,36.37414,43.12333,42.21649,42.46887,48.590397,44.986282
124,7.0,482.26575,0,,39.83657,43.03873,41.726875,42.121914,48.365463,44.826073
125,7.25,481.99484,0,,39.854645,43.059093,41.741497,42.13863,48.383904,44.848286
126,7.5,481.7245,0,,39.87261,43.07936,41.75607,42.155293,48.402264,44.87031
127,7.75,481.45493,0,,39.890503,43.099506,41.770573,42.171886,48.420536,44.892155
128,8.0,480.6418,0,,39.966583,43.171936,42.050034,42.386093,48.573505,44.974552
129,8.25,480.29507,0,,39.989758,43.200603,42.069324,42.408085,48.598297,45.00532
130,8.5,479.94888,0,,40.012863,43.228947,42.088505,42.429943,48.6229,45.03571
131,8.75,479.60327,0,,40.035904,43.25698,42.107567,42.45169,48.647327,45.065727
132,9.0,486.15756,0,,39.832016,43.18926,41.6814,42.08931,48.393375,44.959694
133,9.25,486.5017,0,,39.81045,43.180576,41.667747,42.072926,48.378815,44.95421
134,9.5,486.8432,0,,39.78896,43.170742,41.65386,42.056343,48.36375,44.947613
135,9.75,487.1817,0,,39.767582,43.159966,41.63979,42.03961,48.34829,44.940075
136,10.0,487.3046,0,,39.760815,43.15615,41.675697,42.06118,48.359,44.97678
137,10.25,487.61072,0,,39.741627,43.147682,41.66336,42.046444,48.345665,44.971455
138,10.5,487.91357,0,,39.722576,43.138355,41.65089,42.031605,48.33199,44.965267
139,10.75,488.21295,0,,39.703674,43.128315,41.63832,42.0167,48.31805,44.958332
140,11.0,489.66006,0,,35.971306,43.064186,41.331196,41.766766,48.140877,44.860184
141,11.25,490.1138,0,,35.94107,43.03869,41.309013,41.741028,48.114403,44.836967
142,11.5,490.56372,0,,35.911076,43.013103,41.286915,41.715405,48.087986,44.813526
143,11.75,491.00992,0,,35.881313,42.987457,41.264915,41.689907,48.061638,44.789894
144,12.0,491.24274,0,,35.882244,42.989212,41.32019,41.723602,48.08081,44.84688
145,12.25,491.64798,0,,35.85529,42.96862,41.301025,41.701267,48.05828,44.82868
146,12.5,492.0496,0,,35.828564,42.94779,41.28191,41.67901,48.035725,44.810104
147,12.75,492.44754,0,,35.802067,42.92675,41.26284,41.656822,48.013157,44.791214
148,13.0,492.4739,0,,35.84466,42.950573,41.43593,41.77812,48.088917,44.835484
149,13.25,492.78665,0,,35.824226,42.94398,41.42389,41.76368,48.076233,44.830353
150,13.5,493.09735,0,,35.803886,42.935818,41.411465,41.748875,48.062817,44.823845
151,13.75,493.4054,0,,35.78369,42.926426,41.398766,41.733814,48.04886,44.81623
152,14.0,493.3095,0,,35.855915,42.95882,41.66956,41.930252,48.169975,44.92076
153,14.25,493.51837,0,,35.84312,42.966892,41.66515,41.924442,48.167675,44.93014
154,14.5,493.72104,0,,35.830723,42.973934,41.66064,41.91858,48.165043,44.938572
155,14.75,493.9177,0,,35.818707,42.97994,41.656036,41.91265,48.162086,44.946056
156,15.0,502.03812,0,,35.3253,42.245144,33.17292,37.385918,45.510956,44.332825
157,15.25,502.90735,0,,35.26548,42.181698,33.11073,37.324062,45.448223,44.278084
158,15.5,503.7743,0,,35.205738,42.118168,33.048485,37.262173,45.385433,44.22239
159,15.75,504.63904,0,,35.146072,42.05453,32.986176,37.20022,45.32256,44.16574
160,16.0,503.7324,0,,38.63377,42.107418,33.090313,37.303932,45.400394,44.206936
161,16.25,504.47345,0,,38.582985,42.052948,33.037033,37.250954,45.34668,44.160084
162,16.5,505.2113,0,,38.53214,41.99859,32.98388,37.198105,45.29309,44.112617
163,16.75,505.94675,0,,38.481403,41.94427,32.93077,37.1453,45.23954,44.06444
164,17.0,506.27393,0,,38.468437,41.930996,32.96881,37.18026,45.25242,44.054134
165,17.25,506.9687,0,,38.420483,41.88081,32.919548,37.131233,45.202877,44.01055
166,17.5,507.66046,0,,38.37267,41.83072,32.87039,37.082314,45.153435,43.966385
167,17.75,508.34955,0,,38.324993,41.7807,32.82131,37.033466,45.104073,43.921608
168,18.0,508.36618,0,,38.350624,41.82284,32.96139,37.167206,45.20581,43.981567
169,18.25,508.97504,0,,38.308605,41.78228,32.921047,37.126873,45.16546,43.949062
170,18.5,509.58044,0,,38.266773,41.741783,32.88076,37.086605,45.125153,43.9158
171,18.75,510.1823,0,,38.225143,41.70137,32.840557,37.046432,45.08493,43.88189
172,19.0,510.71924,0,,38.18496,41.656033,32.79814,37.004356,45.042194,43.854218
173,19.25,511.31302,0,,38.14382,41.615723,32.758106,36.96437,45.00212,43.819305
174,19.5,511.90347,0,,38.102867,41.57552,32.718174,36.924488,44.962147,43.783916
175,19.75,512.4907,0,,38.062088,41.535362,32.678307,36.88468,44.92223,43.747974
176,20.0,514.5234,0,,37.87542,41.33735,32.26734,36.4876,44.60796,43.556175
177,20.25,515.245,0,,37.82476,41.28103,32.212563,36.43324,44.55254,43.497982
178,20.5,830.9877,0,,38.75049,41.686665,32.79117,37.05056,45.081467,43.852894
179,20.75,830.6494,0,,38.798664,41.71653,32.82513,37.08549,45.114483,43.87384
180,21.0,830.6431,0,,38.78041,41.683315,32.662838,36.93221,45.010525,43.798424
181,21.25,830.36096,0,,38.819942,41.69695,32.682243,36.952995,45.028088,43.803936
182,21.5,830.0762,0,,38.859962,41.71273,32.703407,36.975437,45.04755,43.81212
183,21.75,829.7894,0,,38.900387,41.730446,32.726147,36.999382,45.068726,43.822742
184,22.0,831.11566,0,,35.053753,41.532665,32.14826,36.447315,44.688423,43.52702
185,22.25,830.9777,0,,35.075146,41.51238,32.13646,36.437458,44.673336,43.498703
186,22.5,830.8407,0,,35.096184,41.493233,32.125504,36.4284,44.65922,43.472107
187,22.75,830.70465,0,,35.116875,41.475212,32.11537,36.42011,44.646057,43.447178
188,23.0,831.96875,0,,34.690598,41.038685,31.006498,35.390327,43.910416,42.91279
189,23.25,831.9336,0,,34.694035,40.998245,30.977268,35.36311,43.877144,42.860973
190,23.5,831.9012,0,,34.696957,40.95878,30.948603,35.33641,43.844547,42.810753
191,23.75,831.87146,0,,34.699364,40.92025,30.920473,35.310204,43.81259,42.76208
192,0.0,824.9708,0,,29.376535,41.2961,31.928465,36.27728,44.489437,43.22187
193,0.25,824.6862,0,,29.42048,41.315857,31.95226,36.30212,44.511654,43.232548
194,0.5,824.4015,0,,29.464298,41.336586,31.976841,36.327698,44.534744,43.24486
195,0.75,824.1168,0,,29.507984,41.35825,32.002174,36.35398,44.558666,43.258694
196,1.0,819.9003,0,,29.553019,42.0761,39.988735,41.106567,47.364277,43.72237
197,1.25,819.43506,0,,29.623161,42.140594,40.04141,41.167267,47.426453,43.77018
198,1.5,818.971,0,,29.69305,42.20496,40.093967,41.227806,47.4885,43.81864
199,1.75,818.50775,0,,29.762764,42.269447,40.146534,41.288338,47.550613,43.86823
200,2.0,814.6343,0,,30.61965,42.94039,41.53441,42.37775,48.535805,44.616524
201,2.25,814.01215,0,,30.71158,43.037304,41.608315,42.462406,48.626495,44.708466
202,2.5,813.39136,0,,30.80328,43.133842,41.681793,42.54668,48.716404,44.800297
203,2.75,812.77203,0,,30.894745,43.229992,41.75506,42.630714,48.80602,44.891983
204,3.0,812.16113,0,,31.000662,43.303574,41.858044,42.729954,48.89718,44.92081
205,3.25,484.74442,0,,29.831123,42.382416,40.697235,41.332104,47.642994,44.04555
206,3.5,485.04077,0,,29.812979,42.395943,40.69147,41.32333,47.64161,44.056942
207,3.75,485.3295,0,,29.795387,42.40865,40.68571,41.314648,47.64001,44.06771
208,4.0,483.80878,0,,30.436722,42.798824,42.26574,42.446022,48.454155,44.66856
209,4.25,483.5786,0,,30.452213,42.842033,42.28539,42.46773,48.482674,44.71629
210,4.5,483.33664,0,,30.4684,42.88481,42.30528,42.48978,48.511333,44.76353
211,4.75,483.08392,0,,30.48523,42.927135,42.325382,42.512115,48.540066,44.810265
212,5.0,487.01865,0,,36.18904,42.799267,41.881138,42.15525,48.28202,44.615143
213,5.25,487.23032,0,,36.17667,42.81895,41.87997,42.152527,48.285595,44.63847
214,5.5,487.4343,0,,36.164864,42.837776,41.87881,42.149895,48.28897,44.660942
215,5.75,487.63055,0,,36.15359,42.855686,41.87765,42.14734,48.29213,44.68251
216,6.0,483.50824,0,,36.283432,42.98465,42.13335,42.374752,48.47992,44.836372
217,6.25,483.1761,0,,36.305508,43.021675,42.154526,42.398613,48.50846,44.876846
218,6.5,482.84094,0,,36.32775,43.058155,42.175636,42.422432,48.536808,44.91673
219,6.75,482.50333,0,,36.350143,43.094097,42.19666,42.44619,48.564953,44.95601
220,7.0,482.62973,0,,39.81217,43.00859,41.706482,42.098724,48.33936,44.794884
221,7.25,482.35794,0,,39.830334,43.029415,41.721268,42.115604,48.358055,44.817543
222,7.5,482.08664,0,,39.8484,43.0501,41.735992,42.132427,48.376663,44.84
223,7.75,481.816,0,,39.866398,43.070652,41.75065,42.149174,48.395172,44.86224
224,8.0,481.00018,0,,39.942734,43.143986,42.030582,42.363865,48.54876,44.945545
225,8.25,480.65234,0,,39.96601,43.172943,42.05,42.385983,48.57374,44.976627
226,8.5,480.30502,0,,39.989216,43.201565,42.069298,42.407978,48.598522,45.00731
227,8.75,479.95822,0,,40.01236,43.229874,42.08848,42.42985,48.623123,45.03762
228,9.0,486.51395,0,,39.808224,43.161278,41.66181,42.06697,48.36855,44.930756
229,9.25,486.85605,0,,39.786808,43.153107,41.648365,42.050808,48.3543,44.925747
230,9.5,487.19574,0,,39.76545,43.143715,41.634647,42.03441,48.339497,44.91957
231,9.75,487.5324,0,,39.744205,43.133316,41.620747,42.017853,48.324284,44.912415
232,10.0,487.6545,0,,39.737495,43.129654,41.65674,42.03951,48.33511,44.94936
233,10.25,487.9589,0,,39.71843,43.12155,41.644558,42.024944,48.322002,44.944386
234,10.5,488.26004,0,,39.699493,43.11254,41.632225,42.010254,48.308533,44.93852
235,10.75,488.5578,0,,39.68071,43.10279,41.619793,41.99549,48.29479,44.93187
236,11.0,489.9987,0,,35.948673,43.03936,41.31292,41.74586,48.118057,44.834255
237,11.25,490.4507,0,,35.91854,43.01405,41.290836,41.72024,48.091724,44.81128
238,11.5,490.89886,0,,35.888653,42.98865,41.26885,41.694736,48.065453,44.788074
239,11.75,491.34332,0,,35.858997,42.96319,41.246952,41.669357,48.039234,44.764668
240,12.0,491.5755,0,,35.859974,42.96499,41.30229,41.703114,48.058475,44.8218
241,12.25,491.979,0,,35.833122,42.94459,41.283237,41.6809,48.03609,44.803818
242,12.5,492.37888,0,,35.806507,42.923946,41.264225,41.658752,48.01367,44.785473
243,12.75,492.77505,0,,35.780117,42.903088,41.24526,41.636684,47.991245,44.766785
244,13.0,492.80237,0,,35.82267,42.92663,41.418316,41.75794,48.066875,44.810936
245,13.25,493.11334,0,,35.802345,42.92032,41.40641,41.74365,48.054382,44.806076
246,13.5,493.42233,0,,35.782124,42.9124,41.394104,41.72897,48.041134,44.79981
247,13.75,493.7288,0,,35.762035,42.903217,41.38152,41.71403,48.027325,44.792416
248,14.0,493.63306,0,,35.834305,42.93592,41.652508,41.910667,48.148647,44.897343
249,14.25,493.8407,0,,35.821598,42.94409,41.64816,41.90493,48.14643,44.906837
250,14.5,494.04208,0,,35.809288,42.95123,41.643723,41.899143,48.143887,44.915382
251,14.75,494.23746,0,,35.797363,42.95733,41.639187,41.8933,48.14101,44.922977
252,15.0,502.33798,0,,35.30467,42.223392,33.151546,37.36466,45.48941,44.310143
253,15.25,503.2056,0,,35.244938,42.16007,33.089466,37.302914,45.426796,44.25558
254,15.5,504.0707,0,,35.185287,42.096676,33.027355,37.24115,45.364143,44.20011
255,15.75,504.93365,0,,35.125717,42.03317,32.965168,37.17931,45.301395,44.14366
256,16.0,504.02814,0,,38.613426,42.086052,33.0693,37.28302,45.379234,44.184906
257,16.25,504.7676,0,,38.56273,42.031693,33.01613,37.23015,45.325626,44.138218
258,16.5,505.50385,0,,38.511974,41.977448,32.963078,37.1774,45.27214,44.0909
259,16.75,506.23767,0,,38.461327,41.92324,32.910072,37.12471,45.218704,44.042885
260,17.0,506.56403,0,,38.44841,41.910027,32.94817,37.159725,45.231663,44.032673
261,17.25,507.25723,0,,38.40054,41.859936,32.899006,37.11079,45.18222,43.989223
262,17.5,507.9475,0,,38.352814,41.80996,32.849953,37.061966,45.13289,43.9452
263,17.75,508.63504,0,,38.305225,41.760044,32.800976,37.01323,45.083626,43.90056
264,18.0,508.65167,0,,38.330868,41.80218,32.941093,37.147003,45.18543,43.960552
265,18.25,509.25903,0,,38.288925,41.76172,32.900845,37.106766,45.145172,43.92817
266,18.5,509.86295,0,,38.247177,41.721317,32.86065,37.06659,45.104958,43.895023
267,18.75,510.46353,0,,38.20563,41.681004,32.820538,37.0265,45.06483,43.861225
268,19.0,510.99902,0,,38.165527,41.63576,32.778217,36.984528,45.02219,43.833668
269,19.25,511.59143,0,,38.124466,41.59555,32.738274,36.944633,44.982204,43.798866
270,19.5,512.18036,0,,38.0836,41.55544,32.69844,36.904842,44.94233,43.763584
271,19.75,512.7663,0,,38.042904,41.515385,32.658665,36.865128,44.902508,43.727764
272,20.0,514.7944,0,,37.856472,41.31769,32.247963,36.468307,44.58846,43.536293
273,20.25,831.22485,0,,38.716785,41.666862,32.768257,37.026905,45.059288,43.83991
274,20.5,830.887,0,,38.764847,41.69588,32.80151,37.061172,45.09154,43.85921
275,20.75,830.54865,0,,38.81306,41.726032,32.835705,37.096325,45.124817,43.880764
276,21.0,830.54315,0,,38.794735,41.692593,32.67317,36.942795,45.02051,43.805496
277,21.25,830.2607,0,,38.834316,41.706554,32.692837,36.96383,45.03836,43.811485
278,21.5,829.9757,0,,38.87439,41.722656,32.714264,36.986523,45.058113,43.820175
279,21.75,829.6888,0,,38.914845,41.74066,32.737244,37.01069,45.079548,43.831257
280,22.0,831.01056,0,,35.06941,41.54403,32.160366,36.459587,44.70025,43.536823
281,22.25,830.87286,0,,35.09074,41.523853,32.14864,36.449806,44.685253,43.508736
282,22.5,830.7359,0,,35.11172,41.50481,32.137756,36.44081,44.67122,43.48235
283,22.75,830.60016,0,,35.132347,41.48689,32.127697,36.432583,44.658134,43.45762
284,23.0,831.85876,0,,34.70667,41.051533,31.020018,35.403957,43.923714,42.92458
285,23.25,831.824,0,,34.71005,41.01115,30.990812,35.37676,43.890472,42.872887
286,23.5,831.7919,0,,34.712902,40.971737,30.962173,35.350082,43.857906,42.822777
287,23.75,831.76263,0,,34.715244,40.933258,30.934065,35.323887,43.82598,42.774208
288,0.0,824.8724,0,,29.39136,41.307884,31.940685,36.289604,44.501507,43.23287
289,0.25,824.5878,0,,29.435278,41.32777,31.964586,36.31454,44.523838,43.243717
290,0.5,824.30316,0,,29.479065,41.34862,31.989267,36.340214,44.54704,43.25621
291,0.75,824.01843,0,,29.522717,41.370403,32.01469,36.366573,44.571053,43.27019
292,1.0,819.805,0,,29.567472,42.088505,39.999348,41.118847,47.37671,43.73424
293,1.25,819.33997,0,,29.637562,42.153004,40.052006,41.179516,47.43886,43.78208
294,1.5,818.8762,0,,29.707394,42.21738,40.10454,41.240036,47.5009,43.830578
295,1.75,818.4131,0,,29.777056,42.281883,40.157097,41.300545,47.563007,43.880215
296,2.0,814.5412,0,,30.63379,42.95285,41.54485,42.389874,48.548225,44.62864
297,2.25,813.9193,0,,30.725664,43.049755,41.618736,42.474506,48.63891,44.720596
298,2.5,813.2988,0,,30.817312,43.14629,41.692196,42.558754,48.728794,44.812443
299,2.75,812.67975,0,,30.908726,43.24244,41.76544,42.64276,48.818382,44.904137
300,3.0,812.0691,0,,31.014585,43.31601,41.868393,42.741955,48.90952,44.93296
301,3.25,484.69843,0,,29.834202,42.386303,40.69989,41.3351,47.646362,44.04943
302,3.5,484.99478,0,,29.81606,42.3998,40.69412,41.326317,47.644962,44.060806
303,3.75,485.28357,0,,29.79847,42.41248,40.688347,41.31763,47.643353,44.071545
304,4.0,483.7635,0,,30.439741,42.802338,42.268177,42.448814,48.457256,44.672092
305,4.25,483.53336,0,,30.45522,42.845528,42.28781,42.470512,48.48577,44.719807
306,4.5,483.29153,0,,30.4714,42.888283,42.307697,42.49255,48.51441,44.767025
307,4.75,483.03894,0,,30.488216,42.93058,42.32778,42.514874,48.54313,44.813732
308,5.0,486.97354,0,,36.19204,42.802776,41.883587,42.158047,48.285133,44.618675
309,5.25,487.18542,0,,36.179665,42.82244,41.882404,42.15532,48.28869,44.641987
310,5.5,487.38943,0,,36.167847,42.84124,41.881237,42.152676,48.292057,44.664433
311,5.75,487.5858,0,,36.156574,42.859127,41.88007,42.150105,48.2952,44.685978
312,6.0,483.46405,0,,36.286373,42.987984,42.13571,42.377453,48.482914,44.839737
313,6.25,483.13205,0,,36.308437,43.02498,42.156868,42.401302,48.511433,44.88019
314,6.5,482.79715,0,,36.33067,43.061436,42.17796,42.425106,48.539757,44.920044
315,6.75,482.4597,0,,36.353043,43.09735,42.198975,42.44885,48.567883,44.959305
316,7.0,482.58582,0,,39.815086,43.011917,41.708855,42.101433,48.342346,44.79825
317,7.25,482.3142,0,,39.83324,43.0327,41.72362,42.118298,48.36102,44.82087
318,7.5,482.04312,0,,39.851288,43.053352,41.738327,42.1351,48.379604,44.843285
319,7.75,481.77274,0,,39.86927,43.073868,41.752968,42.15183,48.398087,44.865498
320,8.0,480.9573,0,,39.945576,43.147118,42.03285,42.366463,48.55161,44.948727
321,8.25,480.60962,0,,39.968834,43.176052,42.05225,42.388565,48.576565,44.97978
322,8.5,480.26248,0,,39.992027,43.204647,42.071533,42.410545,48.601334,45.010437
323,8.75,479.91592,0,,40.015156,43.232933,42.090706,42.432404,48.62592,45.04072
324,9.0,486.47156,0,,39.81104,43.164417,41.664085,42.06957,48.3714,44.933933
325,9.25,486.814,0,,39.7896,43.156197,41.650616,42.053383,48.357117,44.928883
326,9.5,487.15387,0,,39.76823,43.14676,41.63688,42.03697,48.342293,44.922665
327,9.75,487.49078,0,,39.746967,43.13633,41.622967,42.02039,48.327053,44.915474
328,10.0,487.613,0,,39.74025,43.132656,41.658943,42.04204,48.337868,44.9524
329,10.25,487.9176,0,,39.72117,43.12451,41.646748,42.02746,48.324738,44.947403
330,10.5,488.21902,0,,39.70222,43.115475,41.634403,42.012745,48.31125,44.941505
331,10.75,488.51697,0,,39.68342,43.105694,41.621952,41.997967,48.297474,44.93483
332,11.0,489.9587,0,,35.951344,43.04219,41.315044,41.748302,48.120697,44.83716
333,11.25,490.41092,0,,35.921196,43.01686,41.292953,41.722664,48.094353,44.81416
334,11.5,490.85934,0,,35.891296,42.991447,41.270954,41.69715,48.06806,44.790936
335,11.75,491.30405,0,,35.861626,42.96597,41.249043,41.671753,48.041832,44.76751
336,12.0,491.5363,0,,35.862595,42.967762,41.304375,41.705505,48.06106,44.824627
337,12.25,491.94003,0,,35.83573,42.947346,41.28531,41.683277,48.038662,44.80663
338,12.5,492.34012,0,,35.8091,42.926678,41.266285,41.661114,48.016228,44.788258
339,12.75,492.73654,0,,35.7827,42.905804,41.247307,41.639034,47.993786,44.769558
340,13.0,492.7638,0,,35.82525,42.929375,41.420364,41.760292,48.069427,44.813713
341,13.25,493.07492,0,,35.804916,42.923035,41.408443,41.745987,48.056915,44.808834
342,13.5,493.38416,0,,35.784676,42.91509,41.396126,41.731293,48.04365,44.802544
343,13.75,493.69077,0,,35.76458,42.905888,41.38353,41.71634,48.029823,44.795128
344,14.0,493.59503,0,,35.83684,42.938564,41.6545,41.912956,48.151134,44.90002
345,14.25,493.8028,0,,35.824123,42.94672,41.650143,41.907207,48.148907,44.909504
346,14.5,494.00433,0,,35.811802,42.95385,41.6457,41.901413,48.14635,44.91804
347,14.75,494.19992,0,,35.799866,42.959938,41.641155,41.895557,48.143463,44.925625
348,15.0,502.30307,0,,35.307076,42.2259,33.15401,37.367115,45.491894,44.31273
349,15.25,503.17084,0,,35.24733,42.16256,33.091923,37.30536,45.429268,44.258152
350,15.5,504.03613,0,,35.18768,42.099155,33.029797,37.243576,45.366596,44.202656
351,15.75,504.89932,0,,35.12809,42.035633,32.967594,37.18173,45.303837,44.146187
352,16.0,503.99356,0,,38.615803,42.088524,33.07173,37.285446,45.381683,44.187428
353,16.25,504.73328,0,,38.565098,42.03415,33.018543,37.23256,45.32806,44.14073
354,16.5,505.46973,0,,38.514324,41.97989,32.965485,37.1798,45.274567,44.0934
355,16.75,506.20377,0,,38.46367,41.925674,32.91247,37.127094,45.22112,44.04536
356,17.0,506.53015,0,,38.45075,41.912453,32.950565,37.1621,45.234066,44.03514
357,17.25,507.2236,0,,38.402863,41.862354,32.901386,37.113163,45.184612,43.991676
358,17.5,507.914,0,,38.355133,41.812363,32.852318,37.06433,45.135265,43.947643
359,17.75,508.6017,0,,38.30753,41.762436,32.80333,37.015575,45.086,43.902985
360,18.0,508.61835,0,,38.333176,41.804577,32.943447,37.14935,45.18779,43.962975
361,18.25,509.2259,0,,38.291225,41.7641,32.90319,37.1091,45.14753,43.93058
362,18.5,509.83005,0,,38.249462,41.72369,32.862984,37.068913,45.1073,43.897423
363,18.75,510.43076,0,,38.2079,41.683365,32.822865,37.028816,45.067165,43.863613
364,19.0,510.96643,0,,38.167793,41.638115,32.780533,36.986835,45.02451,43.836044
365,19.25,511.5589,0,,38.12672,41.597893,32.740578,36.946926,44.98452,43.801235
366,19.5,512.1481,0,,38.085846,41.55777,32.700733,36.907127,44.944633,43.765938
367,19.75,512.7342,0,,38.04514,41.5177,32.66095,36.867405,44.904797,43.730103
368,20.0,514.76276,0,,37.858685,41.319973,32.250217,36.47055,44.590725,43.538593
369,20.25,515.4831,0,,37.808098,41.263737,32.19552,36.41627,44.535385,43.48049
370,20.5,830.8987,0,,38.763176,41.694786,32.80029,37.05992,45.090355,43.858425
371,20.75,830.56036,0,,38.811394,41.724907,32.834454,37.095047,45.123596,43.879913
372,21.0,830.5547,0,,38.79307,41.69149,32.671944,36.941547,45.019325,43.804626
373,21.25,830.27234,0,,38.83265,41.705418,32.69159,36.96255,45.037148,43.81057
374,21.5,829.98737,0,,38.872715,41.721478,32.712982,36.985218,45.056866,43.819206
375,21.75,829.7005,0,,38.91317,41.73945,32.73594,37.00936,45.078274,43.830235
376,22.0,831.0227,0,,35.067593,41.542694,32.158955,36.45815,44.69886,43.53566
377,22.25,830.88495,0,,35.08894,41.522507,32.14722,36.448364,44.683857,43.50755
378,22.5,830.7481,0,,35.109924,41.503452,32.136326,36.43936,44.66982,43.48114
379,22.75,830.6123,0,,35.13056,41.485516,32.126255,36.43113,44.65672,43.456383
380,23.0,831.87146,0,,34.704815,41.050034,31.018444,35.402374,43.922165,42.9232
381,23.25,831.8367,0,,34.7082,41.009644,30.989239,35.37517,43.888924,42.87149
382,23.5,831.80444,0,,34.71106,40.970226,30.960592,35.34849,43.85635,42.821365
383,23.75,831.77515,0,,34.71341,40.931744,30.932484,35.3223,43.82442,42.77279
384,0.0,824.8838,0,,29.38964,41.3065,31.939257,36.288166,44.50009,43.23157
385,0.25,824.5992,0,,29.433565,41.326374,31.963146,36.313087,44.52241,43.242405
386,0.5,824.31445,0,,29.47736,41.347214,31.98782,36.338753,44.5456,43.254875
387,0.75,824.02985,0,,29.521015,41.36898,32.01323,36.365105,44.569607,43.268837
388,1.0,819.81604,0,,29.565804,42.08706,39.998116,41.117424,47.37526,43.732853
389,1.25,819.35095,0,,29.635897,42.151558,40.050777,41.178093,47.437416,43.78069
390,1.5,818.8872,0,,29.705736,42.215935,40.103313,41.238617,47.49946,43.829185
391,1.75,818.4241,0,,29.775404,42.280434,40.15587,41.29913,47.56157,43.878815
392,2.0,814.552,0,,30.632153,42.951405,41.54364,42.388466,48.546787,44.627228
393,2.25,813.9301,0,,30.724035,43.04831,41.61753,42.473103,48.63747,44.71918
394,2.5,813.3096,0,,30.81569,43.14484,41.690994,42.557354,48.727352,44.811024
395,2.75,812.6904,0,,30.907106,43.240986,41.76424,42.641365,48.81695,44.902725
396,3.0,812.0797,0,,31.012976,43.314564,41.86719,42.740566,48.908085,44.931545
397,3.25,484.70306,0,,29.833889,42.385876,40.69961,41.334793,47.646004,44.049004
398,3.5,484.99942,0,,29.815746,42.399376,40.69384,41.326008,47.644608,44.06038
399,3.75,485.28824,0,,29.798157,42.41206,40.688072,41.317318,47.642998,44.071125
400,4.0,483.768,0,,30.439436,42.801964,42.267925,42.448524,48.45694,44.67171
401,4.25,483.53793,0,,30.454916,42.84515,42.287563,42.47023,48.485447,44.719425
402,4.5,483.29608,0,,30.471096,42.88791,42.30744,42.492264,48.514084,44.766647
403,4.75,483.04352,0,,30.487913,42.93021,42.327538,42.514587,48.54281,44.813362
404,5.0,486.97812,0,,36.19174,42.8024,41.883335,42.157757,48.284805,44.618298
405,5.25,487.18994,0,,36.17936,42.822067,41.882153,42.15503,48.28837,44.641605
406,5.5,487.394,0,,36.167545,42.840874,41.880985,42.15239,48.291733,44.664055
407,5.75,487.5903,0,,36.15627,42.85876,41.879818,42.14982,48.29488,44.685608
408,6.0,483.4686,0,,36.28607,42.98763,42.135464,42.377174,48.482605,44.83938
409,6.25,483.13657,0,,36.308136,43.024628,42.156624,42.401024,48.511124,44.879833
410,6.5,482.80164,0,,36.330368,43.061085,42.177715,42.42483,48.539448,44.91969
411,6.75,482.46417,0,,36.352745,43.097008,42.198734,42.44857,48.567577,44.95895
412,7.0,482.59036,0,,39.81479,43.011562,41.708607,42.101147,48.342037,44.797886
413,7.25,482.31873,0,,39.83294,43.03235,41.723373,42.11802,48.360706,44.82051
414,7.5,482.04758,0,,39.85099,43.053005,41.738083,42.134823,48.37929,44.842937
415,7.75,481.77716,0,,39.868973,43.073524,41.75273,42.151558,48.39778,44.86515
416,8.0,480.96173,0,,39.945282,43.14679,42.032608,42.366196,48.551315,44.948387
417,8.25,480.61407,0,,39.968544,43.17572,42.052017,42.388298,48.57627,44.979446
418,8.5,480.26688,0,,39.99174,43.204323,42.0713,42.41028,48.60104,45.010105
419,8.75,479.92026,0,,40.014866,43.232605,42.090477,42.43214,48.625626,45.04039
420,9.0,486.47592,0,,39.81075,43.16408,41.663845,42.069298,48.3711,44.933594
421,9.25,486.81836,0,,39.789314,43.155872,41.650383,42.05312,48.356823,44.928547
422,9.5,487.15817,0,,39.767944,43.14644,41.63665,42.0367,48.342,44.922337
423,9.75,487.4951,0,,39.74668,43.136013,41.622734,42.020126,48.326763,44.915154
424,10.0,487.61728,0,,39.739964,43.13234,41.65872,42.041775,48.337578,44.95208
425,10.25,487.9219,0,,39.720886,43.124203,41.64652,42.027195,48.324455,44.94708
426,10.5,488.22327,0,,39.70194,43.115166,41.634174,42.01249,48.310966,44.94119
427,10.75,488.52118,0,,39.68314,43.105392,41.621727,41.997707,48.297195,44.93452
428,11.0,489.9629,0,,35.951065,43.041897,41.314823,41.74805,48.12042,44.836853
429,11.25,490.4151,0,,35.92092,43.016567,41.292736,41.722416,48.094078,44.813854
430,11.5,490.8635,0,,35.89102,42.991158,41.270737,41.6969,48.067787,44.790634
431,11.75,491.3081,0,,35.86135,42.965675,41.248825,41.671505,48.041565,44.767212
432,12.0,491.54034,0,,35.862328,42.96747,41.304157,41.705257,48.060787,44.82433
433,12.25,491.94406,0,,35.835464,42.947056,41.28509,41.683025,48.03839,44.80633
434,12.5,492.34412,0,,35.80883,42.9264,41.26607,41.66087,48.015965,44.787964
435,12.75,492.74057,0,,35.78243,42.905518,41.24709,41.638786,47.993523,44.76926
436,13.0,492.7678,0,,35.824986,42.929085,41.420155,41.760044,48.06916,44.813423
437,13.25,493.07892,0,,35.80465,42.922752,41.408234,41.745743,48.056656,44.808544
438,13.5,493.3881,0,,35.78441,42.914806,41.395916,41.731052,48.04339,44.80226
439,13.75,493.6947,0,,35.764313,42.905605,41.38332,41.716103,48.029564,44.79484
440,14.0,493.599,0,,35.836582,42.938286,41.65429,41.91272,48.15087,44.899742
441,14.25,493.80673,0,,35.823864,42.946445,41.649933,41.90697,48.148643,44.90922
442,14.5,494.00827,0,,35.811543,42.953575,41.645493,41.901176,48.146095,44.917763
443,14.75,494.2038,0,,35.799606,42.95967,41.64095,41.89532,48.143208,44.92535
444,15.0,502.3067,0,,35.306824,42.22564,33.153755,37.366856,45.491642,44.312458
445,15.25,503.17444,0,,35.247086,42.162296,33.091667,37.305103,45.429012,44.25788
446,15.5,504.03976,0,,35.187428,42.098896,33.02954,37.243324,45.366344,44.20239
447,15.75,504.90283,0,,35.127846,42.035378,32.967346,37.181477,45.303585,44.145924
448,16.0,503.99716,0,,38.61556,42.088264,33.071476,37.285187,45.381424,44.18717
449,16.25,504.7368,0,,38.56485,42.033894,33.018295,37.232307,45.32781,44.140465
450,16.5,505.47333,0,,38.51408,41.979637,32.965233,37.17955,45.274315,44.093136
451,16.75,506.20728,0,,38.46342,41.925415,32.912224,37.12685,45.220867,44.04511
452,17.0,506.53375,0,,38.45051,41.9122,32.950314,37.161854,45.233814,44.03488
453,17.25,507.22705,0,,38.402622,41.862103,32.901142,37.112915,45.18436,43.991425
454,17.5,507.9175,0,,38.35489,41.81211,32.85207,37.064083,45.135017,43.947388
455,17.75,508.6052,0,,38.307293,41.762184,32.803085,37.015335,45.08575,43.90273
456,18.0,508.62183,0,,38.33293,41.804325,32.943203,37.1491,45.187542,43.962727
457,18.25,509.22937,0,,38.290985,41.76385,32.90295,37.10886,45.14728,43.93033
458,18.5,509.83347,0,,38.249226,41.723442,32.86274,37.068672,45.107056,43.89717
459,18.75,510.43414,0,,38.20767,41.68312,32.822624,37.028576,45.066925,43.863365
460,19.0,510.96982,0,,38.167564,41.63787,32.780293,36.986595,45.02427,43.8358
461,19.25,511.56235,0,,38.12649,41.59765,32.74034,36.94669,44.98428,43.800987
462,19.5,512.1515,0,,38.085613,41.55753,32.700493,36.90689,44.94439,43.765694
463,19.75,512.7374,0,,38.04491,41.517464,32.660713,36.867165,44.90456,43.729862
464,20.0,514.76605,0,,37.85845,41.319736,32.24998,36.470318,44.590485,43.538357
465,20.25,515.4863,0,,37.80787,41.2635,32.195286,36.41604,44.535152,43.48025
466,20.5,830.8973,0,,38.763393,41.694927,32.80045,37.060085,45.090504,43.858532
467,20.75,830.5589,0,,38.811607,41.725056,32.834618,37.09521,45.123756,43.880028
468,21.0,830.5533,0,,38.79329,41.691635,32.672108,36.94171,45.019485,43.804745
469,21.25,830.2708,0,,38.83286,41.705563,32.691753,36.96272,45.037304,43.81069
470,21.5,829.98596,0,,38.87293,41.721634,32.71315,36.98539,45.057026,43.819336
471,21.75,829.699,0,,38.913387,41.73961,32.736107,37.009533,45.078434,43.83037
472,22.0,831.0212,0,,35.067825,41.542866,32.159134,36.458336,44.699043,43.53581
473,22.25,830.88336,0,,35.08917,41.522682,32.147404,36.44855,44.684032,43.507706
474,22.5,830.7465,0,,35.110153,41.503628,32.136513,36.439545,44.67,43.4813
475,22.75,830.6107,0,,35.130783,41.485695,32.126442,36.431313,44.6569,43.456543
476,23.0,831.86975,0,,34.70505,41.05023,31.018646,35.402576,43.92236,42.923378
477,23.25,831.835,0,,34.70843,41.00984,30.989443,35.37538,43.889122,42.871666
478,23.5,831.8029,0,,34.711292,40.970417,30.960796,35.348698,43.85655,42.82155
479,23.75,831.77356,0,,34.713642,40.93194,30.932688,35.322502,43.824623,42.772972
480,0.0,824.8823,0,,29.389862,41.306683,31.939445,36.28835,44.50027,43.231743
481,0.25,824.5977,0,,29.433783,41.326553,31.963331,36.313274,44.5226,43.242577
482,0.5,824.31305,0,,29.477577,41.3474,31.988005,36.338936,44.545788,43.255054
483,0.75,824.02844,0,,29.52123,41.36916,32.01342,36.365295,44.569794,43.269016
484,1.0,819.8146,0,,29.566013,42.087242,39.998272,41.117607,47.375446,43.733032
485,1.25,819.3496,0,,29.636112,42.15174,40.050934,41.178276,47.437607,43.780872
486,1.5,818.88586,0,,29.705944,42.216118,40.10347,41.2388,47.49964,43.829365
487,1.75,818.4226,0,,29.775614,42.280617,40.156025,41.29931,47.56175,43.878998
488,2.0,814.5506,0,,30.63236,42.951588,41.543793,42.38865,48.546963,44.627407
489,2.25,813.9288,0,,30.724241,43.048492,41.617683,42.47328,48.637646,44.719364
490,2.5,813.3081,0,,30.815899,43.145027,41.691147,42.557537,48.72754,44.811203
491,2.75,812.689,0,,30.90731,43.241173,41.764393,42.641544,48.817135,44.902905
492,3.0,812.07837,0,,31.01318,43.31475,41.867348,42.740746,48.908268,44.93173
493,3.25,484.70358,0,,29.833857,42.385876,40.699593,41.334763,47.64599,44.049004
494,3.5,484.99994,0,,29.815716,42.399376,40.69382,41.32598,47.644592,44.06038
495,3.75,485.2888,0,,29.79812,42.412056,40.688053,41.317295,47.64298,44.071125
496,4.0,483.76855,0,,30.4394,42.80195,42.267902,42.448498,48.456913,44.6717
497,4.25,483.53842,0,,30.454882,42.845135,42.287544,42.470203,48.485428,44.719414
498,4.5,483.29657,0,,30.47106,42.887897,42.307426,42.49224,48.514065,44.76664
499,4.75,483.044,0,,30.48788,42.9302,42.32752,42.51457,48.54278,44.813347
500,5.0,486.97858,0,,36.191708,42.80239,41.883312,42.15773,48.284782,44.618286
501,5.25,487.19043,0,,36.179333,42.822052,41.882133,42.155006,48.288345,44.641594
502,5.5,487.39444,0,,36.16751,42.84086,41.880966,42.152363,48.29171,44.664043
503,5.75,487.59082,0,,36.15624,42.858746,41.8798,42.1498,48.29486,44.685596
504,6.0,483.46902,0,,36.286045,42.987617,42.135445,42.37715,48.482582,44.839367
505,6.25,483.137,0,,36.30811,43.024612,42.156605,42.401005,48.5111,44.879818
506,6.5,482.80206,0,,36.33034,43.061073,42.177704,42.42481,48.539433,44.919678
507,6.75,482.46454,0,,36.35272,43.09699,42.198715,42.44855,48.567562,44.958935
508,7.0,482.5907,0,,39.81476,43.01155,41.708588,42.10113,48.342022,44.797874
509,7.25,482.3191,0,,39.832916,43.032333,41.723354,42.117996,48.360687,44.820496
510,7.5,482.04797,0,,39.850964,43.05299,41.738064,42.134804,48.379272,44.842922
511,7.75,481.77753,0,,39.868954,43.07351,41.752712,42.15154,48.397766,44.865135
512,8.0,480.9621,0,,39.94526,43.14677,42.032597,42.36617,48.551292,44.94837
513,8.25,480.6144,0,,39.96852,43.1757,42.052,42.388275,48.57625,44.979427
514,8.5,480.26724,0,,39.991714,43.204304,42.071285,42.410255,48.60102,45.01009
515,8.75,479.92062,0,,40.014843,43.232594,42.090458,42.43212,48.625607,45.040375
516,9.0,486.4763,0,,39.810726,43.164066,41.66383,42.06928,48.371082,44.93358
517,9.25,486.81866,0,,39.78929,43.155853,41.650364,42.053097,48.356808,44.92853
518,9.5,487.15857,0,,39.767918,43.14642,41.636635,42.036682,48.341984,44.92232
519,9.75,487.49542,0,,39.746655,43.135994,41.62272,42.020107,48.326748,44.915134
520,10.0,487.61765,0,,39.73994,43.13232,41.658703,42.041756,48.33756,44.952065
521,10.25,487.92218,0,,39.720867,43.124184,41.646503,42.027172,48.32443,44.947067
522,10.5,488.2236,0,,39.70192,43.115147,41.63416,42.01247,48.31094,44.94117
523,10.75,488.52155,0,,39.683117,43.105373,41.62171,41.99769,48.29718,44.9345
524,11.0,489.9632,0,,35.951046,43.041878,41.314808,41.74803,48.1204,44.836834
525,11.25,490.41544,0,,35.920902,43.01655,41.29272,41.722397,48.09406,44.813835
526,11.5,490.8638,0,,35.891,42.99114,41.270718,41.69688,48.067764,44.79062
527,11.75,491.3084,0,,35.861332,42.965656,41.24881,41.671486,48.041542,44.767193
528,12.0,491.54068,0,,35.862305,42.967453,41.304142,41.70524,48.060772,44.82431
529,12.25,491.94437,0,,35.835445,42.947037,41.28508,41.683014,48.038372,44.806316
530,12.5,492.34448,0,,35.80881,42.926373,41.266052,41.66085,48.01595,44.787945
531,12.75,492.74084,0,,35.78241,42.9055,41.247078,41.638767,47.9935,44.769245
532,13.0,492.7681,0,,35.82496,42.929066,41.420135,41.760025,48.069145,44.813408
533,13.25,493.07928,0,,35.804626,42.922733,41.408222,41.745724,48.056633,44.808525
534,13.5,493.38843,0,,35.78439,42.91479,41.395897,41.731037,48.043373,44.802242
535,13.75,493.695,0,,35.764294,42.905586,41.383305,41.716084,48.029545,44.794823
536,14.0,493.59927,0,,35.83656,42.938267,41.654274,41.9127,48.150856,44.899723
537,14.25,493.80704,0,,35.823837,42.94643,41.64992,41.906956,48.14863,44.909206
538,14.5,494.00854,0,,35.811523,42.95356,41.64548,41.901157,48.146076,44.917744
539,14.75,494.2041,0,,35.799587,42.959644,41.640938,41.8953,48.143192,44.92533
540,15.0,502.30695,0,,35.306805,42.22562,33.153736,37.366837,45.49162,44.31244
541,15.25,503.17465,0,,35.247066,42.16228,33.09165,37.305084,45.42899,44.257866
542,15.5,504.03995,0,,35.18741,42.098877,33.029522,37.243305,45.36632,44.20237
543,15.75,504.90314,0,,35.127827,42.03536,32.967327,37.18146,45.303566,44.145905
544,16.0,503.99744,0,,38.61554,42.088245,33.07146,37.28517,45.38141,44.18715
545,16.25,504.7371,0,,38.56483,42.03388,33.018276,37.23229,45.32779,44.14045
546,16.5,505.47354,0,,38.514065,41.979618,32.965214,37.17953,45.274296,44.093117
547,16.75,506.20752,0,,38.4634,41.925396,32.912205,37.12683,45.220848,44.04509
548,17.0,506.53394,0,,38.45049,41.91218,32.950294,37.161835,45.233795,44.034866
549,17.25,507.2273,0,,38.402603,41.862083,32.901123,37.112896,45.184345,43.991405
550,17.5,507.9177,0,,38.35487,41.81209,32.85206,37.064068,45.135002,43.94737
551,17.75,508.6054,0,,38.307274,41.76217,32.803066,37.015316,45.085728,43.902714
552,18.0,508.62204,0,,38.332916,41.804306,32.943184,37.149086,45.187527,43.962708
553,18.25,509.22955,0,,38.290966,41.763836,32.90293,37.10884,45.147266,43.93031
554,18.5,509.83368,0,,38.249207,41.72343,32.86272,37.068653,45.10704,43.897156
555,18.75,510.4344,0,,38.207653,41.6831,32.822605,37.028557,45.066902,43.863346
556,19.0,510.97006,0,,38.167545,41.63785,32.780273,36.986576,45.024254,43.83578
557,19.25,511.5626,0,,38.126472,41.597633,32.740322,36.94667,44.98426,43.80097
558,19.5,512.1517,0,,38.085594,41.55751,32.700478,36.90687,44.944374,43.76568
559,19.75,512.73773,0,,38.044895,41.517445,32.660694,36.867146,44.90454,43.729843
560,20.0,514.7663,0,,37.858437,41.31972,32.249966,36.4703,44.590473,43.538338
561,20.25,515.4866,0,,37.807854,41.26348,32.19527,36.416023,44.535137,43.480232
562,20.5,830.8974,0,,38.763374,41.694912,32.80043,37.060066,45.090496,43.85852
563,20.75,830.559,0,,38.81159,41.725037,32.834602,37.0952,45.12374,43.88001
564,21.0,830.55334,0,,38.79327,41.691616,32.67209,36.941692,45.019466,43.80473
565,21.25,830.27094,0,,38.83284,41.705544,32.691734,36.9627,45.037292,43.810673
566,21.5,829.986,0,,38.87291,41.721615,32.713135,36.98537,45.05702,43.819317
567,21.75,829.6991,0,,38.91337,41.739594,32.736095,37.009514,45.078426,43.830353
568,22.0,831.02124,0,,35.067806,41.54285,32.15912,36.45832,44.699024,43.535793
569,22.25,830.8835,0,,35.08915,41.522663,32.147385,36.448532,44.68402,43.507687
570,22.5,830.74664,0,,35.110134,41.50361,32.136494,36.439533,44.66998,43.48128
571,22.75,830.61084,0,,35.13077,41.48568,32.126427,36.431293,44.65688,43.456524
572,23.0,831.86993,0,,34.705032,41.05021,31.018633,35.402557,43.922348,42.92336
573,23.25,831.8351,0,,34.708416,41.00982,30.989424,35.375362,43.889103,42.871655
574,23.5,831.8031,0,,34.71128,40.970398,30.960777,35.34868,43.856537,42.82153
575,23.75,831.7737,0,,34.713627,40.931923,30.932669,35.322483,43.824608,42.772953
576,0.0,824.88245,0,,29.389849,41.306664,31.939426,36.288334,44.50026,43.231724
577,0.25,824.59784,0,,29.433764,41.326534,31.963318,36.31326,44.52258,43.24256
578,0.5,824.31323,0,,29.477558,41.34738,31.987991,36.338924,44.54577,43.255035
579,0.75,824.0285,0,,29.521217,41.36915,32.0134,36.365276,44.56978,43.268997
580,1.0,819.8147,0,,29.566,42.087223,39.99826,41.11759,47.37543,43.733013
581,1.25,819.3497,0,,29.636093,42.15173,40.050922,41.17826,47.437584,43.780853
582,1.5,818.886,0,,29.705929,42.2161,40.10346,41.23878,47.499622,43.82935
583,1.75,818.4228,0,,29.775595,42.280605,40.156013,41.299297,47.56174,43.87898
584,2.0,814.5507,0,,30.632343,42.951572,41.543785,42.38863,48.54695,44.62739
585,2.25,813.92883,0,,30.724224,43.048477,41.617672,42.473267,48.637634,44.71935
586,2.5,813.3083,0,,30.81588,43.14501,41.69113,42.55752,48.727524,44.81119
587,2.75,812.68915,0,,30.907297,43.241158,41.764378,42.64153,48.817123,44.902885
588,3.0,812.0785,0,,31.013166,43.31473,41.86733,42.74073,48.908257,44.931713
589,3.25,484.7038,0,,29.83384,42.385857,40.699585,41.334747,47.645973,44.04899
590,3.5,485.00012,0,,29.815697,42.399357,40.693813,41.32597,47.644577,44.060364
591,3.75,485.289,0,,29.798107,42.412037,40.68804,41.31728,47.642967,44.071106
592,4.0,483.7688,0,,30.43938,42.801933,42.26789,42.448486,48.4569,44.671688
593,4.25,483.5387,0,,30.454865,42.845123,42.28753,42.47019,48.485413,44.719402
594,4.5,483.29684,0,,30.471046,42.887882,42.307415,42.49223,48.514053,44.76663
595,4.75,483.04425,0,,30.487867,42.93018,42.327503,42.514553,48.54277,44.813335
596,5.0,486.97885,0,,36.191692,42.802372,41.8833,42.15772,48.28477,44.618267
597,5.25,487.1907,0,,36.179314,42.82204,41.882122,42.154995,48.288338,44.641582
598,5.5,487.39468,0,,36.167496,42.84084,41.880955,42.15235,48.291695,44.664032
599,5.75,487.59103,0,,36.156223,42.85873,41.87979,42.149784,48.294846,44.68558
600,6.0,483.46924,0,,36.28603,42.9876,42.135437,42.377136,48.48257,44.83935
601,6.25,483.13718,0,,36.308094,43.024593,42.156597,42.400993,48.511086,44.879803
602,6.5,482.80228,0,,36.330326,43.061054,42.17769,42.424793,48.539417,44.919662
603,6.75,482.46475,0,,36.352707,43.096977,42.198708,42.448536,48.567543,44.958923
604,7.0,482.5909,0,,39.814743,43.011536,41.708576,42.101116,48.342003,44.797863
605,7.25,482.3193,0,,39.832905,43.03232,41.723343,42.11798,48.360676,44.820484
606,7.5,482.0482,0,,39.85095,43.052975,41.738052,42.13479,48.37926,44.84291
607,7.75,481.77774,0,,39.868935,43.073494,41.752697,42.151524,48.39775,44.86512
608,8.0,480.9623,0,,39.945244,43.146755,42.03258,42.36616,48.551285,44.94836
609,8.25,480.61462,0,,39.968506,43.17569,42.051987,42.388268,48.57624,44.979412
610,8.5,480.26746,0,,39.991703,43.204292,42.07127,42.410248,48.601006,45.010075
611,8.75,479.92084,0,,40.01483,43.23258,42.090446,42.432106,48.62559,45.040363
612,9.0,486.4765,0,,39.81071,43.16405,41.663822,42.069267,48.37107,44.933563
613,9.25,486.81888,0,,39.789276,43.155838,41.650352,42.053085,48.35679,44.92852
614,9.5,487.15875,0,,39.767906,43.146408,41.636623,42.03667,48.341965,44.92231
615,9.75,487.49564,0,,39.746643,43.13598,41.622704,42.0201,48.32673,44.91512
616,10.0,487.61783,0,,39.739925,43.132305,41.658688,42.041744,48.337543,44.952053
617,10.25,487.9224,0,,39.72085,43.12417,41.646492,42.027164,48.32442,44.947052
618,10.5,488.22382,0,,39.701904,43.115135,41.63415,42.012455,48.310936,44.941154
619,10.75,488.5217,0,,39.68311,43.10536,41.6217,41.997677,48.297165,44.934483
620,11.0,489.96335,0,,35.95103,43.041866,41.314796,41.748016,48.120388,44.836823
621,11.25,490.4156,0,,35.92089,43.016537,41.292706,41.72238,48.09404,44.813824
622,11.5,490.86395,0,,35.890987,42.991123,41.270706,41.696865,48.067757,44.790604
623,11.75,491.30865,0,,35.861317,42.965645,41.248802,41.671474,48.04153,44.767178
624,12.0,491.5409,0,,35.86229,42.96744,41.304134,41.705227,48.06076,44.824303
625,12.25,491.94458,0,,35.83543,42.94702,41.28507,41.683,48.03836,44.806305
626,12.5,492.3446,0,,35.8088,42.926365,41.266045,41.660843,48.015934,44.787933
627,12.75,492.74106,0,,35.7824,42.905487,41.247066,41.63876,47.993496,44.76923
628,13.0,492.76825,0,,35.82495,42.92905,41.420128,41.760017,48.069134,44.813396
629,13.25,493.07944,0,,35.80461,42.922718,41.408203,41.74571,48.056625,44.80851
630,13.5,493.3886,0,,35.784378,42.914772,41.39589,41.73102,48.043358,44.802227
631,13.75,493.6952,0,,35.764282,42.905575,41.383293,41.716076,48.029537,44.794815
632,14.0,493.5995,0,,35.83655,42.938255,41.654266,41.91269,48.150845,44.89971
633,14.25,493.8072,0,,35.82383,42.94642,41.649914,41.906944,48.148617,44.909195
634,14.5,494.0088,0,,35.811512,42.953545,41.645466,41.90115,48.14606,44.91773
635,14.75,494.20428,0,,35.799576,42.959637,41.640926,41.89529,48.14318,44.925316
636,15.0,502.30713,0,,35.306797,42.22561,33.153725,37.366825,45.49161,44.312424
637,15.25,503.17484,0,,35.24705,42.16227,33.091637,37.305077,45.428986,44.257854
638,15.5,504.0402,0,,35.1874,42.098866,33.02951,37.243294,45.36631,44.202362
639,15.75,504.90332,0,,35.12781,42.035343,32.96731,37.18145,45.30355,44.145897
640,16.0,503.99762,0,,38.615524,42.088234,33.07145,37.28516,45.381397,44.187138
641,16.25,504.7372,0,,38.564816,42.033863,33.018265,37.23228,45.32778,44.140434
642,16.5,505.47372,0,,38.514053,41.979603,32.965202,37.17952,45.27428,44.093105
643,16.75,506.2077,0,,38.463394,41.92539,32.912193,37.126816,45.220837,44.045074
644,17.0,506.5341,0,,38.450474,41.91217,32.950283,37.161827,45.233788,44.034855
645,17.25,507.22748,0,,38.402596,41.862072,32.901104,37.11289,45.184334,43.99139
646,17.5,507.91788,0,,38.354862,41.81208,32.852043,37.064056,45.134987,43.947357
647,17.75,508.6056,0,,38.307262,41.762157,32.803055,37.015305,45.08572,43.902702
648,18.0,508.62222,0,,38.332905,41.8043,32.943172,37.149075,45.187515,43.962696
649,18.25,509.2297,0,,38.290955,41.76382,32.902916,37.10883,45.147255,43.9303
650,18.5,509.83386,0,,38.2492,41.723415,32.86271,37.068638,45.10703,43.897144
651,18.75,510.4345,0,,38.207638,41.683086,32.822594,37.02855,45.06689,43.863335
652,19.0,510.97025,0,,38.167534,41.637844,32.780262,36.986565,45.024242,43.835766
653,19.25,511.5627,0,,38.12646,41.59762,32.740314,36.946655,44.984253,43.80096
654,19.5,512.15186,0,,38.085587,41.5575,32.700462,36.90686,44.944363,43.765663
655,19.75,512.7379,0,,38.04488,41.517433,32.660683,36.867138,44.904533,43.72983
656,20.0,514.7664,0,,37.858425,41.31971,32.249954,36.47029,44.590458,43.53833
657,20.25,515.4867,0,,37.80784,41.26347,32.19526,36.41601,44.535126,43.480225
658,20.5,830.89746,0,,38.763363,41.6949,32.80042,37.06006,45.090477,43.858505
659,20.75,830.559,0,,38.811577,41.72503,32.83459,37.095184,45.123726,43.88
660,21.0,830.5534,0,,38.79326,41.69161,32.67208,36.941685,45.019455,43.804718
661,21.25,830.271,0,,38.832832,41.705536,32.691727,36.962692,45.037277,43.81066
662,21.5,829.9861,0,,38.872902,41.721603,32.713123,36.98536,45.057,43.819305
663,21.75,829.6992,0,,38.91336,41.739582,32.73608,37.009502,45.078407,43.83034
664,22.0,831.0213,0,,35.0678,41.54284,32.159107,36.45831,44.699017,43.53578
665,22.25,830.88354,0,,35.08914,41.522655,32.147377,36.44852,44.684006,43.507675
666,22.5,830.7467,0,,35.110126,41.5036,32.136482,36.439518,44.66997,43.481274
667,22.75,830.6109,0,,35.13076,41.48567,32.126415,36.431286,44.65687,43.456516
668,23.0,831.87,0,,34.705025,41.0502,31.018616,35.40255,43.92233,42.923347
669,23.25,831.8352,0,,34.708405,41.00981,30.989416,35.37535,43.88909,42.87164
670,23.5,831.80316,0,,34.711266,40.97039,30.96077,35.34867,43.85652,42.82152
671,23.75,831.7738,0,,34.713615,40.931908,30.93266,35.322475,43.824593,42.77294
672,0.0,824.8825,0,,29.389837,41.306652,31.939415,36.288322,44.500244,43.231716
673,0.25,824.5979,0,,29.433756,41.326527,31.963305,36.31325,44.522568,43.242546
674,0.5,824.3133,0,,29.477549,41.34737,31.98798,36.33891,44.545757,43.255028
675,0.75,824.02856,0,,29.521206,41.36914,32.013393,36.36527,44.569767,43.26899
676,1.0,825.9871,0,,28.788105,40.88058,30.445328,34.91535,43.583187,42.57826
677,1.25,825.8985,0,,28.802055,40.844254,30.422094,34.8942,43.555855,42.53163
678,1.5,825.81134,0,,28.815561,40.809017,30.3996,34.87373,43.52935,42.486713
679,1.75,825.726,0,,28.828602,40.774807,30.377748,34.853867,43.503586,42.443325
680,2.0,824.1604,0,,29.431156,41.07567,31.58768,35.96972,44.225452,42.86771
681,2.25,823.9446,0,,29.463919,41.08487,31.601362,35.984474,44.23741,42.87179
682,2.5,823.72797,0,,29.49669,41.09563,31.616278,36.00038,44.25072,42.877605
683,2.75,823.5108,0,,29.529444,41.10778,31.632277,36.01732,44.26523,42.884975
684,3.0,823.27625,0,,29.579746,41.11649,31.676676,36.060284,44.289856,42.84959
685,3.25,823.0615,0,,29.612022,41.12924,31.69306,36.077557,44.30486,42.85806
686,3.5,822.8467,0,,29.64425,41.14317,31.710373,36.095707,44.320896,42.867847
687,3.75,822.6318,0,,29.67641,41.15816,31.728521,36.11463,44.337856,42.87884
688,4.0,819.42834,0,,30.589577,41.873554,33.374878,37.686295,45.57888,43.773697
689,4.25,818.964,0,,30.657215,41.953514,33.45104,37.761642,45.65573,43.855644
690,4.5,818.50006,0,,30.724815,42.03305,33.526886,37.83669,45.732243,43.937134
691,4.75,818.0363,0,,30.792381,42.112167,33.60241,37.911438,45.80842,44.01816
692,5.0,822.79865,0,,36.2659,41.761192,32.99482,37.30982,45.273804,43.611202
693,5.25,822.5331,0,,36.30496,41.80796,33.039448,37.353905,45.31885,43.65951
694,5.5,822.2675,0,,36.34401,41.8544,33.083828,37.397766,45.36364,43.707455
695,5.75,822.00195,0,,36.38304,41.900524,33.127968,37.441402,45.40817,43.755047
696,6.0,780.342,0,,41.99362,45.590675,37.45594,41.864037,49.619976,47.32805
697,6.25,779.239,0,,42.15126,45.76651,37.62494,42.031567,49.79018,47.50409
698,6.5,486.76993,0,,35.972847,42.10907,33.20636,37.467808,45.494717,43.97394
699,6.75,487.39554,0,,35.931072,42.07911,33.174385,37.435287,45.463264,43.953583
700,7.0,488.50375,0,,39.217777,41.873806,32.734135,37.020023,45.144733,43.69801
701,7.25,489.19577,0,,39.17161,41.828823,32.689434,36.97536,45.09998,43.660675
702,7.5,489.88272,0,,39.12558,41.784092,32.644993,36.930954,45.05547,43.62309
703,7.75,490.56494,0,,39.079815,41.739594,32.600758,36.886765,45.011177,43.585228
704,8.0,490.47742,0,,39.11219,41.789005,32.779625,37.054474,45.12034,43.635586
705,8.25,491.0767,0,,39.07225,41.754147,32.744133,37.018787,45.085102,43.608025
706,8.5,491.67056,0,,39.03264,41.719513,32.708878,36.983337,45.050087,43.58036
707,8.75,492.25922,0,,38.993343,41.685085,32.673836,36.948112,45.015285,43.55256
708,9.0,507.3017,0,,38.317818,41.178753,31.937208,36.20965,44.390957,43.08806
709,9.25,508.4008,0,,38.241306,41.10255,31.861671,36.13434,44.3151,43.01451
710,9.5,509.49384,0,,38.16509,41.026535,31.786352,36.05925,44.239452,42.940895
711,9.75,827.4284,0,,39.199055,41.588142,32.502563,36.813236,44.902718,43.432556
712,10.0,827.1327,0,,39.235302,41.587414,32.539246,36.84996,44.922848,43.468967
713,10.25,826.95496,0,,39.259182,41.59034,32.547302,36.859173,44.929337,43.47153
714,10.5,826.77466,0,,39.283665,41.5962,32.557686,36.870583,44.938347,43.476536
715,10.75,826.59265,0,,39.308575,41.604366,32.569878,36.883694,44.94933,43.483524
716,11.0,826.99896,0,,35.67895,41.577435,32.37295,36.693684,44.835693,43.410435
717,11.25,826.89233,0,,35.693863,41.56843,32.36916,36.691135,44.830227,43.400166
718,11.5,826.78687,0,,35.70856,41.560474,32.36617,36.689327,44.82565,43.390926
719,11.75,826.6829,0,,35.72306,41.55357,32.363987,36.68826,44.821957,43.382717
720,12.0,826.52454,0,,35.761612,41.555508,32.415413,36.737537,44.85033,43.442116
721,12.25,826.4061,0,,35.778477,41.559086,32.4219,36.744705,44.855885,43.44425
722,12.5,826.28784,0,,35.795353,41.56396,32.429394,36.7528,44.86253,43.44757
723,12.75,826.16986,0,,35.812218,41.569923,32.437702,36.76166,44.870075,43.451916
724,13.0,825.8702,0,,35.899727,41.63781,32.60922,36.924477,44.986736,43.536358
725,13.25,825.71423,0,,35.922634,41.661495,32.632477,36.94764,45.010117,43.55811
726,13.5,825.55865,0,,35.94546,41.68501,32.655594,36.97067,45.033344,43.579853
727,13.75,825.4036,0,,35.96821,41.708336,32.678562,36.99355,45.05642,43.601574
728,14.0,824.8383,0,,36.113567,41.876495,32.98632,37.287323,45.297577,43.829365
729,14.25,824.62726,0,,36.14471,41.91602,33.02364,37.324097,45.335415,43.868645
730,14.5,824.416,0,,36.17586,41.955124,33.06065,37.360588,45.37293,43.907566
731,14.75,824.2048,0,,36.207012,41.99381,33.097336,37.396782,45.410095,43.946117
732,15.0,823.4919,0,,36.372444,42.184067,33.43846,37.72513,45.696487,44.16595
733,15.25,823.2269,0,,36.41138,42.234337,33.485588,37.771534,45.74419,44.217243
734,15.5,822.9616,0,,36.450356,42.28417,33.532402,37.817657,45.791557,44.268085
735,15.75,806.5962,0,,38.77587,43.686596,35.17654,39.50874,47.39609,45.60866
736,16.0,496.5132,0,,39.12275,42.10243,33.18482,37.422943,45.465137,44.0908
737,16.25,497.3129,0,,39.06798,42.06662,33.14558,37.38286,45.426735,44.064632
738,16.5,498.10742,0,,39.01349,42.030437,33.106113,37.342587,45.388084,44.037933
739,16.75,498.89694,0,,38.95933,41.99389,33.06643,37.302128,45.34919,44.01068
740,17.0,499.2441,0,,38.945908,41.990234,33.115982,37.348217,45.37875,44.019905
741,17.25,499.98743,0,,38.894855,41.95782,33.079975,37.311367,45.343452,43.996403
742,17.5,500.72635,0,,38.844105,41.92491,33.043648,37.27424,45.307804,43.972237
743,17.75,501.46072,0,,38.793636,41.89155,33.007034,37.236862,45.271835,43.947433
744,18.0,501.52,0,,38.817623,41.926144,33.151917,37.37543,45.38045,44.020702
745,18.25,502.1568,0,,38.773796,41.9053,33.125736,37.34818,45.355217,44.00752
746,18.5,502.79285,0,,38.73004,41.88316,33.098625,37.32006,45.32899,43.993027
747,18.75,503.42728,0,,38.686398,41.85989,33.07072,37.29121,45.30191,43.977367
748,19.0,503.97998,0,,38.64522,41.83244,33.041576,37.261463,45.273293,43.969563
749,19.25,504.61072,0,,38.601856,41.80685,33.01202,37.23109,45.244457,43.951557
750,19.5,505.23846,0,,38.558697,41.780518,32.981956,37.200256,45.215073,43.932518
751,19.75,505.863,0,,38.51575,41.753506,32.95144,37.169014,45.185196,43.912506
752,20.0,507.98608,0,,38.322918,41.593204,32.55983,36.788914,44.88689,43.76207
753,20.25,508.7511,0,,38.270016,41.545345,32.511353,36.740314,44.8386,43.716007
754,20.5,509.51224,0,,38.21733,41.49737,32.462822,36.691677,44.790234,43.669662
755,20.75,510.2694,0,,38.164864,41.449306,32.414246,36.643017,44.741806,43.62307
756,21.0,511.916,0,,38.02347,41.288845,32.13526,36.37456,44.527115,43.43805
757,21.25,829.3415,0,,38.959473,41.70033,32.71834,36.996414,45.05477,43.8033
758,21.5,829.0423,0,,39.002247,41.728695,32.749573,37.028397,45.085087,43.82256
759,21.75,828.74365,0,,39.044983,41.757698,32.781322,37.060856,45.115967,43.843403
760,22.0,829.9529,0,,35.22778,41.593616,32.231888,36.53594,44.763603,43.576714
761,22.25,829.8187,0,,35.247997,41.576424,32.222267,36.52812,44.75108,43.552223
762,22.5,829.68567,0,,35.267895,41.56037,32.2136,36.521183,44.739613,43.529385
763,22.75,829.55365,0,,35.287476,41.545444,32.205807,36.515057,44.729153,43.508118
764,23.0,830.67883,0,,34.87717,41.14669,31.133549,35.5205,44.031086,43.00915
765,23.25,830.6506,0,,34.879337,41.10776,31.105053,35.49393,43.998745,42.959476
766,23.5,830.6251,0,,34.880993,41.069775,31.0771,35.467857,43.967064,42.91135
767,23.75,830.6026,0,,34.88216,41.032753,31.049713,35.442295,43.936054,42.86479
768,0.0,823.9356,0,,29.53539,41.375027,32.02184,36.37402,44.577698,43.295334
769,0.25,823.6468,0,,29.579422,41.39984,32.049694,36.40269,44.604343,43.310886
770,0.5,823.3587,0,,29.623251,41.425217,32.077984,36.431774,44.631493,43.327698
771,0.75,823.0713,0,,29.666891,41.45115,32.106724,36.461258,44.65913,43.34572
772,1.0,824.93805,0,,28.943844,40.986744,30.563082,35.034706,43.697693,42.677586
773,1.25,824.8523,0,,28.957094,40.951317,30.540365,35.014023,43.670963,42.63229
774,1.5,824.7683,0,,28.969885,40.91693,30.518333,34.993973,43.645016,42.58856
775,1.75,824.68616,0,,28.98222,40.883583,30.496939,34.974518,43.619793,42.546337
776,2.0,823.1989,0,,29.575115,41.16428,31.686687,36.071014,44.32072,42.952988
777,2.25,822.9802,0,,29.608013,41.177975,31.70389,36.08909,44.336544,42.961178
778,2.5,822.76184,0,,29.640802,41.1926,31.72182,36.107838,44.353176,42.97058
779,2.75,822.54376,0,,29.673487,41.208126,31.740444,36.12723,44.370575,42.98114
780,3.0,822.3106,0,,29.72339,41.219,31.786465,36.171707,44.397083,42.947792
781,3.25,822.09576,0,,29.755518,41.234566,31.805033,36.191032,44.41451,42.958977
782,3.5,821.8811,0,,29.787539,41.25097,31.824266,36.210964,44.432663,42.9712
783,3.75,821.6669,0,,29.819448,41.26815,31.844088,36.231453,44.451485,42.984367
784,4.0,818.47,0,,30.732775,41.99511,33.50056,37.81263,45.703964,43.891563
785,4.25,818.00885,0,,30.799849,42.07528,33.576736,37.887947,45.78086,43.973827
786,4.5,817.5481,0,,30.866896,42.15502,33.652584,37.962963,45.857407,44.05561
787,4.75,817.08734,0,,30.933914,42.23432,33.728107,38.03768,45.933617,44.136932
788,5.0,805.43604,0,,38.730583,43.23846,34.726097,39.09221,46.963432,45.03052
789,5.25,804.7178,0,,38.83492,43.35387,34.8376,39.202797,47.07568,45.14569
790,5.5,804.0038,0,,38.938602,43.468536,34.948406,39.312683,47.187218,45.260166
791,5.75,803.29376,0,,39.041626,43.58247,35.0585,39.42188,47.298046,45.373947
792,6.0,487.10583,0,,35.95019,42.083595,33.181477,37.443157,45.469616,43.942135
793,6.25,487.73196,0,,35.90835,42.053383,33.149303,37.41045,45.437946,43.92171
794,6.5,488.35153,0,,35.86693,42.023315,33.117317,37.377945,45.406456,43.901176
795,6.75,488.96463,0,,35.825905,41.993374,33.08551,37.345634,45.375134,43.88053
796,7.0,490.04047,0,,39.116047,41.790726,32.64809,36.93318,45.05982,43.630608
797,7.25,490.72025,0,,39.07054,41.745537,32.60334,36.88852,45.014942,43.59209
798,7.5,491.39526,0,,39.025146,41.70061,32.55884,36.84411,44.970318,43.553356
799,7.75,492.06583,0,,38.980003,41.655914,32.514565,36.79992,44.925922,43.514397
800,8.0,491.98425,0,,39.011887,41.704258,32.69239,36.966602,45.033928,43.562225
801,8.25,492.57147,0,,38.972637,41.669422,32.65705,36.931103,44.9988,43.53422
802,8.5,493.1535,0,,38.9337,41.63481,32.621937,36.89584,44.96389,43.506107
803,8.75,493.73077,0,,38.895054,41.600357,32.586998,36.860752,44.92915,43.47776
804,9.0,508.62122,0,,38.226044,41.09802,31.855303,36.12745,44.309475,43.016262
805,9.25,509.71378,0,,38.14984,41.021538,31.779585,36.05199,44.233395,42.9417
806,9.5,827.5455,0,,39.18326,41.585632,32.497063,36.80699,44.898247,43.43428
807,9.75,827.37964,0,,39.204998,41.581917,32.499527,36.810867,44.898735,43.429905
808,10.0,827.0853,0,,39.241077,41.581497,32.536427,36.84779,44.919147,43.466335
809,10.25,826.9049,0,,39.26552,41.5867,32.546295,36.858723,44.92759,43.4705
810,10.5,826.7226,0,,39.290405,41.594284,32.558044,36.871418,44.93807,43.476715
811,10.75,826.53937,0,,39.315613,41.60381,32.571304,36.885532,44.95019,43.484653
812,11.0,826.941,0,,35.68726,41.57887,32.375927,36.697006,44.838207,43.41302
813,11.25,826.83453,0,,35.702118,41.570217,32.372406,36.694702,44.83304,43.40297
814,11.5,826.72955,0,,35.71677,41.562614,32.36969,36.69315,44.828762,43.393967
815,11.75,826.62585,0,,35.73122,41.556065,32.367775,36.692337,44.825363,43.385998
816,12.0,826.46875,0,,35.769592,41.557877,32.419086,36.741486,44.853615,43.445263
817,12.25,826.3501,0,,35.786514,41.562218,32.426163,36.749207,44.859806,43.447964
818,12.5,826.2316,0,,35.803432,41.56771,32.43412,36.757744,44.866962,43.451748
819,12.75,826.1135,0,,35.82031,41.574173,32.442818,36.766964,44.874928,43.45648
820,13.0,825.81323,0,,35.90798,41.64329,32.61529,36.93068,44.992638,43.5419
821,13.25,825.65753,0,,35.930847,41.66714,32.638664,36.95395,45.016144,43.56378
822,13.5,825.5023,0,,35.953636,41.690796,32.661884,36.977066,45.03949,43.585655
823,13.75,825.3476,0,,35.97635,41.714256,32.684948,37.00004,45.06267,43.607487
824,14.0,824.78253,0,,36.121704,41.882908,32.993088,37.294167,45.304276,43.83572
825,14.25,824.5718,0,,36.15281,41.922485,33.030437,37.330967,45.34215,43.87505
826,14.5,824.36084,0,,36.183926,41.961647,33.067482,37.367485,45.379696,43.914017
827,14.75,824.14984,0,,36.215034,42.000378,33.104195,37.4037,45.416893,43.952614
828,15.0,823.43744,0,,36.380424,42.190815,33.44547,37.73218,45.703453,44.17262
829,15.25,823.1727,0,,36.419323,42.24111,33.492607,37.778595,45.75117,44.223934
830,15.5,822.9077,0,,36.458267,42.290966,33.539433,37.824726,45.798553,44.274803
831,15.75,806.46387,0,,38.795086,43.707794,35.19702,39.52906,47.416702,45.62958
832,16.0,496.68552,0,,39.110947,42.093426,33.17535,37.413357,45.455776,44.083282
833,16.25,497.48416,0,,39.056248,42.05758,33.136093,37.37327,45.417355,44.057053
834,16.5,498.27765,0,,39.001823,42.02136,33.09661,37.33298,45.37869,44.030285
835,16.75,499.0661,0,,38.947727,41.984787,33.05691,37.29252,45.33978,44.002968
836,17.0,499.41296,0,,38.934315,41.981083,33.10641,37.33855,45.369263,44.012047
837,17.25,500.15527,0,,38.88333,41.948635,33.070385,37.30169,45.33395,43.988483
838,17.5,500.8932,0,,38.832638,41.91569,33.034046,37.264553,45.298283,43.96425
839,17.75,501.62662,0,,38.782238,41.882298,32.997425,37.227173,45.2623,43.93939
840,18.0,501.68585,0,,38.806217,41.91687,33.142227,37.36567,45.370842,44.012432
841,18.25,502.32196,0,,38.762432,41.895966,33.11602,37.338387,45.345562,43.99917
842,18.5,502.95715,0,,38.71873,41.87377,33.088882,37.310246,45.31931,43.984604
843,18.75,503.59076,0,,38.675144,41.850464,33.06096,37.281384,45.292206,43.968884
844,19.0,504.14276,0,,38.63401,41.82297,33.03179,37.251617,45.263565,43.960995
845,19.25,504.77274,0,,38.590702,41.797344,33.00222,37.221233,45.23471,43.942917
846,19.5,505.39954,0,,38.5476,41.77098,32.972145,37.19039,45.20531,43.923805
847,19.75,506.02322,0,,38.504704,41.743946,32.941616,37.159145,45.175423,43.90372
848,20.0,508.14343,0,,38.312046,41.583614,32.55007,36.779114,44.87719,43.75321
849,20.25,508.90768,0,,38.25919,41.535725,32.50157,36.7305,44.82887,43.707043
850,20.5,509.66794,0,,38.20655,41.48772,32.45303,36.681854,44.780487,43.66061
851,20.75,510.42426,0,,38.154125,41.43963,32.404446,36.633186,44.73204,43.613937
852,21.0,829.58344,0,,38.925026,41.67937,32.694687,36.97205,45.032005,43.791245
853,21.25,829.2838,0,,38.96783,41.70717,32.725452,37.003597,45.0618,43.809017
854,21.5,828.9847,0,,39.010586,41.73559,32.75673,37.035618,45.09216,43.82846
855,21.75,828.68616,0,,39.053307,41.764637,32.788517,37.06811,45.12309,43.849453
856,22.0,829.89417,0,,35.236458,41.60074,32.23925,36.543354,44.770874,43.58307
857,22.25,829.7602,0,,35.25664,41.58358,32.229656,36.535557,44.758377,43.55868
858,22.5,829.6273,0,,35.27651,41.567566,32.22101,36.528637,44.74694,43.535927
859,22.75,829.4955,0,,35.296066,41.552666,32.213238,36.522537,44.73651,43.514736
860,23.0,830.6185,0,,34.885986,41.15431,31.141382,35.52837,44.03885,43.016273
861,23.25,830.59045,0,,34.88812,41.11539,31.11289,35.501804,44.006516,42.966644
862,23.5,830.5651,0,,34.889748,41.077427,31.084953,35.47574,43.97485,42.918568
863,23.75,830.5427,0,,34.890884,41.04043,31.057564,35.45018,43.943848,42.872055
864,0.0,823.88,0,,29.543697,41.382343,32.029263,36.381466,44.585087,43.302242
865,0.25,823.5913,0,,29.58771,41.40718,32.057133,36.410152,44.611755,43.317852
866,0.5,823.3033,0,,29.631516,41.432575,32.08544,36.439243,44.638916,43.334713
867,0.75,823.0159,0,,29.675137,41.45853,32.114193,36.468746,44.666573,43.352783
868,1.0,824.8813,0,,28.952219,40.99434,30.57078,35.04241,43.705368,42.684914
869,1.25,824.7957,0,,28.965448,40.958923,30.548065,35.021732,43.678646,42.639645
870,1.5,824.71185,0,,28.978214,40.924538,30.526028,35.001682,43.65269,42.595932
871,1.75,824.6299,0,,28.99053,40.8912,30.504633,34.98222,43.627476,42.55373
872,2.0,823.14374,0,,29.58328,41.17174,31.694214,36.078556,44.32823,42.96022
873,2.25,822.92523,0,,29.616163,41.18546,31.711437,36.09664,44.344067,42.96844
874,2.5,822.70685,0,,29.648933,41.2001,31.729376,36.1154,44.36071,42.97788
875,2.75,822.48883,0,,29.681593,41.215637,31.748007,36.134796,44.378124,42.988464
876,3.0,822.2559,0,,29.731472,41.226524,31.794025,36.179276,44.404636,42.95513
877,3.25,822.0411,0,,29.763582,41.2421,31.812607,36.198605,44.422073,42.96634
878,3.5,821.82666,0,,29.795584,41.258514,31.831839,36.21854,44.440235,42.978577
879,3.75,821.61255,0,,29.827477,41.275703,31.85167,36.23903,44.45906,42.991764
880,4.0,818.41644,0,,30.740704,42.00268,33.508144,37.820206,45.71155,43.899036
881,4.25,817.9555,0,,30.807756,42.082844,33.584305,37.895515,45.788433,43.981297
882,4.5,817.49475,0,,30.87478,42.162575,33.66014,37.970516,45.864967,44.063076
883,4.75,817.03424,0,,30.941774,42.241867,33.735657,38.04522,45.941174,44.14439
884,5.0,805.30536,0,,38.749565,43.25947,34.746384,39.112328,46.983852,45.05134
885,5.25,804.58795,0,,38.85378,43.37474,34.857758,39.222786,47.095966,45.166386
886,5.5,803.87463,0,,38.957336,43.489273,34.96843,39.332546,47.207375,45.28074
887,5.75,803.16547,0,,39.06024,43.603073,35.078403,39.441616,47.31807,45.394394
888,6.0,487.29642,0,,35.93741,42.07206,33.16983,37.43148,45.458004,43.932392
889,6.25,487.9209,0,,35.89567,42.041946,33.13775,37.398865,45.426426,43.912014
890,6.5,488.53882,0,,35.85434,42.011967,33.10585,37.366455,45.395027,43.89152
891,6.75,489.1504,0,,35.813416,41.98212,33.074135,37.334225,45.363792,43.870903
892,7.0,490.22156,0,,39.10399,41.78007,32.637268,36.922314,45.049065,43.62187
893,7.25,490.90002,0,,39.05856,41.734898,32.59254,36.877674,45.004204,43.583237
894,7.5,491.57367,0,,39.013237,41.68998,32.548058,36.83328,44.9596,43.544384
895,7.75,492.24286,0,,38.968166,41.645294,32.5038,36.789116,44.91521,43.50532
896,8.0,492.1621,0,,38.99998,41.69348,32.681488,36.955666,45.02307,43.552856
897,8.25,492.7479,0,,38.960815,41.65869,32.646194,36.92022,44.98799,43.524834
898,8.5,493.3286,0,,38.921963,41.62412,32.611134,36.885,44.95313,43.496693
899,8.75,493.90466,0,,38.883377,41.589687,32.57622,36.849945,44.918404,43.46827
900,9.0,508.77826,0,,38.215107,41.08797,31.845194,36.11733,44.299385,43.00721
901,9.25,827.69806,0,,39.163254,41.5896,32.495266,36.803864,44.898315,43.439434
902,9.5,827.53125,0,,39.185085,41.584915,32.496994,36.807064,44.897984,43.434074
903,9.75,827.3656,0,,39.206825,41.58133,32.499557,36.81103,44.89858,43.42978
904,10.0,827.0713,0,,39.242912,41.58111,32.536613,36.8481,44.919167,43.466335
905,10.25,826.8904,0,,39.26744,41.586685,32.546776,36.859303,44.927925,43.470776
906,10.5,826.7079,0,,39.29239,41.594555,32.558746,36.87221,44.938652,43.477207
907,10.75,826.5245,0,,39.317642,41.60431,32.572186,36.8865,44.95097,43.485317
908,11.0,826.92523,0,,35.689526,41.5797,32.377075,36.69822,44.839256,43.413937
909,11.25,826.819,0,,35.70437,41.571117,32.3736,36.69597,44.834145,43.403942
910,11.5,826.71405,0,,35.71901,41.563587,32.370934,36.69446,44.82992,43.394993
911,11.75,826.61035,0,,35.73345,41.55711,32.369076,36.693695,44.826588,43.38708
912,12.0,826.4534,0,,35.771793,41.558907,32.42038,36.74284,44.854828,43.44634
913,12.25,826.3347,0,,35.788723,41.563385,32.427563,36.750656,44.861134,43.449154
914,12.5,826.2164,0,,35.805637,41.568993,32.43561,36.75927,44.86839,43.453033
915,12.75,826.0983,0,,35.822514,41.57555,32.44437,36.76856,44.87643,43.45784
916,13.0,825.7979,0,,35.910213,41.6449,32.617027,36.93244,44.994335,43.543457
917,13.25,825.64233,0,,35.933067,41.668777,32.64042,36.95573,45.017864,43.56537
918,13.5,825.4871,0,,35.95584,41.692463,32.663662,36.978867,45.041233,43.58727
919,13.75,825.3325,0,,35.978546,41.71595,32.686745,37.00185,45.064434,43.609127
920,14.0,824.7676,0,,36.1239,41.884697,32.99496,37.29605,45.306133,43.83746
921,14.25,824.5569,0,,36.15499,41.924286,33.032314,37.33286,45.344013,43.8768
922,14.5,824.34595,0,,36.186096,41.96346,33.06936,37.369385,45.38157,43.915787
923,14.75,824.1351,0,,36.217197,42.002205,33.106087,37.405598,45.418774,43.95439
924,15.0,823.4228,0,,36.382572,42.192673,33.447384,37.734108,45.70536,44.174435
925,15.25,823.15814,0,,36.421463,42.242973,33.494522,37.780525,45.753082,44.225758
926,15.5,822.8932,0,,36.460396,42.292835,33.54135,37.826653,45.800465,44.27663
927,15.75,806.42816,0,,38.800262,43.71351,35.20254,39.534534,47.422256,45.635204
928,16.0,496.73273,0,,39.10772,42.090942,33.17274,37.41072,45.4532,44.081184
929,16.25,497.5311,0,,39.053032,42.055088,33.133476,37.370625,45.414772,44.05493
930,16.5,498.32428,0,,38.998627,42.018856,33.09399,37.330338,45.3761,44.02815
931,16.75,499.11246,0,,38.94455,41.98227,33.054295,37.289867,45.337185,44.000824
932,17.0,499.45926,0,,38.93114,41.978558,33.10377,37.335888,45.366646,44.009865
933,17.25,500.20123,0,,38.880173,41.9461,33.06775,37.299026,45.331326,43.98628
934,17.5,500.9389,0,,38.8295,41.913147,33.031403,37.261887,45.29565,43.96203
935,17.75,501.6721,0,,38.779118,41.87974,32.99478,37.224503,45.259663,43.937145
936,18.0,501.73126,0,,38.80309,41.91431,33.139557,37.36298,45.36819,44.010136
937,18.25,502.3672,0,,38.75932,41.893394,33.113342,37.33569,45.34291,43.996853
938,18.5,503.00223,0,,38.71563,41.871185,33.0862,37.307545,45.316643,43.982265
939,18.75,503.6356,0,,38.672062,41.847862,33.05827,37.278675,45.289536,43.966526
940,19.0,504.1874,0,,38.63094,41.82036,33.029095,37.248905,45.260887,43.958614
941,19.25,504.81708,0,,38.587643,41.794724,32.999523,37.21852,45.23202,43.940525
942,19.5,505.4437,0,,38.54455,41.768356,32.969448,37.187675,45.202625,43.921394
943,19.75,506.0671,0,,38.501675,41.741306,32.938915,37.15643,45.17273,43.901287
944,20.0,508.18658,0,,38.309063,41.580975,32.547386,36.776417,44.874516,43.75076
945,20.25,508.9506,0,,38.25622,41.533073,32.49888,36.7278,44.82619,43.704563
946,20.5,509.71066,0,,38.203594,41.48506,32.450333,36.67915,44.7778,43.658104
947,20.75,510.46677,0,,38.15118,41.436962,32.40174,36.630478,44.72935,43.611412
948,21.0,829.5644,0,,38.927776,41.681644,32.697044,36.974422,45.034332,43.79314
949,21.25,829.2649,0,,38.970573,41.709454,32.727818,37.00598,45.064137,43.81097
950,21.5,828.9658,0,,39.01333,41.737892,32.75911,37.03802,45.094513,43.830463
951,21.75,828.6673,0,,39.05604,41.76696,32.790913,37.070526,45.125454,43.851505
952,22.0,829.87506,0,,35.2393,41.60311,32.24169,36.54581,44.773293,43.585213
953,22.25,829.74115,0,,35.25947,41.58596,32.232105,36.538025,44.760807,43.560856
954,22.5,829.60815,0,,35.27933,41.569954,32.22347,36.531113,44.749374,43.538124
955,22.75,829.4764,0,,35.298885,41.55507,32.215702,36.525017,44.738953,43.51696
956,23.0,830.5988,0,,34.888866,41.15683,31.143969,35.530964,44.041412,43.018646
957,23.25,830.5707,0,,34.890995,41.117924,31.115482,35.5044,44.009087,42.969036
958,23.5,830.5455,0,,34.892612,41.07996,31.08754,35.478333,43.977417,42.920967
959,23.75,830.52313,0,,34.893738,41.042965,31.060158,35.452778,43.946423,42.874466
960,0.0,823.86163,0,,29.546427,41.38477,32.031723,36.38393,44.587536,43.30455
961,0.25,823.57306,0,,29.59043,41.40962,32.059593,36.412624,44.61421,43.320175
962,0.5,823.2851,0,,29.634228,41.435017,32.08791,36.44172,44.641376,43.337048
963,0.75,822.99774,0,,29.67784,41.460976,32.11666,36.47122,44.66904,43.35513
964,1.0,824.86285,0,,28.954967,40.996845,30.573313,35.044952,43.707897,42.687347
965,1.25,824.77716,0,,28.968185,40.961433,30.550604,35.024277,43.68118,42.64208
966,1.5,824.69336,0,,28.980946,40.927055,30.528566,35.00422,43.655228,42.598377
967,1.75,824.61145,0,,28.993254,40.893715,30.507175,34.984764,43.630013,42.55618
968,2.0,823.1257,0,,29.585964,41.174213,31.696707,36.081047,44.330715,42.96262
969,2.25,822.9071,0,,29.618835,41.18793,31.713924,36.099136,44.346554,42.970856
970,2.5,822.6889,0,,29.651604,41.202576,31.731865,36.117893,44.363205,42.980297
971,2.75,822.4708,0,,29.684252,41.21812,31.7505,36.137295,44.38062,42.990894
972,3.0,822.2379,0,,29.734129,41.22901,31.796522,36.18177,44.407135,42.957565
973,3.25,822.02313,0,,29.766228,41.244587,31.815104,36.201103,44.42457,42.968777
974,3.5,821.8087,0,,29.798227,41.261005,31.83434,36.22104,44.442738,42.981026
975,3.75,821.59467,0,,29.830109,41.278194,31.854166,36.24153,44.461563,42.994217
976,4.0,818.3988,0,,30.743309,42.00518,33.510643,37.8227,45.71405,43.90151
977,4.25,817.938,0,,30.810352,42.085335,33.5868,37.898006,45.790928,43.98376
978,4.5,817.4773,0,,30.877369,42.165062,33.662632,37.973003,45.867462,44.065544
979,4.75,817.0168,0,,30.944355,42.244354,33.73814,38.0477,45.943657,44.146854
980,5.0,805.26215,0,,38.755844,43.26642,34.753094,39.118984,46.990604,45.058224
981,5.25,804.5449,0,,38.86002,43.38164,34.864426,39.2294,47.10268,45.173233
982,5.5,803.8319,0,,38.963535,43.49613,34.97505,39.33912,47.21404,45.287548
983,5.75,803.1229,0,,39.0664,43.609886,35.08498,39.44814,47.3247,45.401165
984,6.0,487.35953,0,,35.93317,42.068237,33.16597,37.427612,45.454155,43.92917
985,6.25,487.9835,0,,35.891468,42.038155,33.13392,37.395027,45.422615,43.908802
986,6.5,488.60092,0,,35.850174,42.008205,33.10206,37.362644,45.39124,43.88832
987,6.75,489.2119,0,,35.80928,41.97839,33.070366,37.330444,45.36003,43.867718
988,7.0,490.2816,0,,39.099995,41.776546,32.63368,36.91871,45.045498,43.61898
989,7.25,490.95953,0,,39.05459,41.731373,32.58896,36.874077,45.000652,43.580307
990,7.5,491.63275,0,,39.00929,41.68646,32.544487,36.829693,44.956047,43.541416
991,7.75,492.3015,0,,38.96424,41.641777,32.500237,36.785538,44.911667,43.502316
992,8.0,492.22107,0,,38.996037,41.689915,32.67788,36.95204,45.019478,43.549763
993,8.25,492.80637,0,,38.9569,41.655136,32.6426,36.916615,44.984413,43.521725
994,8.5,493.38663,0,,38.918068,41.62058,32.60755,36.881413,44.949562,43.493572
995,8.75,493.96225,0,,38.87951,41.58615,32.572647,36.846363,44.91485,43.465122
996,9.0,508.83032,0,,38.211487,41.08464,31.841845,36.11398,44.296043,43.00421
997,9.25,827.6936,0,,39.163837,41.589394,32.49526,36.8039,44.898247,43.439396
998,9.5,827.52686,0,,39.18566,41.584743,32.497013,36.807125,44.897945,43.434055
999,9.75,827.36115,0,,39.207405,41.5812,32.499607,36.81112,44.898575,43.42978
1000,10.0,827.0669,0,,39.243496,41.581043,32.53671,36.848236,44.91922,43.466385
1001,10.25,826.8858,0,,39.268044,41.58672,32.546955,36.85952,44.92807,43.4709
1002,10.5,826.7033,0,,39.293015,41.594677,32.559,36.872494,44.93886,43.477398
1003,10.75,826.5197,0,,39.318275,41.604507,32.572495,36.88683,44.951244,43.48556
1004,11.0,826.92035,0,,35.690235,41.579987,32.377457,36.69862,44.83961,43.414253
1005,11.25,826.814,0,,35.705074,41.571423,32.373993,36.696384,44.834515,43.40427
1006,11.5,826.70917,0,,35.719707,41.56391,32.371346,36.69488,44.83031,43.395336
1007,11.75,826.60547,0,,35.73415,41.557457,32.369503,36.694134,44.82699,43.387444
1008,12.0,826.4487,0,,35.772476,41.559258,32.4208,36.743275,44.85523,43.4467
1009,12.25,826.33,0,,35.78941,41.563774,32.428017,36.75112,44.861572,43.44955
1010,12.5,826.21155,0,,35.806324,41.569416,32.436085,36.759766,44.86885,43.453453
1011,12.75,826.0936,0,,35.823204,41.575996,32.444874,36.76907,44.876915,43.458286
1012,13.0,825.79315,0,,35.910904,41.645416,32.61758,36.933006,44.994873,43.543957
1013,13.25,825.6376,0,,35.933754,41.669304,32.64098,36.956295,45.018414,43.56588
1014,13.5,825.4824,0,,35.95653,41.692993,32.664223,36.979435,45.04179,43.587788
1015,13.75,825.32776,0,,35.97923,41.71649,32.68731,37.00243,45.065,43.609653
1016,14.0,824.7629,0,,36.124584,41.885265,32.995552,37.296646,45.306717,43.83801
1017,14.25,824.55225,0,,36.15567,41.92486,33.03291,37.333454,45.344597,43.877354
1018,14.5,824.34143,0,,36.18677,41.96404,33.069958,37.369976,45.382153,43.916344
1019,14.75,824.1305,0,,36.217873,42.002777,33.10668,37.4062,45.41936,43.954956
1020,15.0,823.4182,0,,36.383247,42.19326,33.44799,37.734715,45.705967,44.175007
1021,15.25,823.1537,0,,36.422127,42.243565,33.495125,37.781128,45.75368,44.226334
1022,15.5,807.15485,0,,38.694714,43.597183,35.09008,39.42295,47.30907,45.519276
1023,15.75,806.41705,0,,38.801884,43.715298,35.204266,39.536243,47.42399,45.636967
1024,16.0,496.74734,0,,39.106716,42.09017,33.171936,37.409904,45.4524,44.08054
1025,16.25,497.5456,0,,39.052036,42.054314,33.13267,37.369804,45.413975,44.054283
1026,16.5,498.33875,0,,38.99764,42.01808,33.093185,37.329517,45.3753,44.027493
1027,16.75,499.12683,0,,38.943565,41.98149,33.05348,37.289047,45.336388,44.000156
1028,17.0,499.47357,0,,38.930157,41.977776,33.10296,37.335064,45.365833,44.00919
1029,17.25,500.2155,0,,38.879196,41.945312,33.06693,37.298203,45.330513,43.985596
1030,17.5,500.95306,0,,38.82852,41.912357,33.030582,37.26106,45.294834,43.961338
1031,17.75,501.68616,0,,38.77814,41.878956,32.99396,37.223675,45.25885,43.93646
1032,18.0,501.74545,0,,38.80212,41.91352,33.138733,37.36215,45.367367,44.00943
1033,18.25,502.38126,0,,38.758354,41.892593,33.11251,37.334854,45.342087,43.996136
1034,18.5,503.01617,0,,38.71467,41.87038,33.085365,37.306713,45.31582,43.98154
1035,18.75,503.64948,0,,38.671104,41.847057,33.057434,37.27784,45.288708,43.9658
1036,19.0,504.20123,0,,38.629982,41.819553,33.028263,37.24807,45.260056,43.957882
1037,19.25,504.83084,0,,38.586697,41.79391,32.998688,37.21768,45.231197,43.939785
1038,19.5,505.4574,0,,38.543606,41.767544,32.96861,37.18684,45.20179,43.920647
1039,19.75,506.0807,0,,38.500736,41.740494,32.938072,37.155586,45.171898,43.900536
1040,20.0,508.19998,0,,38.30814,41.580154,32.54655,36.77558,44.873688,43.749992
1041,20.25,508.96393,0,,38.2553,41.53225,32.498047,36.72696,44.825363,43.703793
1042,20.5,509.7239,0,,38.202675,41.484238,32.449493,36.678307,44.77697,43.65733
1043,20.75,510.47998,0,,38.150265,41.436134,32.40091,36.629642,44.72852,43.610626
1044,21.0,829.5581,0,,38.928688,41.682396,32.697826,36.975216,45.03511,43.793774
1045,21.25,829.25854,0,,38.971478,41.710217,32.728607,37.00678,45.06491,43.81162
1046,21.5,828.9596,0,,39.014233,41.73866,32.759903,37.03882,45.0953,43.831135
1047,21.75,828.6611,0,,39.056946,41.767727,32.79171,37.071327,45.126236,43.85219
1048,22.0,829.86865,0,,35.24024,41.603897,32.2425,36.546627,44.774094,43.585926
1049,22.25,829.7347,0,,35.26041,41.586754,32.232918,36.538837,44.761612,43.561573
1050,22.5,829.60187,0,,35.28027,41.570747,32.224285,36.53193,44.750183,43.538857
1051,22.75,829.4701,0,,35.299816,41.555862,32.216515,36.525833,44.739754,43.517693
1052,23.0,830.5923,0,,34.889824,41.15766,31.144825,35.531826,44.042263,43.019432
1053,23.25,830.5643,0,,34.891945,41.11876,31.116337,35.50526,44.009937,42.969822
1054,23.5,830.53906,0,,34.893562,41.080795,31.088398,35.479195,43.978268,42.92176
1055,23.75,830.5167,0,,34.894684,41.043804,31.061014,35.45364,43.947277,42.875267
1056,0.0,823.8556,0,,29.547327,41.385574,32.032536,36.38475,44.588345,43.305317
1057,0.25,823.567,0,,29.591328,41.410423,32.060413,36.41344,44.61502,43.320946
1058,0.5,823.27905,0,,29.635124,41.43583,32.088722,36.44254,44.64219,43.337822
1059,0.75,822.9917,0,,29.678732,41.46179,32.11748,36.472042,44.669853,43.35591
1060,1.0,824.8567,0,,28.955873,40.997677,30.574156,35.04579,43.70874,42.688152
1061,1.25,824.77106,0,,28.969093,40.96226,30.551441,35.025112,43.682014,42.642887
1062,1.5,824.6873,0,,28.98185,40.927887,30.52941,35.005062,43.65607,42.599186
1063,1.75,824.6053,0,,28.994156,40.89455,30.508015,34.985603,43.63085,42.556988
1064,2.0,823.1196,0,,29.58685,41.17503,31.697529,36.08187,44.331535,42.96342
1065,2.25,822.9011,0,,29.619722,41.18875,31.71475,36.09996,44.347378,42.971657
1066,2.5,822.68286,0,,29.652481,41.2034,31.732695,36.118717,44.364025,42.981102
1067,2.75,822.46484,0,,29.685133,41.218945,31.751326,36.138123,44.381443,42.99169
1068,3.0,822.232,0,,29.735006,41.229836,31.797352,36.1826,44.407955,42.958366
1069,3.25,822.0173,0,,29.767103,41.24541,31.815931,36.201927,44.4254,42.969585
1070,3.5,821.80286,0,,29.799097,41.261833,31.835169,36.221867,44.44356,42.98183
1071,3.75,821.5888,0,,29.830978,41.27902,31.854994,36.24236,44.46239,42.995026
1072,4.0,818.39307,0,,30.744167,42.006004,33.511463,37.823524,45.71488,43.90232
1073,4.25,817.9321,0,,30.811207,42.08616,33.587624,37.89883,45.791756,43.984573
1074,4.5,817.4715,0,,30.878225,42.165886,33.663456,37.973824,45.868286,44.066357
1075,4.75,817.01105,0,,30.94521,42.24518,33.73896,38.048523,45.944477,44.14767
1076,5.0,805.2479,0,,38.75793,43.26873,34.75533,39.121197,46.99285,45.06052
1077,5.25,804.53076,0,,38.86209,43.38394,34.866646,39.2316,47.10491,45.17551
1078,5.5,803.81775,0,,38.965595,43.498413,34.97726,39.341305,47.216267,45.289814
1079,5.75,803.10895,0,,39.068447,43.61215,35.087173,39.45031,47.326904,45.403416
1080,6.0,487.38007,0,,35.931793,42.067013,33.16473,37.42637,45.45292,43.928146
1081,6.25,488.0038,0,,35.8901,42.036945,33.13269,37.393795,45.42139,43.90778
1082,6.5,488.6211,0,,35.848816,42.007008,33.100838,37.36142,45.390026,43.887306
1083,6.75,489.23196,0,,35.807934,41.977196,33.069153,37.32923,45.35883,43.866703
1084,7.0,490.3011,0,,39.098698,41.77541,32.63253,36.91755,45.044357,43.618057
1085,7.25,490.97888,0,,39.053295,41.730244,32.58781,36.872917,44.999508,43.579372
1086,7.5,491.65195,0,,39.008007,41.68532,32.54334,36.82854,44.954906,43.54047
1087,7.75,492.3206,0,,38.96297,41.640648,32.49909,36.784386,44.910522,43.501354
1088,8.0,492.24017,0,,38.99476,41.68877,32.676716,36.95088,45.01832,43.54877
1089,8.25,492.82535,0,,38.95563,41.653996,32.64144,36.91545,44.983257,43.520733
1090,8.5,493.40546,0,,38.916805,41.61944,32.6064,36.880257,44.948414,43.492577
1091,8.75,493.98096,0,,38.878258,41.585014,32.5715,36.845203,44.913704,43.464115
1092,9.0,508.84717,0,,38.210308,41.083565,31.840765,36.1129,44.294964,43.00325
1093,9.25,827.6927,0,,39.163948,41.58928,32.4952,36.80386,44.89818,43.43934
1094,9.5,827.52594,0,,39.185772,41.58464,32.496964,36.807087,44.89788,43.434006
1095,9.75,827.3603,0,,39.207516,41.58111,32.49957,36.811092,44.898525,43.42974
1096,10.0,827.066,0,,39.24361,41.580975,32.53669,36.848225,44.91918,43.466354
1097,10.25,826.88495,0,,39.26817,41.586685,32.54696,36.859528,44.92806,43.470894
1098,10.5,826.7023,0,,39.29314,41.594666,32.55902,36.872524,44.93888,43.477406
1099,10.75,826.51886,0,,39.318413,41.604507,32.57253,36.88688,44.951275,43.48558
1100,11.0,826.91925,0,,35.690388,41.580025,32.377518,36.698685,44.83966,43.4143
1101,11.25,826.81305,0,,35.705223,41.571465,32.37406,36.696453,44.834568,43.404324
1102,11.5,826.70807,0,,35.719856,41.56396,32.371414,36.694958,44.830368,43.395393
1103,11.75,826.6045,0,,35.734295,41.55751,32.369576,36.69421,44.827057,43.387505
1104,12.0,826.4477,0,,35.772625,41.559307,32.420876,36.743355,44.855297,43.446762
1105,12.25,826.3289,0,,35.789555,41.563835,32.4281,36.75121,44.861645,43.44962
1106,12.5,826.2106,0,,35.80647,41.569485,32.436176,36.759857,44.868935,43.45353
1107,12.75,826.0925,0,,35.82335,41.576077,32.444965,36.76917,44.877007,43.458366
1108,13.0,825.7921,0,,35.911053,41.645515,32.61769,36.933117,44.99498,43.544052
1109,13.25,825.63654,0,,35.933903,41.669403,32.64109,36.95641,45.018524,43.565983
1110,13.5,825.48145,0,,35.956676,41.6931,32.66434,36.97955,45.041897,43.58789
1111,13.75,825.3267,0,,35.97938,41.716595,32.687428,37.002544,45.06511,43.60976
1112,14.0,824.76184,0,,36.12473,41.88538,32.995674,37.29677,45.306835,43.838123
1113,14.25,824.5512,0,,36.15582,41.924976,33.03303,37.33358,45.34472,43.877472
1114,14.5,824.34033,0,,36.18692,41.964153,33.070076,37.370102,45.38228,43.91646
1115,14.75,824.12946,0,,36.218014,42.002895,33.106804,37.406322,45.419487,43.95507
1116,15.0,823.41724,0,,36.38339,42.19338,33.448116,37.734844,45.706097,44.175125
1117,15.25,823.15265,0,,36.42227,42.243687,33.49525,37.781254,45.753807,44.226448
1118,15.5,807.1525,0,,38.695057,43.597565,35.090446,39.42332,47.30944,45.519653
1119,15.75,806.4146,0,,38.802227,43.71567,35.20463,39.53661,47.42436,45.637337
1120,16.0,496.7505,0,,39.1065,42.090008,33.17176,37.409725,45.45223,44.080395
1121,16.25,497.54877,0,,39.051823,42.05415,33.1325,37.36963,45.413795,44.05414
1122,16.5,498.3419,0,,38.99742,42.017914,33.093006,37.329338,45.375122,44.02735
1123,16.75,499.12988,0,,38.94335,41.981323,33.053303,37.28887,45.33621,44.00001
1124,17.0,499.4767,0,,38.929947,41.977604,33.102783,37.334885,45.36566,44.00904
1125,17.25,500.21857,0,,38.878986,41.94514,33.066753,37.298023,45.330338,43.98545
1126,17.5,500.95612,0,,38.828312,41.91219,33.030407,37.260883,45.29466,43.961193
1127,17.75,501.68927,0,,38.77793,41.878784,32.99378,37.2235,45.25868,43.936306
1128,18.0,501.74844,0,,38.80191,41.91335,33.138557,37.361965,45.36719,44.009274
1129,18.25,502.38425,0,,38.758144,41.89242,33.112335,37.33468,45.341904,43.99598
1130,18.5,503.01917,0,,38.71446,41.87021,33.08519,37.30653,45.31564,43.981384
1131,18.75,503.65247,0,,38.6709,41.846886,33.057255,37.277657,45.288525,43.965645
1132,19.0,504.20428,0,,38.62978,41.819374,33.02808,37.247887,45.259872,43.95772
1133,19.25,504.83383,0,,38.586494,41.79374,32.998505,37.2175,45.231014,43.93962
1134,19.5,505.46033,0,,38.543407,41.767365,32.96843,37.18666,45.20161,43.920483
1135,19.75,506.08368,0,,38.500534,41.740314,32.937897,37.155403,45.171715,43.90037
1136,20.0,508.20285,0,,38.30794,41.57998,32.54637,36.775402,44.873505,43.749832
1137,20.25,508.9668,0,,38.2551,41.532074,32.497868,36.72678,44.825184,43.70363
1138,20.5,509.72684,0,,38.20248,41.484062,32.449318,36.67813,44.77679,43.657166
1139,20.75,510.4828,0,,38.15007,41.435955,32.40073,36.629463,44.728344,43.61046
1140,21.0,829.5571,0,,38.928833,41.682514,32.697952,36.97534,45.035233,43.79387
1141,21.25,829.2576,0,,38.971622,41.71033,32.728725,37.0069,45.06504,43.811718
1142,21.5,828.95856,0,,39.014378,41.73878,32.76003,37.03894,45.095417,43.831238
1143,21.75,828.66003,0,,39.057087,41.76785,32.79183,37.07145,45.126366,43.85229
1144,22.0,829.8677,0,,35.240387,41.60402,32.242626,36.546753,44.77422,43.586037
1145,22.25,829.73376,0,,35.260563,41.58688,32.233044,36.53897,44.761734,43.561687
1146,22.5,829.6008,0,,35.28042,41.570877,32.22441,36.532063,44.75031,43.538967
1147,22.75,829.46906,0,,35.29996,41.55599,32.21665,36.525967,44.739887,43.51781
1148,23.0,830.5912,0,,34.889977,41.1578,31.144958,35.53196,44.0424,43.01955
1149,23.25,830.5632,0,,34.892097,41.11889,31.116472,35.505394,44.01007,42.969944
1150,23.5,830.53796,0,,34.89371,41.080933,31.088535,35.47933,43.9784,42.921886
1151,23.75,830.5157,0,,34.89483,41.04394,31.061152,35.453773,43.94741,42.875393
1152,0.0,823.8547,0,,29.54747,41.385704,32.032665,36.384876,44.588478,43.30543
1153,0.25,823.56604,0,,29.59147,41.410557,32.060543,36.41357,44.615147,43.321068
1154,0.5,823.27814,0,,29.63527,41.435955,32.088856,36.44267,44.642315,43.337948
1155,0.75,822.9908,0,,29.678875,41.461914,32.11761,36.472168,44.669983,43.356033
1156,1.0,824.8557,0,,28.956017,40.997807,30.574287,35.04593,43.70887,42.68828
1157,1.25,824.77,0,,28.969234,40.9624,30.551575,35.025246,43.682148,42.643017
1158,1.5,824.6862,0,,28.98199,40.928017,30.529541,35.00519,43.656197,42.59931
1159,1.75,824.6043,0,,28.994297,40.89468,30.508146,34.98574,43.63098,42.557117
1160,2.0,823.1188,0,,29.58699,41.17516,31.69766,36.082,44.331665,42.963543
1161,2.25,822.90015,0,,29.619867,41.18888,31.714882,36.100086,44.34751,42.971783
1162,2.5,822.6819,0,,29.65262,41.20353,31.732826,36.11885,44.364155,42.981228
1163,2.75,822.4639,0,,29.685272,41.219074,31.751457,36.138252,44.381573,42.99182
1164,3.0,822.2311,0,,29.735146,41.229965,31.79748,36.182728,44.40809,42.958492
1165,3.25,822.0163,0,,29.767242,41.24554,31.816063,36.20206,44.42553,42.969715
1166,3.5,821.8018,0,,29.799236,41.261963,31.835297,36.221996,44.443695,42.981956
1167,3.75,821.5879,0,,29.831118,41.27915,31.855125,36.24249,44.46252,42.99515
1168,4.0,818.39215,0,,30.744305,42.00613,33.5116,37.823658,45.715008,43.90245
1169,4.25,817.9312,0,,30.811348,42.086296,33.587753,37.89896,45.79188,43.984707
1170,4.5,817.4706,0,,30.878359,42.166016,33.663586,37.973957,45.86842,44.06649
1171,4.75,817.0102,0,,30.945349,42.245308,33.739094,38.048653,45.94461,44.147793
1172,5.0,805.2456,0,,38.75825,43.26909,34.755672,39.12154,46.993202,45.060875
1173,5.25,804.5285,0,,38.86242,43.3843,34.86699,39.231937,47.10526,45.175865
1174,5.5,803.81555,0,,38.96592,43.49877,34.977604,39.341644,47.21661,45.29016
1175,5.75,803.1067,0,,39.068768,43.612503,35.087513,39.450653,47.327248,45.403767
1176,6.0,487.38354,0,,35.93156,42.066788,33.16451,37.426144,45.4527,43.927956
1177,6.25,488.00732,0,,35.88987,42.03672,33.132473,37.393574,45.421165,43.90759
1178,6.5,488.62457,0,,35.848583,42.006786,33.10062,37.3612,45.38981,43.887115
1179,6.75,489.23535,0,,35.8077,41.97698,33.06894,37.329014,45.35861,43.86652
1180,7.0,490.30444,0,,39.098473,41.775208,32.63232,36.917347,45.04415,43.617886
1181,7.25,490.9822,0,,39.053078,41.730038,32.587605,36.872715,44.999302,43.5792
1182,7.5,491.65524,0,,39.007786,41.685123,32.543133,36.82834,44.9547,43.5403
1183,7.75,492.32388,0,,38.962746,41.64044,32.498886,36.78418,44.910324,43.50118
1184,8.0,492.24344,0,,38.994534,41.68856,32.676506,36.95067,45.018116,43.548588
1185,8.25,492.82867,0,,38.95541,41.65379,32.64124,36.91524,44.983055,43.520554
1186,8.5,493.40872,0,,38.91659,41.619236,32.606194,36.88005,44.948208,43.492397
1187,8.75,493.9842,0,,38.87804,41.584812,32.571293,36.845,44.9135,43.463932
1188,9.0,508.8501,0,,38.210102,41.083374,31.840576,36.112705,44.294773,43.00308
1189,9.25,827.6918,0,,39.164074,41.589336,32.49527,36.803932,44.898243,43.4394
1190,9.5,827.525,0,,39.185898,41.584698,32.49704,36.807163,44.89795,43.434067
1191,9.75,827.3593,0,,39.20764,41.581165,32.499645,36.811172,44.898594,43.4298
1192,10.0,827.06506,0,,39.243736,41.581036,32.53677,36.848305,44.919254,43.466427
1193,10.25,826.884,0,,39.268295,41.586758,32.54705,36.85962,44.928143,43.47097
1194,10.5,826.7015,0,,39.29327,41.594746,32.559113,36.87262,44.93897,43.477486
1195,10.75,826.5179,0,,39.31854,41.604595,32.572628,36.886974,44.951366,43.48567
1196,11.0,826.9183,0,,35.69052,41.580116,32.377617,36.69879,44.83976,43.414387
1197,11.25,826.8121,0,,35.705357,41.571564,32.37416,36.696556,44.83467,43.404415
1198,11.5,826.7072,0,,35.71999,41.564056,32.37152,36.695065,44.83047,43.395485
1199,11.75,826.60345,0,,35.734432,41.557606,32.369682,36.69432,44.82716,43.387596
1200,12.0,826.4468,0,,35.772755,41.559406,32.420982,36.74346,44.8554,43.44686
1201,12.25,826.32806,0,,35.78969,41.563942,32.428207,36.751316,44.86175,43.449715
1202,12.5,826.20966,0,,35.806602,41.56959,32.436283,36.759968,44.86904,43.453632
1203,12.75,826.0916,0,,35.823483,41.576187,32.44508,36.769283,44.877117,43.458473
1204,13.0,825.7912,0,,35.91119,41.64563,32.61781,36.933235,44.9951,43.544167
1205,13.25,825.6356,0,,35.93404,41.669514,32.64121,36.956528,45.018642,43.56609
1206,13.5,825.48047,0,,35.956814,41.69321,32.664455,36.97967,45.042015,43.588005
1207,13.75,825.32587,0,,35.979507,41.716713,32.687546,37.002663,45.065224,43.60987
1208,14.0,824.761,0,,36.124863,41.885498,32.995796,37.29689,45.306953,43.83824
1209,14.25,824.5503,0,,36.155952,41.925095,33.03315,37.3337,45.344837,43.877586
1210,14.5,824.33954,0,,36.18705,41.96427,33.070198,37.370224,45.382397,43.916573
1211,14.75,824.1286,0,,36.218147,42.003017,33.106922,37.406445,45.419605,43.955185
1212,15.0,823.4164,0,,36.38352,42.193497,33.448235,37.734966,45.706207,44.175243
1213,15.25,823.1518,0,,36.4224,42.2438,33.495373,37.781376,45.753925,44.226566
1214,15.5,807.15,0,,38.69541,43.597954,35.090824,39.42369,47.309814,45.52004
1215,15.75,806.4123,0,,38.802574,43.71606,35.205,39.53698,47.424736,45.637714
1216,16.0,496.75363,0,,39.106285,42.089844,33.171593,37.409554,45.45206,44.08026
1217,16.25,497.55188,0,,39.051613,42.053986,33.132324,37.369457,45.41363,44.054005
1218,16.5,498.34497,0,,38.99721,42.01775,33.092834,37.329166,45.37495,44.027214
1219,16.75,499.13297,0,,38.943142,41.981163,33.053135,37.2887,45.33604,43.999874
1220,17.0,499.4797,0,,38.929733,41.97744,33.10261,37.334713,45.36549,44.0089
1221,17.25,500.22162,0,,38.878777,41.944977,33.06658,37.297848,45.330166,43.985306
1222,17.5,500.95917,0,,38.828106,41.91202,33.030235,37.260708,45.29449,43.961052
1223,17.75,501.69223,0,,38.77773,41.87862,32.993607,37.22332,45.258507,43.93616
1224,18.0,501.75143,0,,38.801704,41.913177,33.138382,37.361786,45.36702,44.00913
1225,18.25,502.3873,0,,38.75794,41.892258,33.11216,37.334503,45.341732,43.99583
1226,18.5,503.02213,0,,38.714252,41.870045,33.085014,37.306355,45.315468,43.981236
1227,18.75,503.6555,0,,38.670692,41.846714,33.05708,37.27748,45.288353,43.96549
1228,19.0,504.20718,0,,38.629574,41.819202,33.027905,37.247707,45.2597,43.95757
1229,19.25,504.83673,0,,38.58629,41.793568,32.99833,37.217323,45.230835,43.93947
1230,19.5,505.46326,0,,38.543205,41.767193,32.968254,37.186478,45.20143,43.92033
1231,19.75,506.08658,0,,38.50033,41.740143,32.937714,37.155224,45.17154,43.900215
1232,20.0,508.20572,0,,38.307743,41.5798,32.546192,36.775223,44.873333,43.749676
1233,20.25,508.96967,0,,38.254906,41.531902,32.497692,36.726604,44.82501,43.70347
1234,20.5,509.7296,0,,38.202282,41.48389,32.449135,36.67795,44.776615,43.656994
1235,20.75,510.4856,0,,38.149876,41.435783,32.40055,36.62928,44.728165,43.610294
1236,21.0,829.5561,0,,38.928978,41.68264,32.69808,36.975468,45.03535,43.79397
1237,21.25,829.2566,0,,38.971767,41.710453,32.72885,37.007027,45.065163,43.81182
1238,21.5,828.95764,0,,39.014523,41.738903,32.76015,37.039066,45.095547,43.831345
1239,21.75,828.6591,0,,39.05724,41.767975,32.79196,37.071575,45.12649,43.852398
1240,22.0,829.86664,0,,35.240543,41.604145,32.242756,36.546886,44.77435,43.586147
1241,22.25,829.7327,0,,35.26071,41.587006,32.233177,36.539097,44.76186,43.561802
1242,22.5,829.59985,0,,35.280567,41.571003,32.224537,36.532192,44.75044,43.53908
1243,22.75,829.4681,0,,35.300114,41.556118,32.216774,36.526093,44.740017,43.517925
1244,23.0,830.5902,0,,34.89013,41.157932,31.145098,35.532093,44.042534,43.01968
1245,23.25,830.5622,0,,34.89225,41.119026,31.116611,35.505535,44.010204,42.970074
1246,23.5,830.537,0,,34.893864,41.081062,31.088669,35.47947,43.978542,42.922012
1247,23.75,830.51465,0,,34.894985,41.044075,31.06129,35.45391,43.947544,42.87552
1248,0.0,823.8537,0,,29.547619,41.38583,32.032795,36.38501,44.588608,43.305557
1249,0.25,823.56506,0,,29.591616,41.410683,32.060673,36.413704,44.61528,43.32119
1250,0.5,823.2771,0,,29.635414,41.43608,32.088985,36.4428,44.642445,43.338066
1251,0.75,822.98975,0,,29.67902,41.462044,32.11774,36.4723,44.670113,43.35616
1252,1.0,824.8546,0,,28.956163,40.99794,30.574427,35.046066,43.709003,42.688408
1253,1.25,824.76917,0,,28.969381,40.962524,30.551712,35.02538,43.682285,42.643147
1254,1.5,824.6853,0,,28.98214,40.92815,30.529675,35.00533,43.656334,42.59944
1255,1.75,824.60333,0,,28.994446,40.894814,30.50828,34.985874,43.631115,42.55725
1256,2.0,823.11774,0,,29.587132,41.17529,31.697788,36.082134,44.3318,42.96367
1257,2.25,822.89923,0,,29.620007,41.18901,31.715012,36.100224,44.347645,42.97191
1258,2.5,822.681,0,,29.652765,41.20366,31.732954,36.118984,44.36429,42.981354
1259,2.75,822.46295,0,,29.685413,41.219204,31.75159,36.138386,44.381706,42.991947
1260,3.0,822.2301,0,,29.735285,41.230095,31.797611,36.182865,44.408222,42.958626
1261,3.25,822.0153,0,,29.767382,41.245678,31.816196,36.202194,44.42566,42.96984
1262,3.5,821.80096,0,,29.799376,41.262093,31.835428,36.22213,44.443825,42.98209
1263,3.75,821.5869,0,,29.831257,41.27928,31.855259,36.24262,44.462654,42.995285
1264,4.0,818.3912,0,,30.744444,42.006268,33.51173,37.82379,45.715145,43.90258
1265,4.25,817.9303,0,,30.811481,42.086426,33.587887,37.89909,45.79202,43.984837
1266,4.5,817.46967,0,,30.8785,42.166153,33.663715,37.97409,45.86855,44.066616
1267,4.75,817.00916,0,,30.945482,42.245438,33.739223,38.048782,45.94474,44.147923
1268,5.0,805.24335,0,,38.75858,43.26945,34.75602,39.121883,46.993557,45.06123
1269,5.25,804.52625,0,,38.862736,43.384655,34.867336,39.23228,47.10561,45.17622
1270,5.5,803.81335,0,,38.96624,43.499126,34.977943,39.341984,47.216953,45.290516
1271,5.75,803.10443,0,,39.069084,43.612854,35.087852,39.45099,47.32759,45.404114
1272,6.0,487.38705,0,,35.931324,42.066566,33.164288,37.42592,45.452477,43.927765
1273,6.25,488.0108,0,,35.889637,42.0365,33.13225,37.393353,45.420944,43.907402
1274,6.5,488.62802,0,,35.84835,42.00657,33.100403,37.36098,45.389587,43.886932
1275,6.75,489.2388,0,,35.80747,41.97676,33.068718,37.328796,45.35839,43.866333
1276,7.0,490.30774,0,,39.098248,41.77501,32.632114,36.91714,45.04395,43.617718
1277,7.25,490.98547,0,,39.05285,41.72983,32.5874,36.872513,44.9991,43.57903
1278,7.5,491.6585,0,,39.007565,41.68492,32.54293,36.828133,44.9545,43.540123
1279,7.75,492.32712,0,,38.96253,41.64024,32.49868,36.783978,44.910114,43.501007
1280,8.0,492.24673,0,,38.994316,41.688354,32.6763,36.950462,45.01791,43.548405
1281,8.25,492.83188,0,,38.955193,41.653587,32.641037,36.91504,44.982845,43.52037
1282,8.5,493.41196,0,,38.916374,41.619034,32.60599,36.879845,44.948,43.492214
1283,8.75,493.9874,0,,38.877827,41.58461,32.57109,36.8448,44.913292,43.463753
1284,9.0,508.85303,0,,38.209904,41.083187,31.840385,36.112514,44.294582,43.002903
1285,9.25,827.69165,0,,39.16408,41.5893,32.49525,36.80391,44.898216,43.439377
1286,9.5,827.5249,0,,39.185913,41.584667,32.49702,36.807144,44.897926,43.434048
1287,9.75,827.3592,0,,39.20765,41.58114,32.499626,36.811153,44.89857,43.42978
1288,10.0,827.06494,0,,39.243748,41.58101,32.536755,36.848293,44.919235,43.466408
1289,10.25,826.8839,0,,39.26831,41.586735,32.547035,36.859615,44.92813,43.47096
1290,10.5,826.70135,0,,39.293285,41.594727,32.559105,36.872612,44.938957,43.477474
1291,10.75,826.51776,0,,39.318558,41.604584,32.572624,36.88697,44.951363,43.48566
1292,11.0,826.9182,0,,35.69054,41.580112,32.377617,36.69879,44.83976,43.414387
1293,11.25,826.81195,0,,35.705376,41.57156,32.37416,36.696556,44.83467,43.40441
1294,11.5,826.7071,0,,35.72001,41.564053,32.37152,36.695072,44.83047,43.395485
1295,11.75,826.60333,0,,35.734447,41.557606,32.369682,36.69432,44.82716,43.387596
1296,12.0,826.4466,0,,35.772774,41.559406,32.420982,36.743465,44.8554,43.44686
1297,12.25,826.328,0,,35.789707,41.563942,32.428207,36.751328,44.86176,43.449715
1298,12.5,826.2095,0,,35.80662,41.56959,32.436295,36.759975,44.869045,43.453636
1299,12.75,826.0915,0,,35.8235,41.576187,32.445087,36.769287,44.877125,43.458477
1300,13.0,825.7911,0,,35.91121,41.645638,32.617817,36.933247,44.99511,43.544174
1301,13.25,825.6355,0,,35.934055,41.669525,32.64122,36.95654,45.01865,43.5661
1302,13.5,825.48035,0,,35.956833,41.69322,32.664463,36.97968,45.042027,43.58801
1303,13.75,825.32574,0,,35.979527,41.71672,32.687557,37.002674,45.06524,43.609882
1304,14.0,824.7608,0,,36.124878,41.885513,32.995804,37.2969,45.306965,43.838253
1305,14.25,824.55023,0,,36.155964,41.925102,33.033165,37.33371,45.344856,43.877594
1306,14.5,824.33936,0,,36.187065,41.964283,33.070213,37.370235,45.382412,43.916584
1307,14.75,824.1285,0,,36.218166,42.003025,33.106937,37.40646,45.419613,43.955196
1308,15.0,823.4162,0,,36.383537,42.193512,33.44825,37.734978,45.706223,44.17525
1309,15.25,823.1517,0,,36.42242,42.243816,33.495384,37.78139,45.75394,44.22658
1310,15.5,807.15,0,,38.69542,43.59796,35.090828,39.4237,47.309826,45.520042
1311,15.75,806.41223,0,,38.80258,43.716072,35.205013,39.536983,47.424747,45.637726
1312,16.0,496.75357,0,,39.106285,42.08985,33.171597,37.40956,45.45207,44.08027
1313,16.25,497.55182,0,,39.051613,42.05399,33.132328,37.36946,45.413635,44.05401
1314,16.5,498.34494,0,,38.99721,42.017754,33.092842,37.32917,45.374958,44.027218
1315,16.75,499.1329,0,,38.943142,41.981167,33.05314,37.288704,45.33604,43.99988
1316,17.0,499.4797,0,,38.929737,41.977448,33.102615,37.334713,45.365494,44.008904
1317,17.25,500.22162,0,,38.878777,41.94498,33.066586,37.29785,45.33017,43.98531
1318,17.5,500.9591,0,,38.828106,41.91203,33.03024,37.26071,45.29449,43.961056
1319,17.75,501.69217,0,,38.77773,41.878624,32.993614,37.223328,45.258507,43.936165
1320,18.0,501.75143,0,,38.801704,41.913185,33.138386,37.361794,45.36702,44.009132
1321,18.25,502.38724,0,,38.757946,41.892258,33.112164,37.334503,45.341736,43.99584
1322,18.5,503.02213,0,,38.71426,41.87005,33.085014,37.306355,45.315468,43.981243
1323,18.75,503.65543,0,,38.670692,41.846718,33.057083,37.27748,45.288353,43.965492
1324,19.0,504.20718,0,,38.62958,41.81921,33.02791,37.24771,45.2597,43.957573
1325,19.25,504.83673,0,,38.58629,41.793575,32.998333,37.217323,45.230843,43.939472
1326,19.5,505.46326,0,,38.54321,41.767193,32.968254,37.18648,45.20144,43.92033
1327,19.75,506.08658,0,,38.50033,41.740143,32.937717,37.155228,45.171543,43.90022
1328,20.0,508.20572,0,,38.307743,41.579807,32.5462,36.775223,44.873333,43.749676
1329,20.25,508.9696,0,,38.254906,41.531902,32.497692,36.72661,44.825012,43.70347
1330,20.5,509.7296,0,,38.202286,41.48389,32.44914,36.677956,44.77662,43.657
1331,20.75,510.4856,0,,38.14988,41.435783,32.40055,36.629284,44.728165,43.610294
1332,21.0,829.5561,0,,38.928978,41.68264,32.69808,36.975468,45.035355,43.793972
1333,21.25,829.2566,0,,38.971775,41.710457,32.72886,37.007027,45.065163,43.81182
1334,21.5,828.9576,0,,39.014523,41.738907,32.76016,37.039074,45.09555,43.83135
1335,21.75,828.6591,0,,39.05724,41.76798,32.79196,37.071583,45.126495,43.8524
1336,22.0,829.8666,0,,35.240543,41.604153,32.24276,36.546886,44.77435,43.586155
1337,22.25,829.73267,0,,35.26071,41.58701,32.233177,36.539104,44.761868,43.561802
1338,22.5,829.59985,0,,35.28057,41.571003,32.224545,36.532196,44.75044,43.539085
1339,22.75,829.4681,0,,35.300114,41.556118,32.216774,36.5261,44.740017,43.51793
1340,23.0,830.59015,0,,34.89013,41.157932,31.145098,35.5321,44.042534,43.01968
1341,23.25,830.5621,0,,34.89225,41.119026,31.116611,35.505535,44.01021,42.970074
1342,23.5,830.537,0,,34.893864,41.081066,31.088675,35.47947,43.978542,42.92202
1343,23.75,830.51465,0,,34.894985,41.044075,31.06129,35.45391,43.947548,42.875523
1344,0.0,823.8537,0,,29.547619,41.385838,32.032795,36.38501,44.588608,43.305557
