time,source_flow_lps,leak_flow_lps,p_true_J3,p_sensor_J3,p_true_J6,p_sensor_J6,p_true_J9,p_sensor_J9,p_true_J11,p_sensor_J11,p_true_J13,p_sensor_J13,leak_active
2025-01-01 00:00:00,17.341534951364427,0.0,69.90188265045074,69.74588503451467,66.87792988448398,66.99049756385494,68.86114507725414,69.00222978471282,72.81403348381868,72.5213782055206,61.80915301880596,61.61382609277661,False
2025-01-01 00:15:00,17.303063127389215,0.0,69.90300436409524,69.9004841904696,66.87932543496302,66.75136884582699,68.86273251782569,68.99464221405512,72.81615952146227,72.9328283117766,61.811334851721455,61.821239456355634,False
2025-01-01 00:30:00,17.34804881584751,0.0,69.90158664711679,69.7726927776843,66.87756161973441,66.93287423734678,68.86072617559957,68.71689378547522,72.81347245451008,72.94523999970616,61.80857726596555,61.80108837931761,False
2025-01-01 00:45:00,17.187658171600706,0.0,69.90365851032217,70.08703971112328,66.88013927375756,66.85695985144724,68.86365826056355,68.79940908723908,72.81739935616488,72.76457932359165,61.81260722437776,61.89245360221076,False
2025-01-01 01:00:00,17.394618771836896,0.0,69.90168133336897,69.96630448382015,66.87767942114048,67.19892656127105,68.86086017485955,68.79989792240185,72.81365191790287,72.73681550854214,61.80876143915681,61.68669552991963,False
2025-01-01 01:15:00,17.514279911669682,0.0,69.90037144604797,69.88327932739973,66.87604975933944,66.75002628779505,68.85900643234005,68.73533424998637,72.81116922566962,72.90875814384331,61.80621359168576,61.91770171736628,False
2025-01-01 01:30:00,17.214228026995915,0.0,69.90360614457732,69.93843034303734,66.88007412429573,66.89757699566684,68.86358415296189,68.89638744247124,72.81730010485825,72.94801442155048,61.81250536834129,61.846044700657494,False
2025-01-01 01:45:00,17.253008494055276,0.0,69.90225408386719,69.94562199367068,66.87839199358359,66.97308522745938,68.86167072698458,68.64309735400623,72.81473747937888,72.76678679692529,61.809875489873335,61.73931959172941,False
2025-01-01 02:00:00,17.25497888553672,0.0,69.90281282396974,70.1270540206549,66.879087135362,66.74921246800801,68.86246145170487,69.0077032048936,72.81579648628029,72.56336602053793,61.81096228912271,61.76072953462485,False
2025-01-01 02:15:00,17.390671905799817,0.0,69.90113365155256,70.00781763852149,66.87699803723747,66.99600012251746,68.8600850997413,68.80777633890403,72.81261387030132,72.74326110140163,61.807696149258604,61.936392531447176,False
2025-01-01 02:30:00,17.073439634009404,0.0,69.90428033425337,69.73428725215285,66.8809128996195,66.74299505671927,68.86453826103572,68.93911237264378,72.81857792887084,72.83994178928143,61.81381672729077,61.91738953040094,False
2025-01-01 02:45:00,17.363127082822412,0.0,69.90128414294969,69.9951227020448,66.87718526714441,66.83078328618637,68.86029807401567,68.92881435964928,72.81289910386069,72.71361021270069,61.80798886842581,61.75353079144105,False
2025-01-01 03:00:00,17.267654298312323,0.0,69.90304166055239,69.97608753267022,66.87937183636761,66.8089614853372,68.86278529948663,68.86465941729578,72.81623021122537,72.88834221006125,61.811407396651404,61.8783870730559,False
2025-01-01 03:15:00,17.459922218942395,0.0,69.89980546307993,69.8363107162733,66.87534560654065,66.86338787490469,68.85820545757193,68.60510529247823,72.81009649101796,72.5930296201545,61.80511270441801,61.606707762564845,False
2025-01-01 03:30:00,17.746048770248645,0.0,69.89679220879324,69.76097035048923,66.87159674560483,66.81487236249893,68.85394112314881,69.04882536781672,72.8043853257182,72.75094573005899,61.79925165653185,61.90987899180191,False
2025-01-01 03:45:00,18.035540786827287,0.0,69.89457257221902,69.75206926398243,66.86883524323783,66.81798028185274,68.85079991044319,68.97684613106179,72.80017834211343,72.54108027863457,61.79493426575968,61.860097812291556,False
2025-01-01 04:00:00,18.55426407575604,0.0,69.89000124075386,69.6730925625956,66.86314794162834,66.87396736778543,68.84433059711222,68.76490669075265,72.79151407844546,72.82641551014866,61.786042619030724,61.78932044085924,False
2025-01-01 04:15:00,19.271353048172028,0.0,69.88090954219905,69.72738491830577,66.85183674439445,66.87872808963789,68.83146409484478,68.86446359744055,72.7742821463339,72.97816028261997,61.768358455821286,61.89362514270847,False
2025-01-01 04:30:00,20.732194508476567,0.0,69.86393291507581,69.68561845692739,66.83071572101242,66.73475299109997,68.80743890196587,68.66845251075503,72.74210553111637,72.683634060643,61.7353374044761,61.52883448234265,False
2025-01-01 04:45:00,22.137942041302473,0.0,69.84890828891335,69.62828734473796,66.81202322819989,66.65968636601876,68.7861761659191,68.83320324303664,72.71362863689517,72.83934762207932,61.70611316880455,62.005622802558314,False
2025-01-01 05:00:00,24.102329603377164,0.0,69.81848526972243,69.67005455171766,66.77417323037545,66.45436628826576,68.74312174181513,68.7832784611667,72.65596643019441,72.53402526589787,61.64693768762764,61.58463409860069,False
2025-01-01 05:15:00,26.8010750130905,0.0,69.77926516181837,69.93916219643651,66.72537856638996,66.74893585150677,68.68761774503862,68.66382251948282,72.58163067953797,72.42628261661409,61.570651085615125,61.319448643909475,False
2025-01-01 05:30:00,30.386350297223235,0.0,69.72048921327317,69.98567870031015,66.65225401847428,66.67179519669521,68.60443847213674,68.7518493987902,72.47022980664009,72.39533546685922,61.45632663231294,61.278585067350384,False
2025-01-01 05:45:00,34.810539908699525,0.0,69.64405927899485,69.96332973886012,66.55716572930737,66.43395772742372,68.49627541363141,68.62204879419185,72.32536848828003,72.18992941156698,61.30766360485782,61.44739955678896,False
2025-01-01 06:00:00,40.091933519694926,0.0,69.53188727993943,69.52577290101911,66.41760989188151,66.3193917375671,68.33753045838499,68.4044412886073,72.11276352113362,72.04451599908249,61.089479078955335,60.90563821439025,False
2025-01-01 06:15:00,46.608025827172874,0.0,69.38814204114543,69.625005729607,66.23877304003969,66.2627717820757,68.13410329571174,68.11630754679526,71.84031627914267,71.88319020008305,60.80988179049551,61.00578205175153,False
2025-01-01 06:30:00,52.69839779137459,0.0,69.22277011416962,69.3887134206786,66.03302991385692,66.09734337962617,67.9000702093101,68.1304336081095,71.5268789382937,71.55436410387699,60.48821866789234,60.30454831313426,False
2025-01-01 06:45:00,61.01586474415925,0.0,68.9840072230719,69.24255708118939,65.73597935316477,65.70905147117237,67.56217479172837,67.50469669355797,71.0743401849052,71.29355682874153,60.02380358537661,59.85774673307009,False
2025-01-01 07:00:00,67.67574009398247,0.0,68.77809499998025,68.71890423155132,65.47979908561358,65.47903080560556,67.27076938828884,67.24625295351017,70.68406487739429,70.73470105971413,59.62328597714,59.834408256337056,False
2025-01-01 07:15:00,74.08930272243684,0.0,68.5504614798756,68.24293566472095,65.19659483863646,65.18928707834694,66.94862417142649,66.82213963088256,70.25262015437237,70.06979819530882,59.18051851215964,59.04879565712032,False
2025-01-01 07:30:00,80.17798395741858,0.0,68.33295396415359,68.13399505649265,64.92598859323996,64.93058331712912,66.64080919852952,66.56818378352949,69.84036773288042,69.79121676872613,58.75744702731794,58.90786070111363,False
2025-01-01 07:45:00,84.25323440200438,0.0,68.15052028821877,68.12734443633128,64.69901854158584,64.59462714983523,66.38263045547798,66.3490516329459,69.49459244131793,69.53096696000861,58.40259728381973,58.42908328758779,False
2025-01-01 08:00:00,85.63059860999718,0.0,68.0887484458561,68.12298269537693,64.62216673130469,64.99978783693477,66.29521141655631,66.57673810824856,69.37751330724984,69.24952680466602,58.28244555028981,58.23933804605743,False
2025-01-01 08:15:00,86.17118724124232,0.0,68.0849463034897,68.13228705402825,64.61743639604785,64.79831443918108,66.28983065375556,66.18046807809402,69.3703069245544,69.27218495854423,58.27505004484614,57.95295669038534,False
2025-01-01 08:30:00,85.31939989224368,0.0,68.15138670205972,68.07197078795481,64.70009646754019,64.56856735081506,66.38385659771993,66.36971721458204,69.49623459700501,69.23257533830152,58.404282535885315,58.18422574907667,False
2025-01-01 08:45:00,81.52740987193641,0.0,68.27811908750887,68.11360125074067,64.8577672261008,65.133304255349,66.5632073004426,66.99896737582866,69.736436562484,69.5607015681602,58.65078830977339,58.59555096625518,False
2025-01-01 09:00:00,79.22113261357748,0.0,68.36148221729397,68.21345365552973,64.96148126780069,64.92468959090938,66.68118216420866,66.79778280061792,69.89443869865377,69.95965360982376,58.81293701981757,58.75651360913305,False
2025-01-01 09:15:00,71.49512428517357,0.0,68.65650751982915,68.62078145823295,65.3285292254357,65.28857110193435,67.09869971619922,67.13352519964316,70.45361429756501,70.37031521474216,59.38678750215675,59.45751828053852,False
2025-01-01 09:30:00,65.84214182411864,0.0,68.83708156848344,68.88984502974333,65.55318567080106,65.56115897293773,67.35424672894447,67.35425938790819,70.79586494839518,70.68763124336375,59.73802010501383,59.785494244264825,False
2025-01-01 09:45:00,60.36487064606631,0.0,69.01250598714364,69.24850922251493,65.77143533967765,65.82931232256112,67.60250602470309,67.48804744324887,71.1283552586331,70.9614935378356,60.07923621901209,60.257907661975416,False
2025-01-01 10:00:00,52.81801219475083,0.0,69.22889903714396,68.96721113909783,66.04065505190742,66.17977082414114,67.90874381423347,67.97690686496563,71.53849537981723,71.37193077715506,60.50013996879375,60.429411247676256,False
2025-01-01 10:15:00,45.985168053962916,0.0,69.39069424659216,69.34686856872163,66.2419482992077,66.22642505899782,68.13771515734234,68.0999185506113,71.8451535964743,71.86803797328967,60.81484605733655,61.03556985328552,False
2025-01-01 10:30:00,41.273818622015646,0.0,69.51687654357585,69.54335340678172,66.3989346796963,66.44333377814937,68.31628737907545,68.26050019187726,72.08431295291442,71.82080468554263,61.0602818601797,61.109481182736815,False
2025-01-01 10:45:00,36.22339932196716,0.0,69.61942246275271,69.74899666480744,66.52651448344271,66.47723569997427,68.46140957969145,68.45221092781712,72.27867314940876,72.12073837280317,61.25974280361672,61.20957437776334,False
2025-01-01 11:00:00,33.30967574516762,0.0,69.67303006127524,69.93287680208674,66.59320896483909,66.76982074818575,68.53727464316529,68.60313764500472,72.38027820074657,72.64186837967175,61.364014355937414,61.42986332974816,False
2025-01-01 11:15:00,30.168230697635796,0.0,69.7257751589409,69.73575703131979,66.65883038851725,66.5542168150222,68.61191910202238,68.76035669221162,72.48024851286355,72.30350296939632,61.46660826729479,61.58396081865744,False
2025-01-01 11:30:00,28.522853936289103,0.0,69.75102038694078,69.86365073525047,66.69023857384158,66.9633354974886,68.6476459556291,68.7572621592999,72.52809700370544,72.29229096535745,61.515712483577275,61.505669507642544,False
2025-01-01 11:45:00,26.74389886331492,0.0,69.7789397776956,70.0056240426871,66.724973748306,66.82060381994066,68.68715726391639,68.58231769962958,72.58101396341162,72.42895635844556,61.570018184524244,61.57493549845568,False
2025-01-01 12:00:00,26.041942885201696,0.0,69.79156902080784,69.83837044154053,66.74068608840356,66.91398289381956,68.70503007218873,68.7963442930224,72.60495077330678,72.26125734701706,61.59458318687905,61.64023819623359,False
2025-01-01 12:15:00,26.036702116265506,0.0,69.79379577163756,70.03622722388525,66.74345644178406,66.43397070026334,68.70818135293428,68.61951583915561,72.60917124090123,72.69780718932023,61.5989144155118,61.36167525559371,False
2025-01-01 12:30:00,25.71243075854,0.0,69.79667152907692,69.92365912695342,66.74703423963967,66.6613926904114,68.71225110287055,68.83431565636549,72.614621801835,72.77489253523335,61.60450801978736,61.639439722807936,False
2025-01-01 12:45:00,25.520620286267842,0.0,69.79753859724083,69.66803680752993,66.7481129796527,66.72598367761665,68.7134781711054,68.69059979123755,72.61626519769189,72.67377427734492,61.60619454456956,61.75616818160611,False
2025-01-01 13:00:00,25.566228038433835,0.0,69.79847507250197,70.02069340465081,66.74927807067716,66.63773983635528,68.71480346373342,68.59146596113987,72.6180401441474,72.64838607292208,61.608016072335815,61.734673850908614,False
2025-01-01 13:15:00,25.78273495313822,0.0,69.792212237108,69.92073133449298,66.74148632901769,66.8677593390512,68.70594034697788,68.7890578221765,72.6061698919954,72.95531785704732,61.59583429985469,61.56506004652478,False
2025-01-01 13:30:00,25.931200893652747,0.0,69.79062024904167,69.72196533439815,66.73950569900632,66.75568776565777,68.70368737764093,68.90011998037001,72.60315252069618,72.36281358953734,61.592737741315986,61.40499065920007,False
2025-01-01 13:45:00,25.49431200352461,0.0,69.79958740248267,69.86553289338522,66.75066194671804,66.82929012313996,68.71637762461572,68.757818751515,72.62014839648283,72.40823351389898,61.61017965318936,61.26366413769447,False
2025-01-01 14:00:00,25.608782315892782,0.0,69.79862774636763,69.86753561212512,66.74946801584491,66.8547610597781,68.71501952662052,68.73575574142933,72.61832951424384,72.73234947705022,61.60831303659843,61.64269474271569,False
2025-01-01 14:15:00,25.450446392415852,0.0,69.7997509352758,69.77280922320108,66.75086540173434,66.78038181623289,68.71660905497396,68.83968832628658,72.62045834802527,72.56139717219158,61.61049773903302,61.688672827392836,False
2025-01-01 14:30:00,25.580018550993003,0.0,69.79723902080221,69.92166687710582,66.74774026951904,66.44878121386093,68.71305421282042,68.51858336360921,72.61569739610658,72.39336958649017,61.60561184172231,61.255569423745065,False
2025-01-01 14:45:00,26.127549099020214,0.0,69.7922741515291,69.74954154157172,66.74156335821354,66.77123187050482,68.7060279677931,68.86941059229973,72.60628724136573,72.8054401612059,61.59595472891654,61.585584038707616,False
2025-01-01 15:00:00,26.17319235431114,0.0,69.79075441935878,69.66514468578465,66.73967262347156,66.65051257064175,68.70387725444756,68.4817967775628,72.6034068201298,72.47018674206976,61.59299871452896,61.5392962113178,False
2025-01-01 15:15:00,26.829362350475826,0.0,69.77660913176022,69.56928190445367,66.72207413656692,66.7809982568059,68.68385895161187,68.52777736073824,72.57659657844304,72.64780114171252,61.565484870660285,61.54582187305713,False
2025-01-01 15:30:00,27.62105534810634,0.0,69.7671088763635,69.67635876944219,66.71025464410167,66.63016960834564,68.67041426282601,68.50995140113255,72.55859028896347,72.46044779746033,61.547006028015716,61.611189594119956,False
2025-01-01 15:45:00,28.653147045452247,0.0,69.7504731847104,69.80476146279973,66.68955778660286,66.88765703493209,68.64687155921732,68.59545363658766,72.52705986508633,72.30553119255947,61.51464812651663,61.67473148900243,False
2025-01-01 16:00:00,30.614874686846463,0.0,69.71875121132196,69.77625777829932,66.65009172913477,66.63042109960428,68.60197886506649,68.65429524917343,72.46693568822509,72.75958757224404,61.452946063767016,61.76449314312508,False
2025-01-01 16:15:00,32.40015385577396,0.0,69.68552530988256,69.84696133350252,66.6087545992036,66.4819054442885,68.55495782343908,68.60491837933182,72.40396104443329,72.4000816172402,61.388318727049494,61.435404958768125,False
2025-01-01 16:30:00,34.78048160046959,0.0,69.64651581845418,69.33556830305548,66.56022196815755,66.3926143512091,68.49975188948827,68.43095059674737,72.33002448527972,72.2860457472824,61.312441792835315,61.60302646719974,False
2025-01-01 16:45:00,38.02887932613641,0.0,69.57846915743082,69.63062542529846,66.47556350755144,66.41450177209889,68.40345277518365,68.36079819947764,72.20105238659983,72.22885123401214,61.18008497830357,61.27296064584988,False
2025-01-01 17:00:00,42.660939802680815,0.0,69.48013709715994,69.30884636323857,66.35322626534771,66.35417712470206,68.26429399546647,68.65394505445585,72.01467891889506,72.04814088028886,60.988820365638375,61.2038025416293,False
2025-01-01 17:15:00,46.718449281470726,0.0,69.38747908465652,69.37896160549762,66.23794824018972,66.21238710301509,68.13316508475845,68.01624272524963,71.8390597459282,71.90360494977183,60.808592281095216,60.68086170271735,False
2025-01-01 17:30:00,50.865703161363946,0.0,69.26956787656597,69.32454758765155,66.09125211704377,66.04831480701041,67.96629804477527,68.03439288167158,71.61557698076946,71.56927602243749,60.57924448260309,60.71957655142286,False
2025-01-01 17:45:00,54.58987295818709,0.0,69.1694859575735,68.8708641583049,65.96673783421205,65.74247870967797,67.82466287837705,68.02924221284914,71.4258869219442,71.56016466923995,60.38457623891762,60.2766542039249,False
2025-01-01 18:00:00,57.22891351159983,0.0,69.09320622021609,69.0116818940262,65.87183640858727,66.23489866042438,67.7167123774055,67.78194501812504,71.28131027900866,71.19737443610124,60.23620535784721,60.305967389272254,False
2025-01-01 18:15:00,62.82419131165489,0.0,68.92918206490263,68.944103685855,65.66777007701076,65.6548549792376,67.4845866471536,67.60320756540712,70.97042743440124,71.02212421833666,59.91716377113221,60.01741267384841,False
2025-01-01 18:30:00,67.36009963280864,0.0,68.80032141883989,69.04466196098349,65.50745149907728,65.36192907112957,67.30222404628614,67.16906969792896,70.72619167455616,70.92655932500419,59.66651834085155,59.63781674284729,False
2025-01-01 18:45:00,68.18878469019077,0.0,68.7513612526224,68.969618089063,65.44653899814547,65.46626187066629,67.23293599347,67.2716703169684,70.63339512445619,70.86810282770668,59.571286458169325,59.5170208865527,False
2025-01-01 19:00:00,69.1318258663807,0.0,68.70523588553574,68.77308597813222,65.3891533378688,65.15428947704173,67.16765972670505,67.26328036210272,70.54597150504446,70.4651558074018,59.48156851220574,59.65374041131577,False
2025-01-01 19:15:00,69.7845830361196,0.0,68.70424839656066,68.45127817387554,65.38792477947598,65.26399035952139,67.16626223985911,67.20341212502545,70.54409986985128,70.51721587603382,59.47964775822352,59.44164112288132,False
2025-01-01 19:30:00,69.75192467227603,0.0,68.70973216925633,68.55845176296486,65.39474727080398,65.50077471693884,67.17402283304176,67.27342272859958,70.55449352712424,70.61224921777266,59.490314184389064,59.57379420080175,False
2025-01-01 19:45:00,68.72852096805985,0.0,68.73348836513058,68.7204242394727,65.42430291603804,65.37824043328786,67.20764241977143,67.09461328271783,70.59951978399683,70.44468038341014,59.536522100604614,59.34985133246445,False
2025-01-01 20:00:00,64.62194875492396,0.0,68.87615988786267,68.92630415713732,65.6018039323288,65.60947524111162,67.40955006768496,67.29471977607051,70.86993196046348,71.00495964506646,59.814030915720835,59.924942816565974,False
2025-01-01 20:15:00,60.41575110089514,0.0,69.0023992179385,69.08466340606297,65.75886126903647,65.78705730715939,67.58820300221392,67.37098391330166,71.10919941445725,71.09900237605959,60.05957765300644,60.0988830248176,False
2025-01-01 20:30:00,56.33801083682266,0.0,69.11357454608032,68.89535117329164,65.89717712460266,66.09760503960449,67.7455374764052,67.93272997416412,71.31991534344236,71.28203774329691,60.27582356523885,60.33034171591471,False
2025-01-01 20:45:00,51.39934222326077,0.0,69.26080479604724,69.21673795802442,66.0803497612818,65.91952980806776,67.95389660023935,68.06105607263395,71.59896789417498,71.89856237378717,60.562199510733734,60.38570730281934,False
2025-01-01 21:00:00,47.31654864411693,0.0,69.36375675029603,69.60542417257098,66.20843472286587,66.02507857598489,68.09959341858422,68.13694883693026,71.79409766840607,72.06729249602803,60.76245022853912,60.51468635631223,False
2025-01-01 21:15:00,42.52326676814892,0.0,69.4806697469695,69.40258148504118,66.35388894757548,66.47577914073852,68.26504779740364,68.30129675537677,72.01568847561333,71.74944416666702,60.98985641694475,61.06716797737987,False
2025-01-01 21:30:00,38.63718809297087,0.0,69.56152741068355,69.46738928021801,66.45448587967027,66.35899358720494,68.37947694474612,68.4606466863668,72.16894188183096,72.2833808541815,61.147131772395426,61.214346676985855,False
2025-01-01 21:45:00,34.4054795412853,0.0,69.6473544493243,69.49220824157314,66.56126532866068,66.59655674539893,68.50093871348238,68.28737854817253,72.33161398257047,72.39856230470194,61.31407300454906,61.19308316890295,False
2025-01-01 22:00:00,31.10368254917172,0.0,69.71080574722943,69.74705242548094,66.6402065893093,66.54811006910036,68.59073450504441,68.80841133239757,72.4518762692384,72.38577840600294,61.43749142864688,61.44230757974252,False
2025-01-01 22:15:00,27.367735966294514,0.0,69.76722652019815,69.83789696420814,66.71040100757916,66.63038315550446,68.67058075148114,68.60883500314871,72.55881326496282,72.76320966093333,61.54723485574894,61.39114694787207,False
2025-01-01 22:30:00,25.65831273481178,0.0,69.79682579086499,70.17922498375604,66.74722616037926,66.68643577056186,68.71246941297335,68.42194370688033,72.61491418159693,72.56834158516754,61.60480807270055,61.56187463022445,False
2025-01-01 22:45:00,22.972797430312227,0.0,69.83488674321909,69.92182091459055,66.79457869152543,66.87325479781835,68.76633298168001,68.54217213870712,72.68705292917149,72.79193243892571,61.678840013957625,61.98674276124951,False
2025-01-01 23:00:00,21.680462332439102,0.0,69.85349826841374,69.83219778625262,66.81773373027113,66.91002224531641,68.79267186980695,68.53307112898086,72.72232824507823,72.74698685052482,61.715041087622424,61.656471495203,False
2025-01-01 23:15:00,20.32748618741527,0.0,69.86836622941529,70.11854937108322,66.83623131225113,66.67067020758383,68.81371289451602,68.90180176953643,72.75050820430948,72.79841824387817,61.74396059560638,61.613603508426664,False
2025-01-01 23:30:00,19.64464993016601,0.0,69.87620079778114,69.82763204213815,66.84597848407992,66.59218408670446,68.82480031575388,68.82216589178226,72.76535743730933,72.62999397309045,61.75919952866414,61.70784838786456,False
2025-01-01 23:45:00,18.43499229887932,0.0,69.89023551618205,69.64788676528394,66.86343940923024,66.93574943455907,68.84466214190662,68.76625433748117,72.79195811189535,72.40724646062228,61.78649830559836,61.90422491108958,False
2025-01-02 00:00:00,17.183265601233018,0.0,69.90371995801473,69.70619542635599,66.88021572228543,67.00558690673257,68.86374522086821,68.91614781425227,72.81751582092225,73.17490616332486,61.812726745611,61.87575503541974,False
2025-01-02 00:15:00,17.218135654093135,0.0,69.90273511872303,70.02525149880314,66.87899046042648,66.9727532406137,68.86235148383396,69.05011023511874,72.81564920780116,72.73745077000557,61.81081114549903,61.74550002455744,False
2025-01-02 00:30:00,17.483078288662455,0.0,69.90099934755379,70.1257555135983,66.87683094645566,66.80800487248327,68.85989503374924,68.79617897458027,72.81235931749411,72.85947090107459,61.80743491602263,61.770570691020694,False
2025-01-02 00:45:00,16.877536592334966,0.0,69.90646147376475,69.78245571672721,66.88362650687995,66.76626405678573,68.86762499299232,68.5195715911344,72.82271194714686,72.67816618049153,61.81805923784796,61.68078582047107,False
2025-01-02 01:00:00,17.409227891832288,0.0,69.90040777532691,69.8636486776483,66.87609495745467,66.721472899414,68.85905784525774,68.8505146640757,72.81123808229357,72.96861412550977,61.806284255368084,61.659890432950846,False
2025-01-02 01:15:00,17.37689450851903,0.0,69.90140969474466,69.86817927738504,66.87734146910242,66.97446417270884,68.86047575395573,68.85842873518644,72.81313706819634,72.91838661540977,61.80823307784598,61.65297136073989,False
2025-01-02 01:30:00,17.23957663225718,0.0,69.90278716021894,69.72040352160332,66.87905520648268,66.64453351430237,68.86242513256103,68.96528748785222,72.81574784454317,72.76310498721047,61.810912370842374,61.65757032859528,False
2025-01-02 01:45:00,17.534166756837468,0.0,69.9003270587104,69.55821638190461,66.8759945360027,66.6514987325172,68.85894361571934,68.72051064943506,72.81108509622095,73.030261926229,61.806127254362096,61.84851530179999,False
2025-01-02 02:00:00,17.113198324825465,0.0,69.90436830083058,69.73643791954001,66.88102234091906,66.94819439842746,68.86466275066309,68.8734039003034,72.81874465614159,72.9010554789712,61.813987830115934,61.785837181476666,False
2025-01-02 02:15:00,17.412249634915863,0.0,69.90191152904195,70.01857663740469,66.8779658130225,66.99901705531417,68.86118594601554,68.61820514685677,72.81408821879705,72.47699793549593,61.80920919023728,61.959470999885006,False
2025-01-02 02:30:00,17.12135949600759,0.0,69.90382182967316,69.62484651869131,66.88034246322549,66.89519768637656,68.86388938886014,69.00351512281273,72.81770890315997,73.08734808152512,61.81292489505718,61.8903695308724,False
2025-01-02 02:45:00,17.285280016454628,0.0,69.90319519075962,69.90491288451021,66.8795628469301,66.83467314134731,68.8630025742618,68.71074238840248,72.81652120438719,73.12383455201667,61.811706026574754,62.079481286885574,False
2025-01-02 03:00:00,17.320868503594433,0.0,69.90254130218044,70.03079420082503,66.87874932868115,66.97469329010583,68.86207719614504,68.92845903977565,72.8152818580167,73.00273164807327,61.810434155066346,61.90573982649554,False
2025-01-02 03:15:00,17.777684761532512,0.0,69.89843524094431,69.94955395214463,66.87364088076949,66.60609921131235,68.85626632968415,68.86880949129574,72.80749944331825,72.72407064949088,61.80244750036043,61.61047135671443,False
2025-01-02 03:30:00,17.969453337815477,0.0,69.89424737813896,70.0981304681833,66.86843066159037,66.90671267411875,68.8503396982679,69.0529334664108,72.79956198618397,72.80136996327425,61.794301734318566,61.82472132585323,False
2025-01-02 03:45:00,18.19201611410256,0.0,69.89339086860036,69.90244875786402,66.86736505781288,66.6719672402877,68.8491275725189,68.8414480057464,72.79793860259592,72.7859791680174,61.79263574700286,62.06226992199956,False
2025-01-02 04:00:00,18.493101447719756,0.0,69.88875694191047,69.92607503838063,66.86159988000364,66.86823173671927,68.84256967490461,68.81213257718528,72.78915569919802,72.62679161958978,61.783622346988565,61.76096456534753,False
2025-01-02 04:15:00,19.129576043354813,0.0,69.88313496623405,69.95981823841618,66.85460544707814,66.91329514606812,68.83461349792047,68.56660737121526,72.77850009919044,72.76009740356616,61.772687103719946,61.92204231160493,False
2025-01-02 04:30:00,20.6965210647767,0.0,69.86501741827078,69.870854399306,66.83206497709094,66.70530817789556,68.80897368259386,68.64641885849015,72.74416104201097,72.79585177772353,61.737446859753874,61.794338864908646,False
2025-01-02 04:45:00,22.12161331902361,0.0,69.84517931894035,69.82534502046067,66.80738392844862,66.62075304661948,68.78089895612997,68.73303296657834,72.70656094134492,72.7391456205665,61.698859990181546,61.668547503373134,False
2025-01-02 05:00:00,24.148982179556764,0.0,69.81902564791444,69.74343198670286,66.77484552766663,66.68063561510782,68.74388648090002,68.79060440604553,72.65699063488654,72.59669174786715,61.647988771326084,61.68460442967284,False
2025-01-02 05:15:00,26.587860961941487,0.0,69.78333593428967,69.71114976570985,66.73044311071465,66.94610965170212,68.69337867110943,68.51906674419928,72.58934620974871,72.27184804240314,61.578569100531325,61.29929232754495,False
2025-01-02 05:30:00,30.392236830696298,0.0,69.72005036693645,69.70240873862268,66.65170803936596,66.83383651370524,68.60381742015704,68.2028922551916,72.46939804014056,72.52878812130518,61.45547303711338,61.68968876738391,False
2025-01-02 05:45:00,34.83108801559531,0.0,69.64176223237592,69.52882844479163,66.55430791927273,66.4201560123611,68.49302465082259,68.44408535006913,72.32101478570662,72.5351375782593,61.30319564465607,61.5788036459792,False
2025-01-02 06:00:00,41.65303713098151,0.0,69.5138281392589,69.5191646108066,66.39514208777635,66.65819574178151,68.31197330059827,68.29797850315025,72.07853516607703,72.09819383998395,61.054352442354684,61.10917361325111,False
2025-01-02 06:15:00,46.888496957587236,0.0,69.38044240289808,69.27435272340536,66.22919373796314,66.37454341850452,68.12320682654578,68.06893194598314,71.82572278566468,71.7522602582295,60.794905308532336,60.931195512516155,False
2025-01-02 06:30:00,53.1456645309226,0.0,69.21277486498376,69.21487264826355,66.02059458790956,66.07108205690037,67.88592500909928,67.9496698937147,71.50793446335624,71.21738942345043,60.468777018253704,60.56876291854513,False
2025-01-02 06:45:00,59.27500036291084,0.0,69.04052131999745,69.03175963341864,65.80628987797688,65.81888702847405,67.6421531095152,67.53812718482936,71.1814540619989,71.3061088406491,60.13372853588433,59.9324022609287,False
2025-01-02 07:00:00,66.31992344000818,0.0,68.80556747825956,68.79857938770866,65.5139782456956,65.55580788839268,67.30964822945853,67.158464287015,70.73613478246148,70.84477718407992,59.67672239352932,59.68617274877952,False
2025-01-02 07:15:00,72.54397829758769,0.0,68.61911487486351,68.61726698092411,65.2820081513201,65.24886305365214,67.04578193099789,67.03026891396169,70.38274222502113,70.3785448565416,59.31405547827575,59.347889454202274,False
2025-01-02 07:30:00,77.61424941178808,0.0,68.39443603189743,68.2186402929623,65.00247988806329,64.83848130938019,66.72781815062669,66.771155650702,69.95689764322213,70.1436397500191,58.877035123412824,58.8123342076769,False
2025-01-02 07:45:00,82.42513297407247,0.0,68.25200397927915,68.12704847085975,64.82527680220575,64.74161746908146,66.52624939898686,66.46499110489866,69.68693934594187,69.69272651438901,58.59999209899017,58.553230149366804,False
2025-01-02 08:00:00,85.42476858551527,0.0,68.11576702530556,67.98641933138423,64.65578118511557,64.72761251589364,66.333447903573,66.10310159308409,69.42872291610554,69.48717667190354,58.334999093040025,58.35038207059897,False
2025-01-02 08:15:00,87.73799153156111,0.0,68.0064804027062,67.913149285912,64.51981511279159,64.8288598383702,66.17878631102182,66.1449715936376,69.22158674127625,69.03003427453072,58.12242688125693,58.13291481840615,False
2025-01-02 08:30:00,85.35207223717464,0.0,68.14062230970212,68.20017730470445,64.686704232379,64.77004154567652,66.36862291197437,66.27529775693623,69.4758323281428,69.62394309989976,58.383344834293595,58.556970997996764,False
2025-01-02 08:45:00,82.72514150646364,0.0,68.21896617242606,68.42348047923892,64.78417368519864,64.50205392100253,66.47949454737957,66.4318085650853,69.62432120683636,69.49427041838784,58.535730622990755,58.55361450215987,False
2025-01-02 09:00:00,77.78902650480302,0.0,68.41755623920476,68.69988247123537,65.03124428487712,65.00578631541406,66.76053769119997,66.8226065387785,70.00071848047546,69.96587808098683,58.92200598523745,58.93336297843097,False
2025-01-02 09:15:00,72.49753617093468,0.0,68.6101487961473,68.78494492647938,65.27085324069887,65.51796234033937,67.03309320496527,67.07953621725164,70.36574838621148,70.45418041911682,59.296615656837346,59.12398598045951,False
2025-01-02 09:30:00,66.46077686218362,0.0,68.82014775190787,68.95004304767045,65.53211790903414,65.5638593689534,67.33028212122527,67.46324121516047,70.76376947406082,70.8373844804099,59.70508232399561,59.88512826273451,False
2025-01-02 09:45:00,58.96142243984524,0.0,69.05592480427589,69.10630099281585,65.82545371713326,65.38586456075534,67.66395200267043,67.72138486312818,71.21064902416877,70.66338710038656,60.16368968432441,59.9051701732136,False
2025-01-02 10:00:00,52.76057700639572,0.0,69.2289361892758,69.05457187225481,66.04070127375344,65.9338859674716,67.90879639164625,68.11437753993837,71.53856579603355,71.46596127629765,60.50021223299804,60.83665027985849,False
2025-01-02 10:15:00,46.372760010854314,0.0,69.38667791378138,69.62920907355617,66.23695148455252,66.25660555198154,68.13203127386285,67.98167967675923,71.83754124836179,71.82108213060765,60.80703393240725,60.801692321978734,False
2025-01-02 10:30:00,41.01937557865182,0.0,69.51704677169488,69.40571795759526,66.39914646452591,66.53780012810402,68.31652828460766,68.32172006573545,72.08463559442872,72.04221623205659,61.06061296902807,61.044685679434686,False
2025-01-02 10:45:00,36.888466356167434,0.0,69.60388464225895,69.45392780795854,66.50718351342309,66.35094536852989,68.43942057495164,68.60512245726201,72.24922357336993,72.18737304253922,61.22952035927645,61.016994045386916,False
2025-01-02 11:00:00,32.9740826202706,0.0,69.67374784507984,69.44414055649133,66.59410197664941,66.62852423396895,68.53829044531642,68.64862790918068,72.38163865080075,72.43779661855669,61.365410509348436,61.46020773191265,False
2025-01-02 11:15:00,30.541084269295375,0.0,69.72256969439589,69.67717673047532,66.65484239425233,66.58242387044363,68.60738275311154,68.7379660945245,72.47417304224683,72.69606421884797,61.460373353341765,61.72952886153182,False
2025-01-02 11:30:00,28.28764668827285,0.0,69.75682723057125,69.8097352550252,66.6974630053617,66.81248643612933,68.65586375632806,68.67404044872298,72.53910299280858,72.55871762099531,61.527007311477036,61.65057028125846,False
2025-01-02 11:45:00,26.77746509391811,0.0,69.77980736406386,69.71763640418848,66.72605313302928,66.82113968968935,68.68838506551002,68.68883405919001,72.58265834144605,72.6336898379763,61.571705717259974,61.672217603590305,False
2025-01-02 12:00:00,26.298172552757197,0.0,69.78598793559863,69.84281432611739,66.73374252827553,66.5485205652388,68.69713176308106,68.913477481759,72.59437267496205,72.51926096339851,61.58372747921017,61.33546317773239,False
2025-01-02 12:15:00,25.54625732254801,0.0,69.79921981724792,69.80704581504655,66.75020462523234,66.70912704940041,68.71585742080256,68.66533262565648,72.6194516945661,72.71240698938847,61.609464667178244,61.66044597135715,False
2025-01-02 12:30:00,25.69848335606221,0.0,69.79651590666094,69.88893610686128,66.74684062611078,66.43064762484417,68.71203086721759,68.65736512937792,72.61432684320962,72.2872953335362,61.60420532033167,61.60961430935134,False
2025-01-02 12:45:00,25.827132492368733,0.0,69.79463025335171,69.97277541225988,66.74449464022413,66.774910897462,68.70936230507462,68.63430814346509,72.61075287409777,72.68352704097963,61.60053755674774,61.521349911149095,False
2025-01-02 13:00:00,25.921710436409985,0.0,69.79430315041729,69.71063744851888,66.74408768372577,66.86493947961215,68.70889939150322,68.81050959680707,72.61013290022528,72.46691412765566,61.5999013124151,61.74598543164771,False
2025-01-02 13:15:00,25.721227921450513,0.0,69.79684816532097,69.68249964661682,66.74725399696916,66.61837309418283,68.71250107713236,68.6318516905969,72.61495658897591,72.6963457584697,61.6048515930096,61.46150781789939,False
2025-01-02 13:30:00,25.382533872799826,0.0,69.80135221901271,69.77074193134689,66.75285759670933,66.76930475989543,68.71887517947289,69.08564470123173,72.62349333785463,72.41689598952657,61.61361237847876,61.834414563452285,False
2025-01-02 13:45:00,25.91528746064903,0.0,69.79505459344902,69.81280678045725,66.74502257177677,66.81173159450606,68.70996282793521,68.68691006228092,72.6115571462262,72.82966467344482,61.60136293601991,61.5328922643862,False
2025-01-02 14:00:00,25.490195483344145,0.0,69.79927398326664,69.79023620630645,66.75027201445751,66.58947763161397,68.71593407613805,68.78418763419019,72.61955435801808,72.83632325155706,61.60957002490764,61.59796659793451,False
2025-01-02 14:15:00,25.6574584547505,0.0,69.80127935361749,69.76688545558464,66.75276694314755,66.51384780418933,68.71877206092283,68.581840362915,72.62335523257804,72.65737313949441,61.61347064879716,61.81132262845837,False
2025-01-02 14:30:00,25.540431411542308,0.0,69.79899888378911,70.01429390728593,66.74992975669016,66.78649262875041,68.71554475746125,68.6928576104493,72.61903294879049,72.68392211654941,61.60903493192913,61.61832240448113,False
2025-01-02 14:45:00,25.68909222529423,0.0,69.79667339115004,69.58695694218021,66.74703655628892,66.5154927759106,68.71225373806222,68.8102404705544,72.61462533111141,72.57312031759855,61.60451164168538,61.51509830673695,False
2025-01-02 15:00:00,26.37484326942714,0.0,69.78802525781566,69.81507984926962,66.73627720903818,66.63786896854204,68.70001496590261,68.88395890924996,72.59823410942589,72.83511193487314,61.587690252324535,61.661873750622966,False
2025-01-02 15:15:00,26.975477947074,0.0,69.77855264671516,69.94806754417583,66.72449210949563,66.81660698606252,68.68660939911332,68.77636145617456,72.580280215506,72.65822930150797,61.56926518029735,61.404664529115294,False
2025-01-02 15:30:00,26.891894802399495,0.0,69.77677575248434,69.65758583421558,66.7222814333511,66.91781619352231,68.68409475198641,68.81012777639053,72.57691238268902,72.8000221261419,61.565808962804596,61.5250578052515,False
2025-01-02 15:45:00,28.41562778209286,0.0,69.75308817546181,69.7683928700479,66.69281115845367,66.70465946590467,68.65057227413095,68.82062434594445,72.53201618241566,72.47782561866514,61.51973451636556,61.572539687136,False
2025-01-02 16:00:00,30.62074391096521,0.0,69.7221635199143,69.72262980244214,66.65433706297188,66.54186506222919,68.6068079380913,68.57143353376506,72.47340320028046,72.44577683830317,61.45958330780941,61.419060038408844,False
2025-01-02 16:15:00,32.60378087370223,0.0,69.68702756417015,69.65044314764356,66.6106235892981,66.29600594565657,68.55708380221863,68.4229526994217,72.40680833900008,72.36734732533162,61.39124074539882,61.28836284397232,False
2025-01-02 16:30:00,35.37008547479381,0.0,69.63698039509222,69.83024703248996,66.54835872239487,66.55761441750242,68.48625743126702,68.49184160673026,72.31195154026965,72.29863207311277,61.29389454536688,61.2944639831101,False
2025-01-02 16:45:00,37.500856135547636,0.0,69.58910739995264,69.28887553828683,66.48879879671776,66.40732317205934,68.41850793464627,68.4206871169369,72.22121555763074,72.32473122134535,61.200777307232315,61.271740386936436,False
2025-01-02 17:00:00,42.74540260306274,0.0,69.4805638790015,69.6350931894744,66.3537572347322,66.38136590942294,68.26489797386486,68.4092966097379,72.01548781897846,72.05638460849327,60.98965049432056,60.90542804030312,False
2025-01-02 17:15:00,46.30920682297319,0.0,69.3927712131273,69.39297219014048,66.2445323024042,66.46547533823264,68.14065446449959,67.77302364521857,71.84909017071453,71.6364375451906,60.81888594217938,60.64082537822322,False
2025-01-02 17:30:00,50.47859537450543,0.0,69.28739752725203,69.06129868008607,66.1134344072182,65.96566070237157,67.99153043007684,67.8624041782983,71.64937037243807,72.01798398624945,60.61392474073074,60.88418603289281,False
2025-01-02 17:45:00,54.55309229670639,0.0,69.16991765594749,68.99753705636924,65.96727492037078,65.681055358387,67.82527381461453,67.80774178665325,71.42670514056735,71.27702734308075,60.385415930693256,60.37268835094395,False
2025-01-02 18:00:00,58.70713959335411,0.0,69.05471867061178,69.0770127349072,65.82395313771107,65.87888457737866,67.66224509153271,67.72486588534402,71.20836298121529,71.01028963359174,60.16134364695428,60.289546506474615,False
2025-01-02 18:15:00,63.549535461429976,0.0,68.91060661932536,68.90901081783264,65.6446599257705,65.4382018009088,67.45829881862525,67.41086916293807,70.93522050192304,70.99002506323261,59.88103287553585,59.97297768260704,False
2025-01-02 18:30:00,67.0737481903087,0.0,68.78632396930517,68.93745058495315,65.49003694100485,65.45153882354488,67.28241496274777,67.39493323456831,70.6996616374388,70.98973066021702,59.63929205518042,59.93336474529787,False
2025-01-02 18:45:00,68.0858004992226,0.0,68.76258005301689,68.98531787102696,65.4604965730942,65.30175441546857,67.24881275399422,67.05043158400046,70.65465865465411,70.58172953504926,59.593108023852906,59.6561420302741,False
2025-01-02 19:00:00,69.90575660217463,0.0,68.71009725481825,68.60896538555957,65.39520148238756,65.28835092272566,67.17453949933709,67.04261305503825,70.55518549129137,70.89743042288278,59.49102430831408,59.535650968991916,False
2025-01-02 19:15:00,69.40814084660403,0.0,68.69704368723902,68.66915018566111,65.37896123018331,65.27192813297775,67.15606619032393,66.75830994008605,70.53044443889235,70.32374304736517,59.465633957089196,59.19404115509214,False
2025-01-02 19:30:00,68.44924506902842,0.0,68.74288996197456,68.9416333138818,65.4359996650641,65.42933423990844,67.22094748772786,67.41453205207603,70.61733908119183,70.67898646772696,59.55480904357961,59.672192867436884,False
2025-01-02 19:45:00,67.64706762966883,0.0,68.76800668525046,68.8773138203616,65.46724797462163,65.38075088078658,67.25649248243194,67.34042353802437,70.66494401087016,70.74987217465639,59.60366330673203,59.52123041356252,False
2025-01-02 20:00:00,64.10085670155688,0.0,68.89924090852104,68.91221673980925,65.63051957610577,65.67957105642417,67.44221415161243,67.32333527704374,70.91367852538268,70.9176663265816,59.858925556024275,59.94450611144505,False
2025-01-02 20:15:00,61.99645564394947,0.0,68.96100942241232,69.15255654724203,65.70736724535692,65.55717353044344,67.52962848010684,67.78216641153755,71.03075135083922,70.95110487515586,59.97907081538081,60.135801737248975,False
2025-01-02 20:30:00,56.36433079845114,0.0,69.12341323864506,68.85225870967882,65.90941767475434,65.88368299822189,67.759461118883,67.52555363358715,71.3385630891106,71.483657974487,60.29496069830954,60.52247959688042,False
2025-01-02 20:45:00,52.232038458410706,0.0,69.24048016003019,69.13167143172899,66.05506340083873,65.96079069131821,67.92513333077729,68.0413075363571,71.56044563720287,71.55466489792636,60.522666283984805,60.783613490274455,False
2025-01-02 21:00:00,47.762449795301876,0.0,69.35474768708316,69.36935969902683,66.1972263342156,66.31659303567723,68.08684386122064,68.01977021262115,71.77702235901938,71.76958853338665,60.74492679842753,60.72760196653269,False
2025-01-02 21:15:00,43.15073117022944,0.0,69.47013449976498,69.56767185060174,66.34078179731961,66.42981500155544,68.25013839612636,68.480683244214,71.9957205165447,72.21312223673014,60.969364423078815,60.913122719601446,False
2025-01-02 21:30:00,38.352667895781785,0.0,69.5766249502574,69.58012824767458,66.47326908578268,66.38330666841485,68.40084286729507,68.64385341366548,72.19755697233579,72.25211169488723,61.176497831143976,61.14379346192831,False
2025-01-02 21:45:00,33.648064179222835,0.0,69.66474774376681,69.36263235453701,66.58290473771068,66.70228053599364,68.52555357076506,68.53462383798266,72.36458032733249,72.40214727237161,61.34790451092998,61.1489450954322,False
2025-01-02 22:00:00,31.500561313080972,0.0,69.70390989617006,69.82753983913943,66.63162729788664,66.65708327965805,68.58097554936005,68.5151174628443,72.43880623215014,72.37962030436974,61.4240783843333,61.1046987009533,False
2025-01-02 22:15:00,27.808047631292627,0.0,69.76083104368888,69.52448814461329,66.70244424397056,66.60323171012453,68.66152992203358,68.48791022719857,72.54669161174641,72.4018889325251,61.53479508448831,61.542817328511596,False
2025-01-02 22:30:00,25.143422562460273,0.0,69.80050114854026,69.91357940903032,66.75179875980274,66.7141333715972,68.71767075104874,68.34556447455107,72.62188026318951,72.47241746928916,61.61195697063114,61.796892260746546,False
2025-01-02 22:45:00,23.30472875437704,0.0,69.8325106284495,69.65551051167941,66.79162251093416,66.91230805617188,68.76297032222905,68.66170322940754,72.68254936494185,72.74314246805218,61.67421825916284,61.7590373220382,False
2025-01-02 23:00:00,21.548492502293126,0.0,69.85313221402836,69.90953886947176,66.81727831335147,66.59451999148234,68.79215383244015,68.97071586693421,72.72163444465369,72.60755811744298,61.71432907924968,61.63021595463652,False
2025-01-02 23:15:00,20.089942982113367,0.0,69.871737505206,69.90605300954535,66.84042559620909,66.98554553714784,68.81848389823384,68.86242397175843,72.75689794492892,72.51856331030211,61.750518027196094,61.73194663304665,False
2025-01-02 23:30:00,19.08672673487093,0.0,69.88311050134382,69.72189559927116,66.85457500972956,66.98605655034179,68.83457887539494,68.87509319052454,72.7784537297112,72.84024946703022,61.77263951733012,62.05156373847362,False
2025-01-02 23:45:00,18.81799584364542,0.0,69.88529743633978,70.29190926542253,66.85729582728942,66.82522514357585,68.837673809077,68.71799139453422,72.78259873244706,72.84676819218413,61.77689330062091,61.84274195502925,False
2025-01-03 00:00:00,17.084319423360988,0.0,69.9042912187292,70.25076788204271,66.88092644125341,66.92995296181161,68.86455366466271,68.7547108574524,72.81859855873974,72.95598810408168,61.81383789856551,61.797466125831306,False
2025-01-03 00:15:00,17.341953980521577,0.0,69.9014152871626,69.70763294692786,66.87734842676194,66.93024250734952,68.86048366830286,69.14742688946262,72.81314766777427,72.88307431710388,61.80824395559695,61.75181214002943,False
2025-01-03 00:30:00,17.183056677283815,0.0,69.90317325309212,69.86507885138495,66.879535553759,66.82286457384525,68.86297152824251,69.00041824440369,72.81647962487428,72.55649825939292,61.811663355858144,61.94096336341996,False
2025-01-03 00:45:00,17.40289969942602,0.0,69.90174943919119,69.73270125266106,66.87776415320494,67.07705881323236,68.86095655769834,69.04780180172412,72.81378100213267,72.95771958099519,61.808893911045175,61.581680694676145,False
2025-01-03 01:00:00,17.370715972642888,0.0,69.90169561781495,69.66090493074506,66.87769719275757,66.87405258519195,68.86088039009823,68.91556056345323,72.81367899189799,72.89709028297146,61.80878922367599,61.835378428718315,False
2025-01-03 01:15:00,17.542474716046915,0.0,69.89974173154445,70.08364681803106,66.87526631662979,66.44520807356238,68.8581152651903,68.81049948196465,72.80997569758362,72.78527804345204,61.80498874090689,61.54217395499785,False
2025-01-03 01:30:00,17.460466732020844,0.0,69.90013765581473,69.73715247687615,66.87575889537995,66.92621903618343,68.8586755741898,68.72130205259533,72.8107261118331,72.70993930828115,61.80575884886561,62.02736789399111,False
2025-01-03 01:45:00,17.267497734062026,0.0,69.90153898031775,69.6208562629086,66.87750231634215,67.15684995055138,68.86065871791006,68.95105658485603,72.81338210934067,72.78600713294313,61.8084845497971,61.894816526297085,False
2025-01-03 02:00:00,17.513713204501673,0.0,69.90016553965745,69.85156782333299,66.87579358632824,66.84518315907098,68.85871503519073,68.7849666929459,72.8107789614168,72.72368125100496,61.80581308542234,61.9100136771666,False
2025-01-03 02:15:00,17.503165926499335,0.0,69.90101433962033,69.8996951361975,66.87684959844024,66.95382957010182,68.85991625040722,68.79708893881846,72.81238773267656,73.14684750888799,61.80746407692696,61.572274514462386,False
2025-01-03 02:30:00,17.54537705746127,0.0,69.89947932674518,69.77165550585035,66.87493985261186,67.20933089419526,68.85774391192498,69.00706745436678,72.80947834918825,72.9551492002117,61.80447834020791,61.80868166826179,False
2025-01-03 02:45:00,17.389635174272485,0.0,69.90195471687035,69.96053430631828,66.87801954402138,67.08819748527647,68.86124706510006,68.88844419777928,72.81417007475855,72.67745353128795,61.80929319440891,61.93295725376666,False
2025-01-03 03:00:00,17.560992921918864,0.0,69.89965175232919,70.01147658830794,66.87515437135968,66.83451515183602,68.8579879272929,68.71863955222331,72.80980515566343,72.67957614106732,61.80481372332147,61.55949423605279,False
2025-01-03 03:15:00,17.557775347637353,0.0,69.89977753163699,69.83377937595753,66.87531085637178,66.43196803272002,68.85816592920746,68.67106830875333,72.81004355121532,72.97816964892579,61.80505837527471,61.70536447526524,False
2025-01-03 03:30:00,17.47345897773411,0.0,69.90017496269442,70.11598078504831,66.87580530975151,66.85420116074332,68.85872837060066,68.9022344300732,72.81079682135058,73.15966379013283,61.80583141406834,62.03329742915675,False
2025-01-03 03:45:00,17.940190696566887,0.0,69.89533002648854,69.8464982747606,66.86977761001194,66.94626234728342,68.85187185393292,68.8360882337953,72.80161398150149,72.74232735975097,61.796407581757165,62.01648476936352,False
2025-01-03 04:00:00,18.908031218958833,0.0,69.88399751034108,69.8976088949039,66.85567855860506,67.12347631773878,68.83583416374461,68.8894320771512,72.78013492038546,72.92457900637288,61.7743648288087,61.66567317108104,False
2025-01-03 04:15:00,19.24171496819154,0.0,69.87935941194262,70.02764239831241,66.8499081906744,66.85594666597447,68.8292703623602,68.63631136209764,72.77134411014814,72.56730535520474,61.76534331444958,61.55127285412164,False
2025-01-03 04:30:00,20.574793300673505,0.0,69.86727615812615,70.03603274638235,66.83487512877494,66.83286276073622,68.81217023396377,68.47310802036309,72.748442139939,72.71982807088882,61.74184030988961,61.71742046039472,False
2025-01-03 04:45:00,21.64057320828537,0.0,69.8523532765837,69.79375163619382,66.81630921885085,67.07218712093253,68.79105148612511,68.8585482373271,72.72015808717367,72.80465504820114,61.712813976563396,61.730001642116974,False
2025-01-03 05:00:00,24.189100991114202,0.0,69.81726748275582,69.6958445349219,66.77265815280381,66.90436693964004,68.74139833901285,68.53544788648001,72.65365830017795,72.70291349610268,61.64456898354645,61.671380128039395,False
2025-01-03 05:15:00,26.76139038494357,0.0,69.77878142068177,69.68540039778193,66.7247767325991,66.56402153356983,68.6869331582814,68.63389094703936,72.58071382177208,72.41511552646632,61.569710166032436,61.618129785646424,False
2025-01-03 05:30:00,30.711791307819382,0.0,69.71651015521013,69.53928829502081,66.64730357821449,66.56235934087734,68.59880733959518,68.5051168283629,72.46268810714402,72.66146011647524,61.448587010087095,61.49813050192959,False
2025-01-03 05:45:00,35.26268037167949,0.0,69.63588940335212,69.31981055125267,66.54700139376382,66.54053135531768,68.48471346809957,68.78434059477028,72.30988373132433,72.32973570728474,61.29177246929102,61.301959444666416,False
2025-01-03 06:00:00,40.67128494891458,0.0,69.5227096030315,69.22308959909802,66.40619172694467,66.15384275467602,68.32454228020967,68.3560859738726,72.0953686301277,71.98813714584307,61.0716276801936,61.26843146952659,False
2025-01-03 06:15:00,45.78436109330547,0.0,69.41176413555337,69.22156204802677,66.26816184646749,65.85571044352291,68.16753310307186,68.13241427247942,71.88508836707759,71.85683074798793,60.85582886741878,60.792159460951495,False
2025-01-03 06:30:00,54.05611291349449,0.0,69.19934763848136,69.17378937497794,66.0038894578002,65.68368540767867,67.86692290083556,67.9595151379094,71.48248519728764,71.56578923156393,60.4426598671529,60.48906860267644,False
2025-01-03 06:45:00,59.899925001688594,0.0,69.03551263310186,69.33682594102963,65.80005845213091,65.65614428915963,67.63506485412374,67.74744829320387,71.17196085761773,70.91885870345573,60.12398619390143,59.984446490810925,False
2025-01-03 07:00:00,66.56587010292512,0.0,68.79834870990003,68.92433710066994,65.50499720522122,65.54054051352911,67.29943228368035,67.28368856028032,70.72245270473395,70.92703025347386,59.662681246314335,59.62718242261655,False
2025-01-03 07:15:00,73.01478981004678,0.0,68.58882645850558,68.67150521781083,65.24432561606416,65.30365198201854,67.00291799579384,66.76785925825853,70.32533513752232,70.21668375961109,59.25514181159389,59.16788360921355,False
2025-01-03 07:30:00,78.06621824183945,0.0,68.4023895179895,68.30813385177159,65.0123750082481,64.90308343545917,66.7390738633211,66.85480385228539,69.97197226668902,70.09334046333755,58.892505362036275,58.87063379332295,False
2025-01-03 07:45:00,83.67455260365027,0.0,68.19079141814223,68.0683051520239,64.7491208069272,64.57709599460208,66.4396218505788,66.29858866923995,69.57092024439191,69.4756982697962,58.48092821724241,58.30640714727357,False
2025-01-03 08:00:00,86.18088956097282,0.0,68.06608113703108,67.82801639191133,64.5939657962059,64.5977351028883,66.26313281445165,66.2301424451617,69.33455087020111,69.38577717303163,58.23835561633902,58.23641480112348,False
2025-01-03 08:15:00,85.59225380745839,0.0,68.10884127770326,68.11325481404101,64.64716469869668,64.80148183665851,66.32364663852975,65.9915185328733,69.41559621466621,69.46745520163644,58.321527897288334,58.49997119808148,False
2025-01-03 08:30:00,85.6390269826673,0.0,68.09519661960114,67.98973625746648,64.6301890567908,64.61228412689927,66.30433682272887,66.06119979498264,69.38973484006334,69.03808334380051,58.29498782236608,58.436402692549876,False
2025-01-03 08:45:00,82.25092536621025,0.0,68.25114817133512,68.04318183334459,64.82421207129859,64.612716615836,66.52503826612907,66.49896261111488,69.68531729211948,69.57588071299914,58.598327476338184,58.65502312603739,False
2025-01-03 09:00:00,78.56199337374524,0.0,68.40323012276123,68.4390202414005,65.01342082452895,65.25008605526874,66.74026348076568,66.58012441540895,69.97356550521012,69.96532527527968,58.894140413164365,59.0640438862423,False
2025-01-03 09:15:00,71.06357270135962,0.0,68.65768967848155,68.61083636223317,65.32999997697878,65.53371814135888,67.10037269808367,67.17658456386353,70.4558548995295,70.48514435425146,59.38908690599439,59.35643420197919,False
2025-01-03 09:30:00,66.72394117216335,0.0,68.83422446841297,68.7963683496653,65.54963108501943,65.54324429186276,67.35020338277396,67.36199318869122,70.79044974966705,70.68873902039303,59.732462790982,59.812282197064214,False
2025-01-03 09:45:00,58.28837150857304,0.0,69.08071206070676,69.12931393933526,65.85629212919541,65.74226361590257,67.6990307384149,67.78564112504279,71.25762949954148,71.26461312054066,60.21190310512755,60.32618132123392,False
2025-01-03 10:00:00,52.35455434218994,0.0,69.23298331533178,69.4027911585939,66.04573639901346,65.69409171494516,67.91452385349102,68.15309169817843,71.54623650805993,71.60249583084378,60.50808425353108,60.669760756892856,False
2025-01-03 10:15:00,46.231407767770726,0.0,69.40061828755962,69.42250903168134,66.2542950333261,66.25173934992549,68.15175958422711,68.1942198724286,71.86396310706182,72.02664038120132,60.834149200650046,60.56936615335462,False
2025-01-03 10:30:00,40.84606746690536,0.0,69.51467572839515,69.48410844922647,66.39619659347025,66.17552930831252,68.31317280226206,68.38863010251859,72.08014164239893,71.71802546474427,61.05600107869358,61.15326018037939,False
2025-01-03 10:45:00,36.803358803690244,0.0,69.60798232045276,69.59010699485357,66.51228153179358,66.68771225388765,68.44521957779524,68.41842130244316,72.25699009928665,72.1528693151148,61.23749070821886,61.161500303823175,False
2025-01-03 11:00:00,33.284209895615014,0.0,69.67330910205595,69.61546460482748,66.59355612607511,66.55808916308044,68.53766953954432,68.30259297595651,72.3808070801151,72.43907821024284,61.364557115101604,61.100584758947285,False
2025-01-03 11:15:00,30.235570865571074,0.0,69.72360540029226,70.08164817022835,66.65613094045739,66.49111060739874,68.60884847617568,68.59344916251959,72.47613606528238,72.74587922042083,61.46238789352908,61.6410963395728,False
2025-01-03 11:30:00,28.40422260397858,0.0,69.75532059376388,69.75562049722615,66.69558856287054,66.73788194297967,68.65373157543999,68.54892951004227,72.53624739184197,72.52284933143686,61.524076768736506,61.284368912445,False
2025-01-03 11:45:00,27.105803097185227,0.0,69.77493835288624,69.74082544098965,66.71999548104793,66.47773784746022,68.6814944781264,68.82977425755412,72.57342987114886,72.62810862684778,61.5622350569851,61.45333279232995,False
2025-01-03 12:00:00,25.761428106830795,0.0,69.79478128286601,69.64096976369933,66.74468253961533,66.66401083766175,68.70957604088821,68.89383916273023,72.61103912757618,72.51511361894306,61.6008313226005,61.69686337149981,False
2025-01-03 12:15:00,25.78613629735864,0.0,69.79442643426405,69.77321710894249,66.74424106407585,66.87519955408976,68.70907386186039,68.62885216112761,72.61036656601011,72.37448732850974,61.60014111047421,61.39284875576967,False
2025-01-03 12:30:00,25.160349311816105,0.0,69.80269809880478,69.86422990115672,66.75453203759514,66.68466681286642,68.72077985826225,69.07697084076621,72.62604424834373,72.36538705907316,61.61623023451082,61.64677521131729,False
2025-01-03 12:45:00,25.4603560838374,0.0,69.80038533098754,69.82159825198862,66.75165466844578,66.40284896221463,68.71750684693382,68.75303076445202,72.62166074862955,72.90709686797068,61.611731695178605,61.54371595042332,False
2025-01-03 13:00:00,25.754658424530074,0.0,69.79415681618892,69.76956379118486,66.74390562585077,66.65676159757105,68.70869230042227,68.36733183986401,72.60985554594711,72.70600415385636,61.599616679311254,61.58264141785192,False
2025-01-03 13:15:00,25.539036275855924,0.0,69.79675542928493,69.709203375764,66.74713862187309,66.66787470220576,68.71236983780337,68.80331351121967,72.61478082192131,72.41402346022274,61.60467121316243,61.761768506073494,False
2025-01-03 13:30:00,25.523545779539504,0.0,69.79918973151355,70.08763166062354,66.75016719485859,66.91927040910495,68.71581484370138,68.7304554425757,72.61939467163145,72.47831513930628,61.60940614774606,61.530015301741074,False
2025-01-03 13:45:00,25.796479354547376,0.0,69.79646476343434,69.78283412399045,66.74677699761276,66.74215212050012,68.71195848971439,68.67980222325862,72.6142299090006,72.39793309865459,61.6041058422022,61.52662923087808,False
2025-01-03 14:00:00,25.375717715622073,0.0,69.8019743351041,69.77354100837321,66.75363158605464,66.630668496739,68.71975559340792,68.73645815781764,72.62467246430595,72.56637748714593,61.61482244966956,61.83643149941576,False
2025-01-03 14:15:00,25.41219329336335,0.0,69.80201261578566,69.90269681752771,66.75367921195608,66.63748143351677,68.71980976793573,68.6332603122291,72.62474501951681,72.67181787253287,61.61489690900366,61.54113479604414,False
2025-01-03 14:30:00,25.65518306838927,0.0,69.79970200315486,69.70686002026616,66.75080452412516,66.65234889009294,68.71653980661061,68.63169399435736,72.62036560463063,72.78524433796281,61.610402561700795,61.70472200574234,False
2025-01-03 14:45:00,26.26690317146027,0.0,69.78643972974874,69.63183217495889,66.73430461606483,66.74486748516392,68.69777113870734,68.52134109121083,72.59522898207301,72.47858809291077,61.5846062590596,61.49009388252125,False
2025-01-03 15:00:00,25.744574603158856,0.0,69.79516207564382,69.77351941886577,66.74515629291781,66.56264853015985,68.71011493591536,68.83643397978601,72.61176086238255,72.47409783176992,61.601571998458965,62.023007343973426,False
2025-01-03 15:15:00,26.61163105068192,0.0,69.78326861565229,69.58896743798239,66.73035935800551,66.98627312172466,68.69328340228861,68.86120850440905,72.58921861750815,72.63375599811857,61.57843815978761,61.37641777747067,False
2025-01-03 15:30:00,27.15510546423755,0.0,69.77579247488967,69.99514576441068,66.72105811443643,66.8424373242144,68.6827032250539,68.69701908082706,72.57504872952708,72.20959238003998,61.563896400332325,61.41638400353347,False
2025-01-03 15:45:00,28.943137714673213,0.0,69.74638508832832,69.91276056005215,66.68447168919097,66.44566973885475,68.6410861164804,68.68631896250233,72.51931150003689,72.67163878250933,61.50669641505135,61.25794608021401,False
2025-01-03 16:00:00,30.283484294824905,0.0,69.72306682956655,69.67795214183954,66.65546089187777,66.37763661356759,68.60808629500328,68.55923157849222,72.47511528636764,72.42601947182939,61.461340325513405,61.43912946483124,False
2025-01-03 16:15:00,32.06446129542956,0.0,69.68902378578505,69.68306784343301,66.6131071358295,66.67947532657494,68.55990883978231,68.51424482535381,72.41059187352234,72.34914453426714,61.39512357418245,61.40897667992062,False
2025-01-03 16:30:00,35.39317945525328,0.0,69.63264536280082,69.63256089823237,66.54296540617706,66.5489194351667,68.48012252671968,68.62423267285885,72.30373514575366,72.01081281624643,61.28546252157099,60.98938744109215,False
2025-01-03 16:45:00,38.40763509681747,0.0,69.5709105811107,69.59643712258948,66.46615970395533,66.39684064267946,68.39275593577835,68.49240898691434,72.18672625455488,72.32662208100355,61.165382874349035,61.23798021844176,False
2025-01-03 17:00:00,41.44923519434402,0.0,69.50994627846683,69.6253317096724,66.39031257294037,66.57357187287302,68.30647972089116,68.40316348268875,72.07117768922791,71.93923132512278,61.04680187747512,61.14787103652528,False
2025-01-03 17:15:00,47.125505789848816,0.0,69.37640271087885,69.24498622224466,66.22416786156406,66.19019967388243,68.11748988529304,68.22958069296456,71.81806616372465,71.82667767444038,60.78704774786276,60.619448607555064,False
2025-01-03 17:30:00,50.86448643848013,0.0,69.27633324371145,69.2895276781611,66.09966907034254,66.13260680941953,67.97587234062256,67.9370664553697,71.62839970544067,71.85014154579808,60.59240372408608,60.45729989652918,False
2025-01-03 17:45:00,54.864408654856916,0.0,69.16412909654966,69.2959722007048,65.96007323669706,65.73546726118288,67.8170818896218,67.62053737715699,71.41573380644688,71.11007453028667,60.37415666725403,60.37906095104202,False
2025-01-03 18:00:00,59.23200649729333,0.0,69.04804973088243,69.14725645936618,65.81565615204161,65.71942474392418,67.65280725902727,67.68749956243877,71.19572302004838,71.15082233388561,60.14837196538147,60.24918911264594,False
2025-01-03 18:15:00,62.47608810851917,0.0,68.93701789931936,68.91172013630928,65.67751882396338,65.83408033362146,67.4956758600969,67.55468239063501,70.98527906700802,70.77573475834535,59.93240516677169,60.0307478759474,False
2025-01-03 18:30:00,67.22581108908825,0.0,68.7889629752691,68.94257780124525,65.49332019074969,65.53680301213744,67.28614966380658,67.30973459032201,70.70466347195187,70.67330863354776,59.64442515675621,59.74620374946622,False
2025-01-03 18:45:00,68.40865458658647,0.0,68.7355648144123,68.86635496939022,65.42688627570735,65.34261529417851,67.21058099491563,67.11815208391702,70.60345537786192,70.42430055575325,59.540560979343525,59.3808900674246,False
2025-01-03 19:00:00,70.49748273807556,0.0,68.67670879687746,68.94804597818988,65.35366211206767,65.56746145358821,67.12728840899197,66.883375735698,70.49190274636977,70.6006309471032,59.426080784727404,59.63939673721594,False
2025-01-03 19:15:00,70.60703943832594,0.0,68.68268765288086,68.38150369526016,65.36110054824987,65.40111097344636,67.13574964028575,66.97621568087054,70.50323475876944,70.53318001145617,59.437710192008524,59.20352975368019,False
2025-01-03 19:30:00,69.80445450979347,0.0,68.6900822737254,68.57260529446812,65.37030037096048,65.19976198374891,67.14621445115576,66.82281099477326,70.5172501381417,70.47728810803042,59.45209338796451,59.36485429782227,False
2025-01-03 19:45:00,67.86898007035633,0.0,68.7696161913596,68.7021206340799,65.46925039924454,65.30789000544776,67.25877024316924,67.17558438232317,70.66799458495596,70.8286902657954,59.606793939424065,59.69723448098735,False
2025-01-03 20:00:00,64.90634052635386,0.0,68.86175063897961,68.68761384552161,65.58387704494622,65.58873256005528,67.389158208858,67.41125655843098,70.84262142030032,70.77214594402551,59.78600364365086,59.85132239404447,False
2025-01-03 20:15:00,61.59520030172231,0.0,68.98066806502361,69.0634468807533,65.73182502764995,65.29425104554538,67.55744924079409,67.73599509632061,71.06801131858259,70.61086643377968,60.01730862565559,59.92490127182217,False
2025-01-03 20:30:00,56.58596167435292,0.0,69.12186620063237,68.90193830326194,65.90749296816792,65.74343240891041,67.75727176251814,67.91130762446623,71.33563091380269,71.04740523422039,60.29195157162732,60.46130023677163,False
2025-01-03 20:45:00,51.47006717462763,0.0,69.26130398051166,69.17383671966626,66.08097080848206,65.92838715731682,67.95460304227595,68.08453682240473,71.59991402242034,71.70977819388476,60.563170468964046,60.30529629888264,False
2025-01-03 21:00:00,46.911541603585114,0.0,69.37661145852537,69.57063795379428,66.22442756944893,66.02191270172997,68.11778530336603,68.35841966906878,71.81846181314609,71.81346760221855,60.787453780622,60.61316361966499,False
2025-01-03 21:15:00,42.15373225903907,0.0,69.48431502816116,69.29312226785883,66.35842412813433,66.37264815709389,68.2702065714694,68.08601923886563,72.02259755180465,71.69554262049392,60.99694681343668,60.93999534280945,False
2025-01-03 21:30:00,37.85017165548187,0.0,69.57763874499264,69.44127331170213,66.47453037179383,66.34384796098996,68.4022775818516,68.70242204709012,72.19947846609719,72.20794020117262,61.17846975217185,61.21527540352115,False
2025-01-03 21:45:00,34.09277880822218,0.0,69.65505858661918,69.6873539811104,66.57085022810871,66.41717089117176,68.51184154966593,68.64805097619363,72.34621600330874,72.16581151542358,61.329058237560076,61.2861033171803,False
2025-01-03 22:00:00,30.930206362351594,0.0,69.71372114613317,69.61764763535486,66.64383370604844,66.6031996619878,68.59486035527796,68.55944084151126,72.45740196453995,72.34724380093125,61.443162139100366,61.51592621937493,False
2025-01-03 22:15:00,27.97064659719682,0.0,69.76491765643249,69.7003489064132,66.70752849555268,66.82701010013068,68.66731326513667,68.63193812856454,72.55443716478476,72.50843257161087,61.542743910144665,61.558447414627885,False
2025-01-03 22:30:00,24.949022980589735,0.0,69.80761939466932,69.92309792862763,66.76065473819227,66.47667906400656,68.72774443853498,68.76033541226927,72.63537181631455,72.87163424045586,61.62580259315719,61.699102871827286,False
2025-01-03 22:45:00,23.014528052383916,0.0,69.83317280442675,69.83782988450004,66.79244633973103,66.75463691742053,68.76390742860816,68.64601093741847,72.68380441881516,72.64032307649393,61.6755062503984,61.705263424492365,False
2025-01-03 23:00:00,21.427652216129104,0.0,69.8547723941282,69.65073587848939,66.81931890021158,66.87792765412492,68.79447500277433,68.87627349206939,72.72474315662423,72.75949222325971,61.71751937558456,61.86229494949386,False
2025-01-03 23:15:00,20.373871358564816,0.0,69.86698020624988,69.9125558200955,66.83450692804504,66.82077592513231,68.81175140513173,68.73212813091229,72.74788120816042,73.08000410052921,61.741264657138785,61.67347201016076,False
2025-01-03 23:30:00,19.592635267083107,0.0,69.87795856880258,69.91573673109683,66.84816536858725,66.6374466364457,68.82728789986106,68.99568963804562,72.7686890249907,72.75455983868808,61.762618549811776,61.59597888552942,False
2025-01-03 23:45:00,18.863703762386493,0.0,69.88536540843997,69.69568410964779,66.85738039298712,67.12395781902579,68.83777000267334,68.93658960792827,72.782727563227,72.78119814588324,61.77702551240799,62.015558333251256,False
2025-01-04 00:00:00,17.284142004696925,0.0,69.90248470324526,69.80343968584197,66.87867891260709,66.96595647850314,68.86199709776483,68.93348754286343,72.81517458334164,72.8173766043251,61.8103240650979,61.691826112017765,False
2025-01-04 00:15:00,17.23495790649975,0.0,69.90255979038221,69.70253864257208,66.87877233029033,66.6580004775917,68.86210336050681,68.94687636732827,72.81531689959179,72.42503365233404,61.81047011626491,61.8412816953091,False
2025-01-04 00:30:00,17.473776246116792,0.0,69.9000560020752,69.82603577070212,66.87565730803112,66.97457994016891,68.85856001844202,68.79902294225636,72.81057134958607,72.82763357260899,61.805600025071655,61.91612550470966,False
2025-01-04 00:45:00,17.399148084933003,0.0,69.90062328307205,69.75156860150608,66.87636307573818,66.92055200212194,68.85936283017055,68.99775878858873,72.8116465444539,72.91065216822244,61.80670343712096,62.09417016863127,False
2025-01-04 01:00:00,17.094494771763728,0.0,69.90490596766561,69.75575570139135,66.88169126494685,66.98075764992912,68.86542365265628,68.94011209279668,72.81976372186885,72.83510222081597,61.81503363998367,61.6465900826176,False
2025-01-04 01:15:00,16.945968463811056,0.0,69.90462315633653,70.07846559369307,66.88133941268252,67.30995517615351,68.86502342022614,68.91999109221187,72.81922769599933,72.90669391634799,61.81448354676718,61.740554581432846,False
2025-01-04 01:30:00,17.157224450451473,0.0,69.90349326898115,69.73955898281633,66.87993369309655,66.66288300663429,68.86342441228143,69.12177840358078,72.81708616632984,72.8580155440337,61.812285815256416,61.86923895234851,False
2025-01-04 01:45:00,17.158539765770993,0.0,69.90268862053641,70.04737122287231,66.87893261093265,66.87408204312837,68.8622856799558,68.94188977065951,72.81556107755901,72.78616043288226,61.81072070238589,61.75939776877609,False
2025-01-04 02:00:00,16.803177915845392,0.0,69.90586344300665,69.86662915784669,66.8828824826675,66.89135698646648,68.8667786644368,68.67385915893047,72.82157847078253,72.81640724102733,61.81689601477517,61.824958899223745,False
2025-01-04 02:15:00,17.197507535571596,0.0,69.90384921365361,69.96493879771394,66.88037653228332,66.93843534169268,68.86392814245988,68.69087690499993,72.81776080533089,72.84152801290585,61.81297815933745,61.96633924314152,False
2025-01-04 02:30:00,17.316286339648286,0.0,69.90214997624066,69.83195352924201,66.87826247082279,66.78386079817261,68.86152339466771,68.93169636210416,72.81454015920355,72.84380575517498,61.80967299126998,61.90408359218531,False
2025-01-04 02:45:00,17.612380543929895,0.0,69.90007563687782,69.91426451682148,66.87568173615348,66.99338504357324,68.85858780546457,68.98921122101956,72.81060856436885,72.68992956983513,61.80563821651117,61.53441660948056,False
2025-01-04 03:00:00,17.57291351095526,0.0,69.90038536787182,69.6432124835474,66.87606707980972,66.7689941552269,68.85902613439862,68.97480727825409,72.81119561236967,72.76924408769973,61.80624067087268,61.72943145797481,False
2025-01-04 03:15:00,17.377153071153707,0.0,69.90156066422257,69.78183766055935,66.87752929380109,66.90923726505832,68.86068940480638,68.91925764461446,72.81342320788508,72.88787466303619,61.80852672692279,61.945212433608134,False
2025-01-04 03:30:00,17.86805711079034,0.0,69.89662154519422,69.85774015629696,66.87138441898423,66.88078916446975,68.8536996013285,68.86982972833654,72.80406185881742,72.83632657919027,61.798919700635764,61.91480067177318,False
2025-01-04 03:45:00,18.02563805495442,0.0,69.89408359373388,69.77271469599273,66.8682268935378,66.8783775822472,68.85010791183034,68.84590524409597,72.79925155774951,72.8282287947215,61.79398315906744,62.124961955138495,False
2025-01-04 04:00:00,18.565143837879805,0.0,69.8879091292512,70.04817843933785,66.86054509621943,66.87524538333433,68.8413698569127,69.19204662478853,72.78754879922217,72.73084290546244,61.781973275877434,61.83058665922544,False
2025-01-04 04:15:00,19.19670512717444,0.0,69.88115741215154,69.91849749871103,66.8521451252655,66.97909073461166,68.83181487850591,68.87967910360945,72.77475194613716,72.96361917353737,61.76884058494895,61.75459578836005,False
2025-01-04 04:30:00,20.902014928146656,0.0,69.86083549096128,69.91997113837758,66.82686214240269,66.71893991050591,68.80305545104598,68.69891588670876,72.73623483470669,72.59483284752699,61.729312638780115,61.869798042158635,False
2025-01-04 04:45:00,22.01234405193396,0.0,69.8479264315258,69.83840013036007,66.81080167619844,66.92052553738958,68.78478664885283,68.65777503492022,72.71176767552005,72.5504318325986,61.70420336876185,61.73784796483909,False
2025-01-04 05:00:00,24.26743433244413,0.0,69.81875928103305,69.69734122166845,66.77451413432861,66.87613686064232,68.74350952052642,68.63193038146207,72.65648577696707,72.57825498024911,61.64747066402464,61.50587763531634,False
2025-01-04 05:15:00,26.99480721041749,0.0,69.77608524794552,69.86683425429734,66.72142236032072,66.90850407349208,68.6831175552436,69.1050149424794,72.57560363633493,72.3192197207484,61.56446586999441,61.45370938286284,False
2025-01-04 05:30:00,30.319075856680136,0.0,69.72460329799704,69.56296581085648,66.65737244859699,66.61242448898868,68.6102606933762,68.4277701360828,72.47802742863963,72.52828378377025,61.46432889341706,61.47208364163135,False
2025-01-04 05:45:00,35.04760059100709,0.0,69.63582895180028,69.72627997981428,66.54692618455829,66.4909148440347,68.48462791752571,68.80279942792076,72.30976915460027,72.34493382207259,61.291654885640185,61.01228217274647,False
2025-01-04 06:00:00,39.773844687665935,0.0,69.54554704509373,69.54814723946642,66.43460432882836,66.41633354522035,68.35686165357059,68.28659779888567,72.13865352885675,72.44029244571682,61.116048538439316,61.19839596955085,False
2025-01-04 06:15:00,46.05669573889084,0.0,69.40056812508054,69.25069639138088,66.25423262499928,66.25975344986382,68.15168859467029,68.17763966561813,71.86386803171041,71.58542129664325,60.83405163016171,60.80700557673428,False
2025-01-04 06:30:00,53.322093313129415,0.0,69.21993802885484,69.09792946700284,66.02950644952448,65.9485761722363,67.89606226383052,67.8695333847946,71.52151115123114,71.53513115477264,60.48271000978757,60.573428747170155,False
2025-01-04 06:45:00,60.298523646127336,0.0,69.01972159484379,68.95129816542648,65.78041244790087,65.84606079893102,67.6127174975402,67.70434423500183,71.14203134581143,71.0769012808226,60.093271218463215,60.21183024000814,False
2025-01-04 07:00:00,67.91022132538475,0.0,68.76347661876972,69.03022475477769,65.46161201175536,65.33164959095645,67.25008156699137,67.25216629839124,70.65635795870543,70.65804961319823,59.594851924072074,59.5801408887922,False
2025-01-04 07:15:00,72.68677731126394,0.0,68.60675059962567,68.62065251653001,65.26662546402278,65.1513721150906,67.02828410323498,67.04118312534712,70.35930762144015,70.24020109018532,59.29000586202898,59.125057110152326,False
2025-01-04 07:30:00,78.99058211295247,0.0,68.35628179650212,68.44317409220025,64.95501130127894,65.28289086624159,66.67382256847341,66.71541599815504,69.88458209182741,69.95734435688703,58.80282173833437,58.64118753900427,False
2025-01-04 07:45:00,84.72174537359712,0.0,68.14221607261925,68.00369410562925,64.68868707052417,64.53209545980387,66.37087839306656,66.36501355488407,69.47885306340191,69.4653242013953,58.38644484507523,58.251068869108735,False
2025-01-04 08:00:00,86.56358089241802,0.0,68.04827733424497,67.9273782929202,64.57181566401518,64.36276479136025,66.23793700890042,66.37932605203538,69.3008064692963,69.374651006087,58.20372563467822,58.11064784158092,False
2025-01-04 08:15:00,85.27373640176216,0.0,68.09043403833894,68.08222837281156,64.62426381678489,64.79911463026747,66.29759685414768,66.14210955791724,69.3807080914869,69.36803010926018,58.28572417775314,58.38699587673737,False
2025-01-04 08:30:00,85.56976844619398,0.0,68.07819585422583,67.90082826839486,64.60903800243845,64.65883732645699,66.28027746958034,66.31727994202195,69.35751247445963,69.5202004331792,58.26191981997147,58.3445584771055,False
2025-01-04 08:45:00,81.76061042700393,0.0,68.26184591081895,68.28257668022194,64.83752138204288,64.80827439912491,66.54017762523743,66.61181923470095,69.70559323059481,69.82399821394527,58.61913553215571,58.710403292620164,False
2025-01-04 09:00:00,76.5168257596985,0.0,68.46652505273762,68.3982028654094,65.09216754413859,65.15462276635944,66.82983798163077,66.6662708937482,70.09353142024675,70.18822262976498,59.017254687717966,59.15351368230806,False
2025-01-04 09:15:00,69.99105149694924,0.0,68.6988041831044,68.50709092869764,65.38115150473355,65.66407987851696,67.1585576306096,67.07657696165533,70.53378119110141,70.23615970763205,59.469058278301276,59.65434538654782,False
2025-01-04 09:30:00,66.75048280482369,0.0,68.81658102259979,68.85812482388269,65.52768045673187,65.5964643271637,67.3252345131845,67.37968590034167,70.75700928102032,70.86163252780847,59.69814471791169,60.0397592851951,False
2025-01-04 09:45:00,58.3474558639836,0.0,69.0773006223352,69.14429984962703,65.8520478780206,66.02326999323608,67.6942028969199,67.87460801790033,71.25116363685729,71.18717288939843,60.20526755374209,60.38000922052031,False
2025-01-04 10:00:00,53.2658626754858,0.0,69.19889753446681,69.08639727402954,66.00332947274859,65.92721938628853,67.86628591707628,67.8203680598073,71.48163209357173,71.40809877106592,60.441784374767636,60.3082812623031,False
2025-01-04 10:15:00,46.28429693870066,0.0,69.39617731532738,69.45158102428236,66.24876991472188,66.17478663789599,68.14547475428562,68.43578193181499,71.85554591949727,71.85755229140466,60.82551111423632,61.01916547251394,False
2025-01-04 10:30:00,41.379696769315295,0.0,69.50729724423692,69.54918347732696,66.38701684679279,66.59233454157832,68.30273082790706,68.31112173042692,72.06615684766179,72.1405749538751,61.04164927002928,61.09659921007679,False
2025-01-04 10:45:00,36.74729335713617,0.0,69.60542774094384,69.94058567787349,66.5091033189986,66.46854377768427,68.44160435640994,68.50452409033792,72.25214828228114,72.44081512491155,61.23252182361547,61.40355981575711,False
2025-01-04 11:00:00,32.10443920894262,0.0,69.69066219843643,69.7681676212337,66.61514552376524,66.28222438497178,68.56222750883697,68.78271809347815,72.4136972355632,72.4391183162422,61.39831043267279,61.54826153565359,False
2025-01-04 11:15:00,29.91045576803743,0.0,69.73213823508036,69.77125139270153,66.6667468420594,66.66170632606598,68.62092407871438,68.5471929547908,72.49230875610593,72.50500794821585,61.47898501695131,61.89410040075615,False
2025-01-04 11:30:00,28.71565023565034,0.0,69.75157499800952,69.87816553174252,66.69092857859141,66.91284790016924,68.6484308369723,68.61992008603718,72.52914818465115,72.22093398849985,61.51679125148827,61.48850333153737,False
2025-01-04 11:45:00,26.81921869144036,0.0,69.7807943557364,69.754339463163,66.72728107271614,66.62351561126579,68.68978184857708,68.91508623635356,72.58452903407775,72.69694758638873,61.57362550394434,61.67135659704093,False
2025-01-04 12:00:00,26.327320287881207,0.0,69.78909888339082,69.81873232576994,66.7376129320126,66.55983524493274,68.70153435260622,68.37356805579363,72.60026900344633,72.62278117299809,61.58977854966339,61.638377088104214,False
2025-01-04 12:15:00,26.337255241583474,0.0,69.78937221641013,70.02487198915998,66.73795299208751,66.58824945309344,68.70192117140485,68.64908141616239,72.60078706462083,72.67283720900303,61.59031020672322,61.97009590838454,False
2025-01-04 12:30:00,25.86868502828765,0.0,69.7938447788506,69.7356765855182,66.74351741281704,66.61103746814378,68.70825070756743,68.82658689007492,72.60926412662138,72.44416493698623,61.59900973890474,61.56324428625769,False
2025-01-04 12:45:00,25.958180945394094,0.0,69.7925651113672,69.73936051592324,66.74192534823064,66.37603790244475,68.7064397319309,68.78210642908027,72.6068387114949,72.50198543352931,61.596520671708475,61.602915325374134,False
2025-01-04 13:00:00,25.362726047277164,0.0,69.79903038022779,69.9175814674955,66.74996894215452,66.52003921040162,68.71558933098032,68.63803719723717,72.61909264550054,72.72169833246815,61.60909619530675,61.51698347900509,False
2025-01-04 13:15:00,25.853529258380057,0.0,69.79471333115778,69.963177525724,66.74459799928773,66.73784871814128,68.70947987615038,68.41535303637995,72.61091033544598,72.7168057974508,61.60069915047754,61.351715968264585,False
2025-01-04 13:30:00,25.412909128576935,0.0,69.80003038959377,69.62605449672873,66.75121307746171,66.68492657489976,68.71700453658767,68.68950990312358,72.62098801119056,72.52435677363259,61.61104130256376,61.699346794296034,False
2025-01-04 13:45:00,25.90784622781092,0.0,69.79289848430848,69.835074459155,66.74234010539286,66.63770652440341,68.70691151876804,68.57702053619319,72.6074705692119,72.36034612435478,61.597169111762696,61.64077908844272,False
2025-01-04 14:00:00,25.17794623257129,0.0,69.8056908144757,69.72533358356029,66.75825534595326,66.62310024156501,68.72501512659343,68.96136676541903,72.63171648582062,72.37629969403662,61.622051332960694,61.40584871300059,False
2025-01-04 14:15:00,25.97726500706923,0.0,69.79198358714171,69.68023614633287,66.74120186018595,66.64638898676462,68.70561676329412,68.79805207277711,72.60573652075307,72.25667155121127,61.595389555311314,61.31621050263548,False
2025-01-04 14:30:00,26.076044416268267,0.0,69.79092567527329,69.72556616204828,66.73988568700581,66.75502620576609,68.70411961450813,68.87418800539274,72.60373140967444,72.91976411966616,61.593331822531326,61.50680455155908,False
2025-01-04 14:45:00,26.16287140269593,0.0,69.78815981753208,69.55982992625336,66.73644461796432,66.8905817785474,68.7002053937842,68.54745806393001,72.59848914690691,72.61386000197238,61.58795198295404,61.551559125843994,False
2025-01-04 15:00:00,25.708764293892475,0.0,69.7948982795602,69.83636043419827,66.7448280979702,66.8941589971946,68.70974161371518,68.6902811832369,72.61126087701936,72.62177785082935,61.60105889158811,61.686735001531765,False
2025-01-04 15:15:00,26.85432561058615,0.0,69.780582978248,69.90348444280697,66.72701809298269,67.11756203779525,68.689482708772,68.63306708018807,72.58412840019085,72.51541612994063,61.573214355908405,61.688559236644465,False
2025-01-04 15:30:00,27.34971408141562,0.0,69.77332395408115,69.71284955254164,66.71798696930631,66.79915659503902,68.67920979328332,68.55507215717311,72.57037002370213,72.50878992549987,61.55909490756402,61.572533822669286,False
2025-01-04 15:45:00,28.289131418771607,0.0,69.75475483258234,69.47839716327773,66.69488468600164,66.40739506587391,68.65293091454247,68.46401895453654,72.53517507755303,72.33819991982304,61.52297631286342,61.49978469907043,False
2025-01-04 16:00:00,30.00086074111572,0.0,69.72804119131271,69.61192830856541,66.66164961299343,66.59557343386624,68.61512597370583,68.81350162343429,72.48454343264756,72.58383557106214,61.471015902024305,61.47343531431571,False
2025-01-04 16:15:00,32.343282518908886,0.0,69.68896720993604,69.73812918042883,66.61303674847736,66.7006621094802,68.55982877407344,68.42368614815835,72.41048464260354,72.41595675594567,61.39501352911857,61.09027059381912,False
2025-01-04 16:30:00,35.440556561942934,0.0,69.63071249118524,69.58870219715311,66.54056067487848,66.8130397242995,68.47738714159061,68.34520137447521,72.30007168152196,72.33268774381744,61.28170291417665,61.276329202176754,False
2025-01-04 16:45:00,38.298717476757524,0.0,69.57176218492015,69.58782793942157,66.46721920439911,66.59441301591868,68.39396111897696,68.60062155441817,72.18834034007942,72.18800280340379,61.16703931958483,61.289336730410575,False
2025-01-04 17:00:00,42.42641126070904,0.0,69.48297144401752,69.36867271544348,66.35675254331905,66.52035153373227,68.26830514146413,68.59990127307312,72.02005099236801,72.0017384091723,60.99433342264521,60.6654518990241,False
2025-01-04 17:15:00,47.06849181773473,0.0,69.38011550627405,69.46307702432784,66.22878703814045,66.26612407794171,68.12274420494334,68.27404445833658,71.82510320282233,71.8977712187096,60.794269465491936,60.976928243609606,False
2025-01-04 17:30:00,51.5068036457068,0.0,69.26371689327402,69.31753630585996,66.08397277032661,66.2197616805507,67.95801777796491,67.91194871700205,71.60448733164998,71.51426820991612,60.56786379913157,60.823878945194416,False
2025-01-04 17:45:00,55.168128632783876,0.0,69.15179915128446,69.17036015344617,65.94473326013079,65.8567559124928,67.7996326453738,67.80128007926116,71.39236427010903,71.60776337277419,60.35017382586105,60.433459837002964,False
2025-01-04 18:00:00,59.20354349846099,0.0,69.04505116011046,69.31239522901616,65.81192555921376,65.77985602993627,67.64856370460194,67.37849190084181,71.19003968511802,71.47399701793141,60.142539478238916,60.244898354710834,False
2025-01-04 18:15:00,62.98747886944742,0.0,68.9306553863589,69.09300817582765,65.66960307108549,65.58830556105156,67.48667168041148,67.65891014408888,70.97321989118582,71.05454918404446,59.92002951254845,59.956731801371554,False
2025-01-04 18:30:00,66.39907259279553,0.0,68.82383742630095,68.98068344433234,65.5367083202249,65.40690689540963,67.33550372021021,67.09221495118568,70.77076269081489,70.86292870924876,59.71225906921707,59.80694481842714,False
2025-01-04 18:45:00,69.58896026170859,0.0,68.73153985248793,68.6834587957373,65.42187872536783,65.54000113102566,67.2048848995805,67.19805118056732,70.59582667457688,70.52275964045461,59.53273207002012,59.485948373181806,False
2025-01-04 19:00:00,69.00555713329352,0.0,68.73605110736268,68.81101932300706,65.42749128427005,65.17562472012649,67.21126919298015,67.1950341922317,70.60437707220285,70.53933294942972,59.54150686243133,59.22875261792935,False
2025-01-04 19:15:00,70.12808842857746,0.0,68.69439831843727,68.37951736705308,65.37567006428156,65.5016052778977,67.15232248462573,67.36757341132407,70.52543054458792,70.74894919593241,59.46048847922749,59.51433194532521,False
2025-01-04 19:30:00,69.94138781976432,0.0,68.68278133845112,68.93513887625214,65.3612171046839,65.53125241011524,67.13588222338826,66.9946515830538,70.50341232552168,70.53361405350392,59.437892418784216,59.50381984042793,False
2025-01-04 19:45:00,68.01892090500013,0.0,68.76924546682355,69.11019424072046,65.46878917207978,65.5647795969499,67.25824559664085,67.47925755885711,70.66729193297088,70.69472914249019,59.60607284719234,59.59509009859477,False
2025-01-04 20:00:00,64.15874098836326,0.0,68.89163065461204,68.74706437652688,65.62105147919883,65.81099716277423,67.43144417847853,67.63729552990851,70.89925444632595,70.75058849898785,59.84412293455773,59.98932275524081,False
2025-01-04 20:15:00,61.39274333637427,0.0,68.98385897792161,69.05289177383688,65.7357949178666,65.88494748808525,67.56196499632534,67.57437272660482,71.07405920876519,71.28558350806048,60.02351523535958,60.06992716132357,False
2025-01-04 20:30:00,56.58427114141022,0.0,69.13026567808599,69.45406452969172,65.91794295675554,65.98841669523628,67.76915863877697,67.87610825257873,71.3515508460775,71.11032297439577,60.30828930316014,60.18488399969827,False
2025-01-04 20:45:00,52.36796246547774,0.0,69.2406916225203,68.95362466229597,66.05532648632479,66.21106997567236,67.92543259087617,67.84386517022327,71.56084643219764,71.77254398007915,60.52307759735672,60.50990224556616,False
2025-01-04 21:00:00,47.687624918853395,0.0,69.35262086406021,69.21799691843201,66.19458030338326,66.04565328220816,68.08383399754308,68.05435923448337,71.77299128938762,71.8970672093308,60.74078993827659,60.54115835038457,False
2025-01-04 21:15:00,43.3162279199554,0.0,69.46855766972661,69.37811092284156,66.33882002576938,66.27998612383134,68.24790687831464,67.96938531802361,71.99273187498235,71.89088497782956,60.96629734825396,60.96516225375929,False
2025-01-04 21:30:00,38.029560916981424,0.0,69.57778902567361,69.82639544370848,66.4747173395439,66.37203393591693,68.40249025792204,68.30002648768426,72.19976330027602,72.43036693306068,61.17876206147726,61.210481084331846,False
2025-01-04 21:45:00,34.2089862512348,0.0,69.6518440670286,69.85480510365991,66.56685096824737,66.78678139119121,68.50729238612385,68.38477340923332,72.3401233702301,72.33375829871824,61.3228057107372,61.33632923488734,False
2025-01-04 22:00:00,30.914797135394558,0.0,69.71488458766011,69.71568301672787,66.64528117117301,66.81631259301352,68.5965068488296,68.77762060307629,72.4596070910393,72.41022568128545,61.445425136462376,61.41333216488325,False
2025-01-04 22:15:00,27.626729882163357,0.0,69.76707694010867,69.85537296286928,66.71021491145159,66.69702893834621,68.67036906688246,68.52495928022167,72.55852975864877,72.41500425171682,61.54694390915651,61.764002713561176,False
2025-01-04 22:30:00,25.817439546817884,0.0,69.79671684205229,69.71967140294505,66.74709061458422,66.79077139475395,68.71231522944683,69.07121673789956,72.61470768568945,72.45609967398997,61.60459615755914,61.319923982574174,False
2025-01-04 22:45:00,23.06496270246266,0.0,69.83399945348675,69.83089349887082,66.79347479338084,66.7055870618131,68.76507729603622,68.80530171317952,72.68537120640673,72.54279077532887,61.67711415642452,61.65012314324203,False
2025-01-04 23:00:00,21.34233364834969,0.0,69.85531971062403,69.75030710617715,66.81999982961071,66.76789240457093,68.79524956089375,68.58092724575981,72.7257805118163,72.66239636439649,61.7185839549018,61.73640343588724,False
2025-01-04 23:15:00,20.332677905658915,0.0,69.86860351330391,69.86561826266792,66.83652652274985,66.738165003385,68.81404869686061,68.91770808174064,72.75095793983857,72.96635465855884,61.744422133897416,61.6747650750681,False
2025-01-04 23:30:00,19.464639461187662,0.0,69.87947019311345,69.93429329486922,66.85004601614955,67.08491294583004,68.82942713902591,68.90572607047862,72.7715540790118,72.50554189819036,61.76555879369067,61.83365813840771,False
2025-01-04 23:45:00,18.675031602833933,0.0,69.88714659473749,70.03649181565517,66.85959640899334,66.75607907782054,68.84029072390025,68.61745984997191,72.78610353100366,72.80727888382856,61.780490078352514,61.517018570240566,False
2025-01-05 00:00:00,17.60033596608144,0.0,69.90009600183147,69.61363156596953,66.8757070726741,66.68378255328702,68.85861662579123,68.703811789017,72.81064716304172,72.80114918408508,61.80567782815919,61.75082031031226,False
2025-01-05 00:15:00,17.367354826200028,0.0,69.90070226058334,69.97499320249364,66.87646133352813,66.89830588067971,68.85947459854063,68.91845906508836,72.81179623431724,72.68249888102024,61.80685705541268,61.93543860844617,False
2025-01-05 00:30:00,17.44552095063562,0.0,69.90091824510621,70.07883962042403,66.87673004498211,66.90835973529532,68.85978025818567,68.83334829934137,72.81220560013733,72.87225208638378,61.80727716454078,61.37804940902568,False
2025-01-05 00:45:00,17.265312936838416,0.0,69.90263639227791,69.89504217531936,66.87886763252078,66.98484750945545,68.86221176692379,68.85099642868909,72.81546208683692,72.64443105833924,61.81061911377269,61.78940871314888,False
2025-01-05 01:00:00,17.180366053943274,0.0,69.9022206724063,69.92650857749906,66.87835042559479,67.03425578233256,68.86162344334072,68.69871826038559,72.81467415303543,72.84102922146015,61.80981050160702,62.00329995639975,False
2025-01-05 01:15:00,17.224695057063578,0.0,69.90209658224157,69.81428980694561,66.8781960420855,66.82258948441454,68.86144783188851,68.72572670640635,72.81443895899754,72.78900635164247,61.80956913518767,62.085757477351706,False
2025-01-05 01:30:00,17.015960179531806,0.0,69.90451014177367,69.70921995624914,66.88119880859155,67.14031155158577,68.86486348288102,68.79551252705282,72.81901349408065,72.8151676350285,61.814263723379696,61.75384628221376,False
2025-01-05 01:45:00,17.12235026845602,0.0,69.90280102567195,70.27153756653243,66.8790724568207,67.08788309496683,68.86244475484408,68.73450408217523,72.81577412440097,72.91291023986022,61.81093934038307,61.68621092448311,False
2025-01-05 02:00:00,17.49496973579125,0.0,69.90046322546931,70.07447715246585,66.87616394428848,67.03307178194567,68.85913631787524,68.7886565304923,72.81134317960664,72.78632681950634,61.80639211083229,61.91885694388101,False
2025-01-05 02:15:00,17.257304680086385,0.0,69.90290991766409,69.66004914464636,66.87920793192389,66.89628921104519,68.86259885795862,69.02445030384403,72.81598051261375,72.63634226925862,61.81115114500345,61.90696505225485,False
2025-01-05 02:30:00,17.41577733551744,0.0,69.90061090816091,70.03140723311877,66.87634767981841,66.7721778935296,68.85934531729096,68.61680140726622,72.81162308969164,72.7315951608392,61.80667936681701,61.94004846444606,False
2025-01-05 02:45:00,17.281427126246495,0.0,69.90283473732855,69.62963218603986,66.8791143982901,67.14201153147275,68.86249246332265,68.98634950953645,72.81583801971972,72.93132241691093,61.811004912556726,61.95616372057365,False
2025-01-05 03:00:00,17.420044111649172,0.0,69.90130529227551,69.87674067665718,66.87721157952092,66.8130769248321,68.86032800437974,69.25553911754199,72.81293918919161,72.89632599388652,61.80803000574747,61.738459939544754,False
2025-01-05 03:15:00,17.376315136954958,0.0,69.90149355706374,70.12716956485212,66.87744580419734,66.77828543982626,68.86059443526841,68.93575725016179,72.81329601647003,72.9731926609315,61.80839619752378,61.866111479154526,False
2025-01-05 03:30:00,17.687787950197688,0.0,69.89753151053398,69.88906534600092,66.87251652838846,66.78601175504933,68.85498737731852,68.78756486285307,72.80578655974828,73.02772511579593,61.80068966424464,61.78440916934187,False
2025-01-05 03:45:00,17.916039690682254,0.0,69.89517997368552,70.0602355757901,66.86959092577027,66.97093192074495,68.8516595003536,68.93570887708844,72.80132957923061,72.76270139939415,61.79611571569464,61.88212008622058,False
2025-01-05 04:00:00,18.625907007133993,0.0,69.88931467575307,70.03478534886183,66.86229376987033,66.9934354217082,68.84335897557352,68.6960724986809,72.79021279888681,72.66188383095053,61.78470718897286,61.80101251189487,False
2025-01-05 04:15:00,18.880142143270202,0.0,69.8845888374128,69.92633877834838,66.85641424260267,66.65000774286669,68.83667100529442,68.7415213562656,72.7812556909317,72.72659142822206,61.77551501261465,61.712438761099115,False
2025-01-05 04:30:00,20.25726433662048,0.0,69.86752717858926,69.78723884359466,66.83518742927092,66.61581882154279,68.81252547620353,68.92950591808194,72.74891791105622,72.86184873612855,61.74232856704111,61.86880471354451,False
2025-01-05 04:45:00,22.166515756755345,0.0,69.84744352409871,69.94884035246974,66.81020087964528,66.65552056937935,68.78410324195491,68.78547922918223,72.71085239792365,72.69341240112709,61.70326407081818,61.97958666960342,False
2025-01-05 05:00:00,23.70798380872381,0.0,69.82538308226418,70.19947213312338,66.7827549621247,66.6454711039517,68.75288347337431,68.89998446752342,72.66904018497426,72.81461488210383,61.66035454719915,61.51100101317288,False
2025-01-05 05:15:00,26.98002518210434,0.0,69.77912899531663,69.86227849601148,66.72520915842418,66.75981000378127,68.68742504324666,68.8668759660522,72.58137259663967,72.59268252811158,61.57038622964514,61.54520511923119,False
2025-01-05 05:30:00,30.794202950716507,0.0,69.71719572069115,69.82696772983928,66.6481565064463,66.5484685056075,68.59977754662117,68.4429881294114,72.46398749226513,72.37882917077722,61.4499204959902,61.35679728813811,False
2025-01-05 05:45:00,35.575405217724224,0.0,69.63268054524032,69.60941100181046,66.54300917748222,66.75764703030588,68.48017231663901,68.68544272570378,72.30380182871792,72.34031166617801,61.28553095454855,61.16224718881709,False
2025-01-05 06:00:00,40.21012131778859,0.0,69.53105666337058,69.54998144283522,66.41657650216025,66.36563574831926,68.33635497616886,68.20288642722429,72.11118921373244,71.89089329918515,61.087863455771355,61.18279370430495,False
2025-01-05 06:15:00,48.01887582445505,0.0,69.35508431472611,69.19217327733425,66.19764514062906,66.00903776938186,68.08732025408663,68.16384106142866,71.77766038552828,72.00705740737337,60.74558156916606,60.755270017707545,False
2025-01-05 06:30:00,51.94991666392925,0.0,69.24334978081781,69.14172304896404,66.05863356394073,65.89759120457009,67.92919439617097,67.64493751867879,71.56588456704652,71.58343160215011,60.52824795192642,60.19182380868485,False
2025-01-05 06:45:00,60.19029974265303,0.0,69.02413883301742,68.89944595762475,65.78590803840137,65.84536931373243,67.6189687392234,67.66480576800878,71.15040354907678,71.2844733609671,60.101863140019546,60.214720699926445,False
2025-01-05 07:00:00,66.99768442436483,0.0,68.79256371909591,68.83808375421842,65.49779996131933,65.5745270166072,67.29124540893413,67.31249391354278,70.71148813434026,70.65190898785269,59.651428924107606,59.60156254395664,False
2025-01-05 07:15:00,74.04785175701114,0.0,68.55638604619544,68.54228377008266,65.20396573173912,65.1044896691436,66.9570085723752,66.85767184947652,70.26384926893209,70.08228945976467,59.192042321172195,59.33886852235778,False
2025-01-05 07:30:00,78.46707469889112,0.0,68.38696173109945,68.50824389353976,64.99318093363786,64.90911361216871,66.71724057729581,66.50626548324398,69.94273124261419,70.09591458599705,58.8624969428525,58.78193239441759,False
2025-01-05 07:45:00,84.16874450653299,0.0,68.19409398701539,68.36548237043391,64.75322961098387,64.75623520461382,66.44429562079232,66.26442805187054,69.57717976149686,69.6587613121137,58.487352007759895,58.414603549120635,False
2025-01-05 08:00:00,85.70494965095168,0.0,68.09198689570435,67.75673157101956,64.62619576336563,64.67980050918898,66.29979444601604,66.59148411485508,69.38365129649301,69.62003933977482,58.28874462359457,58.56338776690805,False
2025-01-05 08:15:00,87.84547278688015,0.0,68.03098291280037,67.92268373183987,64.55029926520064,64.58394267511318,66.21346207592826,66.02251921161731,69.26802752326695,69.17135915853454,58.17008644508171,58.06864944047717,False
2025-01-05 08:30:00,86.5981880982622,0.0,68.08639818558211,68.12792114498174,64.61924271690305,64.41667950419473,66.29188534618982,66.24513943109736,69.37305874628504,69.26114127384363,58.27787408479085,58.408325448295024,False
2025-01-05 08:45:00,83.09901430566661,0.0,68.20163706585436,68.0883541529418,64.76261413379699,64.35168416545356,66.45497052828071,66.1899262435612,69.59147652042267,69.804720567135,58.50202396773351,58.441835726835535,False
2025-01-05 09:00:00,79.70339709182794,0.0,68.36404775959745,68.5538217514207,64.96467311966784,64.96834042795581,66.68481290005704,66.64080243639745,69.89930129396934,69.87948611204737,58.817927228032445,58.852001647790566,False
2025-01-05 09:15:00,71.77464870640944,0.0,68.61081130408463,68.7197156590405,65.27167748249514,65.44706799885566,67.03403078113172,66.85857938097806,70.36700406926458,70.48023335313569,59.297904293764816,59.25371898056557,False
2025-01-05 09:30:00,64.03920791085505,0.0,68.88571017204474,68.73299253031693,65.61368566678938,65.69336915107827,67.42306555682521,67.44013549162625,70.88803307189832,70.91568807797466,59.83260706880762,60.12524859121062,False
2025-01-05 09:45:00,58.887962667797176,0.0,69.05015675988757,69.09582208830965,65.81827755666822,65.70783658918747,67.65578911036228,67.66003812212472,71.1997165731294,70.95972417301674,60.152470324405385,60.36395625699664,False
2025-01-05 10:00:00,53.60245250630614,0.0,69.20670683379257,69.20183568520495,66.0130452067668,66.16725324157669,67.87733757776174,67.86934214741306,71.49643343294836,71.49182185810929,60.456974157292294,60.369369757308995,False
2025-01-05 10:15:00,46.87342698861645,0.0,69.38769607960889,69.27005730327161,66.238218208743,66.21946154636403,68.1334721743557,68.04195734444714,71.8394710268638,72.18442063730603,60.80901435559872,60.795554740111974,False
2025-01-05 10:30:00,41.04394971502534,0.0,69.51650671797559,69.55539986420582,66.39847457091889,66.20026996017211,68.31576400471408,68.2487031159339,72.08361200472524,72.11519220534363,61.05956251645787,61.297463091101854,False
2025-01-05 10:45:00,36.99000904603414,0.0,69.59827491603107,69.69438428256151,66.50020432032633,66.74431452124604,68.43148173329341,68.42262540069765,72.23859119032952,72.59712459692729,61.218608942276035,61.145799511838916,False
2025-01-05 11:00:00,32.86443939090178,0.0,69.68374087103332,70.03339457176703,66.60653453662074,66.72945167251342,68.55243249922582,68.50231438921877,72.40057891193933,72.58793231647036,61.38484783460218,61.488001662369854,False
2025-01-05 11:15:00,29.90055992696477,0.0,69.73211467894443,69.6923106626973,66.6667175353135,66.59733932772207,68.62089074225091,68.32483834078961,72.49226410903212,72.65131318974908,61.47893919816936,61.438379714798856,False
2025-01-05 11:30:00,28.920678554652092,0.0,69.74557632964417,69.69258977587002,66.68346549338104,66.62029254598247,68.63994156737543,68.65774119283402,72.51777862093226,72.66586572387978,61.5051233073992,61.42011635360268,False
2025-01-05 11:45:00,27.217052927873265,0.0,69.77241244060966,69.82920833918536,66.7168529338348,66.41014369438408,68.67791982638903,68.49411105646867,72.5686423885231,72.79382776809719,61.5573219327012,61.61761117516302,False
2025-01-05 12:00:00,26.15523575571337,0.0,69.78961889163884,69.7916043925591,66.73825988657461,66.84861989061663,68.7022702643021,68.49853075507328,72.60125460000704,72.47511222920647,61.590790012006906,61.631733375236415,False
2025-01-05 12:15:00,25.914665889818924,0.0,69.79319458782965,69.60876847822571,66.74270849478778,66.79627779622848,68.70733056220678,68.8710681051134,72.60803178841026,72.68105457048264,61.59774505947624,61.61861182044048,False
2025-01-05 12:30:00,25.400786102507638,0.0,69.80116268472086,69.7903628958549,66.75262179261351,66.94157767054557,68.71860695199254,68.70075267600252,72.62313410442526,72.489663506023,61.613243717405,61.53940665409019,False
2025-01-05 12:45:00,25.36940762551975,0.0,69.79993969759897,69.87273519005845,66.7511002454056,66.82952680951794,68.71687618997017,68.85022366703086,72.62081611830524,72.834350039145,61.61086489855879,61.76024370721464,False
2025-01-05 13:00:00,25.297612235182907,0.0,69.80137468987013,69.79000896840115,66.75288555323466,66.68520924964875,68.71890698005852,68.54815797101438,72.6235359279481,72.55728215882215,61.61365608629741,61.54247914625456,False
2025-01-05 13:15:00,25.56957123187156,0.0,69.79841537420528,69.97518300175302,66.74920379861413,66.77908950480152,68.71471897916051,69.08549034056882,72.61792699510382,72.64350322300676,61.60789995383317,61.56439008774258,False
2025-01-05 13:30:00,25.59033694316378,0.0,69.79573488114312,69.86102297471878,66.74586893378908,67.05737563266794,68.7109255658775,68.58412749613086,72.61284652810477,72.74170343683143,61.602686156157475,61.6338487457996,False
2025-01-05 13:45:00,25.999357805319885,0.0,69.79369349262916,69.98383702674974,66.74332919405033,66.61475273348371,68.70803660846373,68.70669652827993,72.60897738659347,72.35017424729232,61.59871547373355,61.4098945047809,False
2025-01-05 14:00:00,25.43721912826957,0.0,69.79860766326357,69.63228721702286,66.74944302998001,66.78386208464877,68.71499110516525,68.6366292404506,72.61829144977388,72.54766820110754,61.60827397317276,61.71917287702399,False
2025-01-05 14:15:00,25.346293284875784,0.0,69.80049986055394,69.82361185937627,66.75179715738848,66.8972086260007,68.71766892830031,68.9033929735238,72.62187782200716,72.52211856395292,61.61195446538292,61.75256101042087,False
2025-01-05 14:30:00,26.04248847883116,0.0,69.78987086176271,69.61980520794975,66.73857336856591,66.93784519018467,68.70262685049445,68.60415393447164,72.60173217106185,72.90371913928105,61.591280116333195,61.67997822566107,False
2025-01-05 14:45:00,25.672365210153988,0.0,69.79710386277674,69.9142810435603,66.74757211622234,66.90546877886467,68.71286293821632,68.70225559945764,72.61544122462152,72.62213996676604,61.60534894732818,61.71910190222479,False
2025-01-05 15:00:00,25.75772894302311,0.0,69.79608745609,69.67414135239397,66.74630758062052,66.78157557209327,68.71142452724607,68.89374688972072,72.6135147803033,72.85591214392761,61.60337194582213,61.72030135893785,False
2025-01-05 15:15:00,26.788914606129392,0.0,69.78054618332817,69.68053355579714,66.7269723155526,66.70398767151387,68.68943063688288,68.56581102868195,72.58405866101539,72.39674726940923,61.57314278651313,61.62317513825856,False
2025-01-05 15:30:00,27.49597576570671,0.0,69.7681362195144,69.85005299414827,66.71153278601722,66.7479294267158,68.67186815099677,68.7553606508484,72.56053746168644,72.55413499725232,61.5490043019183,61.61093801120166,False
2025-01-05 15:45:00,28.573772556508697,0.0,69.75028409942577,69.85054675221868,66.6893225411274,66.58887032691656,68.64660396716845,68.65437878201737,72.5267014826818,72.43316110623739,61.51428033880184,61.43530433432442,False
2025-01-05 16:00:00,30.62424504127252,0.0,69.71797192727726,69.87782470348527,66.64912220342104,66.72973728155515,68.60087602824589,68.89670542103747,72.46545867381754,72.43707181933227,61.45143028691294,61.90619464917953,False
2025-01-05 16:15:00,32.570481852925056,0.0,69.68497266876687,69.62530598167584,66.60806704531886,66.6639158793279,68.55417572995835,68.67951796914129,72.40291359723399,72.38582613827603,61.38724379087252,61.65375176794016,False
2025-01-05 16:30:00,35.658839144543016,0.0,69.63404270837819,69.49769305420114,66.5447038768637,66.60747873804625,68.4821000394948,68.46199595637339,72.30638360181291,72.21514764241232,61.28818048313802,61.17170932191576,False
2025-01-05 16:45:00,38.45296679312097,0.0,69.57294572905181,69.35439791593463,66.46869167964975,66.36395846068987,68.39563606158119,68.38790088565976,72.19058356800916,72.27258362290164,61.16934141830302,61.25256089656182,False
2025-01-05 17:00:00,42.10277793736974,0.0,69.49629782186977,69.54736388839501,66.37333220523722,66.24192328562063,68.28716452948937,68.19421808203727,72.0453091151555,71.90765276898047,61.020254414141974,60.84199608595223,False
2025-01-05 17:15:00,46.67740042574745,0.0,69.38626232901252,69.53276213450924,66.23643444571101,66.24233140561465,68.13144314147608,68.24796429630585,71.8367535706269,71.57256015993052,60.80622558302831,60.935688710735114,False
2025-01-05 17:30:00,51.149624629405054,0.0,69.2756875323759,69.3326910272332,66.09886572559584,65.9508074524153,67.97495853487844,67.75025256856978,71.627175857792,71.52036773286456,60.5911477580445,60.67588535023544,False
2025-01-05 17:45:00,54.1724051441822,0.0,69.18534755692816,69.03818265180793,65.9864716251714,65.87798627228028,67.84711009248481,67.79351433344479,71.45595017157956,71.25164254695166,60.41542846197156,60.20212069705054,False
2025-01-05 18:00:00,59.64253934973269,0.0,69.03970058692923,68.8626114359662,65.80526878455252,65.78789825805676,67.6409916143535,67.79977453677476,71.1798984872701,70.98463152665806,60.132132136988915,60.10116527322733,False
2025-01-05 18:15:00,62.8349460885179,0.0,68.93158650145241,68.84553604782366,65.67076149339879,65.84528586554475,67.48798938737131,67.44205907552558,70.97498467825866,71.1406589320395,59.92184061431138,59.986185422980455,False
2025-01-05 18:30:00,66.89426580669051,0.0,68.80951241554943,68.85757984262634,65.51888623549442,65.67201865864479,67.31523107454281,67.23297924386306,70.74361181122052,70.74979272123777,59.684395647813304,59.67516829587261,False
2025-01-05 18:45:00,68.31856179596117,0.0,68.76486090089652,68.9174074581322,65.46333422989409,65.53328354571966,67.25204059247109,67.05450183142615,70.65898165498054,70.84022107880261,59.597544476064556,59.93265843818421,False
2025-01-05 19:00:00,70.85518236779016,0.0,68.65969714808159,68.67250285532198,65.33249751739434,65.08327177943357,67.10321365370984,66.82659558603471,70.45965975289721,70.49792205947738,59.392991613110624,59.304194791951126,False
2025-01-05 19:15:00,70.5831997683168,0.0,68.6866865789612,68.7790243721404,65.36607570678004,65.14816207476572,67.14140888989346,67.0740772468514,70.51081411507113,70.73729471753917,59.44548845929705,59.284195202263845,False
2025-01-05 19:30:00,69.49910536544611,0.0,68.72609389844618,68.80796296242367,65.41510328512172,65.57970241120215,67.19717782706766,67.30837009211541,70.5855046968116,70.72187863714367,59.52213920450376,59.349400174492565,False
2025-01-05 19:45:00,66.65977999173559,0.0,68.79907077679155,68.83800204162728,65.50589554572126,65.54463247377085,67.30045414722338,67.37322253105381,70.7238212727282,70.77436477413723,59.66408573071091,59.5375142339322,False
2025-01-05 20:00:00,65.17676524467494,0.0,68.85643932633663,68.88431451296447,65.57726911524925,65.74967564139293,67.3816416798231,67.37493173969493,70.83255463483275,70.6217799807312,59.77567266764369,59.92059211979431,False
2025-01-05 20:15:00,60.973636986783,0.0,68.9838178120698,68.88669889779787,65.73574370245662,65.98238895899166,67.56190673872675,67.43042201509927,71.07398118515289,71.02336672203697,60.02343516411247,60.03955246951707,False
2025-01-05 20:30:00,56.894920302168146,0.0,69.11126811963766,69.35305469125778,65.89430764490737,65.82073832080331,67.74227343934155,67.80154486219631,71.31554386283943,70.90312855493364,60.27133736044486,60.26549798037213,False
2025-01-05 20:45:00,51.51406209600667,0.0,69.25611874369189,69.41833631413617,66.0745197326991,66.02558318045553,67.94726493478186,67.92064331171782,71.5900861945044,71.53350726328604,60.55308472165878,60.265562340894014,False
2025-01-05 21:00:00,47.797804571638714,0.0,69.35520009706757,69.03870750003557,66.1977891881788,66.08284188573644,68.0874841083708,68.02752609992734,71.77787983335054,72.03942311344427,60.74580677612951,60.86109734095397,False
2025-01-05 21:15:00,43.18302811583773,0.0,69.46385468599635,69.35277731292119,66.33296893246273,66.48433390302283,68.24125125170485,68.0374196648164,71.98381808446534,72.14480675923372,60.95714962614731,60.896229579326665,False
2025-01-05 21:30:00,38.39433951573082,0.0,69.57341237310082,69.61501400005885,66.4692722425494,66.39505997797053,68.39629645267071,68.47938947857001,72.19146802084545,72.10401893829584,61.170249082528144,61.26330494161785,False
2025-01-05 21:45:00,34.5110860276231,0.0,69.65123542642453,69.58502807956964,66.56609374407466,66.58882486343946,68.50643104259545,68.5889691040505,72.33896978451594,72.64823965742568,61.321621850569144,61.46253491383887,False
2025-01-05 22:00:00,31.7384648288449,0.0,69.69805063207586,69.77544440359104,66.62433764882756,66.69703417552432,68.57268356362168,68.67828582476993,72.42770088802912,72.27635599139089,61.41268159396401,61.3460963485012,False
2025-01-05 22:15:00,27.911824475225743,0.0,69.76169941245163,69.73557322811845,66.7035246020894,66.72425811591054,68.66275883086597,68.82587702388824,72.5483374726907,72.67781008349633,61.536484139051126,61.51222598859494,False
2025-01-05 22:30:00,25.65065685590367,0.0,69.79858371718471,69.91466739432119,66.7494132380969,66.5084747153526,68.71495721685756,68.66798412602131,72.61824606362269,72.64307338292521,61.608227395917254,61.72505185348541,False
2025-01-05 22:45:00,23.27816571722835,0.0,69.83053986145022,69.91832699115405,66.78917063309231,66.79879115344903,68.7601813078428,68.65910355461571,72.67881407577283,72.63962441711665,61.670384941873024,61.67323361986904,False
2025-01-05 23:00:00,21.095619312268955,0.0,69.8576852955667,69.79806279532728,66.82294290979527,66.83137375775864,68.7985973186142,68.75639181982834,72.73026411836025,72.69324054903352,61.7231852282458,61.79638393386649,False
2025-01-05 23:15:00,19.998626118257345,0.0,69.87189469566128,69.81966922703577,66.84062116057282,66.95523832139808,68.81870635296407,69.07183930888706,72.75719587553435,72.87451511139857,61.75082377662787,61.53058421264754,False
2025-01-05 23:30:00,19.52976024498045,0.0,69.87835744127857,69.9049961088171,66.8486616152699,66.92955729821134,68.82785238113887,68.69029503916975,72.76944502711586,72.77918649024848,61.76339439229311,61.826442816759524,False
2025-01-05 23:45:00,18.595838167086008,0.0,69.88836709509637,69.83659356500993,66.86111486236052,66.45554221034952,68.84201796667458,68.74879867153791,72.78841680384268,72.70975456989703,61.7828640602234,61.62992638399829,False
2025-01-06 00:00:00,17.272422040381045,0.0,69.90253503035542,69.56365294871878,66.8787415257553,66.91106772115056,68.86206832030629,68.72281970068794,72.81526997072618,72.88812331460475,61.81042195580831,61.61814426864901,False
2025-01-06 00:15:00,17.190866458580103,0.0,69.90294474491535,69.9484100276579,66.87925126133095,66.89795585297865,68.8626481452182,68.82437351896499,72.81604652237264,72.58560567526601,61.8112188871082,61.589637692589044,False
2025-01-06 00:30:00,17.29427968841284,0.0,69.90244805080901,69.81121085872914,66.87863331244422,66.97241510203114,68.86194522751735,68.8200620896356,72.81510511422215,72.67035320550522,61.8102527728459,61.76853832889771,False
2025-01-06 00:45:00,17.301661797419236,0.0,69.90184379655724,70.18360066635621,66.87788154543597,66.77754514443545,68.86109009152113,68.85006829228257,72.81395984217174,72.87787843419466,61.80907744452355,61.80556400064343,False
2025-01-06 01:00:00,17.052550147765594,0.0,69.90520951804992,69.82858433419196,66.88206891916045,66.72101355725277,68.86585323483885,68.60686223267028,72.82033905546398,72.70098722921338,61.81562407250914,61.65856031439417,False
2025-01-06 01:15:00,17.44245291432819,0.0,69.90133243356678,69.76575054012964,66.87724534664346,66.838211052059,68.86036641452766,68.58163001521078,72.81299063138209,72.73883963885469,61.80808279797567,61.86793008308102,False
2025-01-06 01:30:00,17.193259006667404,0.0,69.90369156012059,70.06146978919972,66.88018039179356,66.65282660356654,68.86370503238552,68.67656086251395,72.8174619970321,72.92391127687777,61.812671509178344,62.06333969346283,False
2025-01-06 01:45:00,17.283086153412647,0.0,69.90244922751542,69.57317166553709,66.8786347764124,66.57526771800588,68.86194689278328,68.88135832331766,72.81510734449029,72.76139794405461,61.81025506164467,61.64437978432185,False
2025-01-06 02:00:00,17.384934725117088,0.0,69.90210725575487,70.04376963603592,66.8782093212559,66.8986996637078,68.86146293696288,69.04572209221304,72.81445918901879,72.81565829345111,61.80958989612121,61.79228964690011,False
2025-01-06 02:15:00,17.187575927371928,0.0,69.90396297198069,70.32613008997062,66.88051806170895,66.93680668343397,68.86408913237439,68.92121352030004,72.81797641694155,72.89674081303744,61.81319942941256,62.09476990071231,False
2025-01-06 02:30:00,17.001197096179236,0.0,69.90487092119271,70.11539147890784,66.88164766280093,66.83051317588418,68.86537405515585,68.88144731608175,72.81969729660862,72.62780920078234,61.81496547147327,61.893895774191854,False
2025-01-06 02:45:00,17.35358490697169,0.0,69.9013906607459,69.85877580994179,66.87731778845442,67.1660697087148,68.86044881718628,69.15778786220812,72.813100992146,72.82007796767822,61.80819605502357,61.8177927117289,False
2025-01-06 03:00:00,17.511565382048644,0.0,69.89881681120502,69.84947883065502,66.8741156013568,66.81091501015995,68.8568063249991,69.00359525454884,72.80822265172523,72.72747778742773,61.80318968849237,61.79752643332509,False
2025-01-06 03:15:00,17.60402996730282,0.0,69.89830944616402,70.1894394870413,66.8734843765076,66.98166818242757,68.85608830587306,69.07535818100516,72.80726101844078,72.68034569801418,61.80220281831204,61.83765146061627,False
2025-01-06 03:30:00,17.736030692109914,0.0,69.89798373527805,70.01381545688092,66.8730791518898,66.8883522438553,68.85562736231806,68.64373120892787,72.80664368298456,72.6093893171539,61.80156928163768,61.59439469191407,False
2025-01-06 03:45:00,18.405795781640947,0.0,69.89008957984254,70.09445831644257,66.86325784637819,66.57886006650628,68.84445561391495,69.05761700462541,72.79168151175509,72.93214157430728,61.786214446423884,61.55441945459457,False
2025-01-06 04:00:00,18.834858422294754,0.0,69.88651345235475,69.96907847899496,66.85880870157813,66.66244444371993,68.83939470564202,68.93100602901146,72.78490350589398,72.46427841648189,61.7792585600435,61.74583523367992,False
2025-01-06 04:15:00,19.377057257256318,0.0,69.88033906959485,69.80549843710057,66.8511270059331,66.98452894399895,68.83065676637786,68.97686953864084,72.77320090225973,72.96970685618977,61.7672488358116,61.898400200078555,False
2025-01-06 04:30:00,20.507631083203375,0.0,69.86574137184299,69.90557066921046,66.83296566485508,66.84639201481966,68.80999821615289,68.77440925828829,72.74553318592142,72.56367794196245,61.73885501391223,61.595558287589256,False
2025-01-06 04:45:00,22.036874629055426,0.0,69.8476053620158,70.06372725171644,66.81040222602617,66.80413264184484,68.78433227373755,68.9348537173692,72.71115913708606,72.87305648555088,61.70357885997677,61.66886184032345,False
2025-01-06 05:00:00,23.985774380891883,0.0,69.82068174910357,70.01900213321534,66.7769059223307,66.87228242307059,68.74623018263812,68.56765761943487,72.66012952286103,72.6843582206841,61.6512100355974,61.89842685987098,False
2025-01-06 05:15:00,27.127794909092007,0.0,69.7768499055348,69.85873173119568,66.7223736889153,66.56688025404061,68.68419969281639,68.76080588519842,72.5770529285204,72.36797765571521,61.56595319709035,61.47210958113014,False
2025-01-06 05:30:00,30.540293644339336,0.0,69.71835917909945,69.67268750793747,66.64960399257345,66.71657314576022,68.6014240640633,68.59241022690003,72.46619265076056,72.46807942611333,61.45218352618804,61.55070630519606,False
2025-01-06 05:45:00,34.839616455301645,0.0,69.6389591140949,69.59211888490391,66.55082049351225,66.31297998732221,68.48905769926766,68.35098933583026,72.3157019012519,72.55093286831148,61.29774333001127,61.355451827199055,False
2025-01-06 06:00:00,39.814351533222116,0.0,69.54383117417277,69.52700658915617,66.43246957322711,66.66664755320359,68.35443336616513,68.32641964594447,72.13540135644426,72.33145128945486,61.11271101671768,61.16550063234048,False
2025-01-06 06:15:00,45.93057531248925,0.0,69.40509463236958,69.54572307063205,66.25986415979102,66.20962435419997,68.15809447317002,68.28755834121166,71.87244733796857,71.75032184067065,60.84285608987696,60.869413492003446,False
2025-01-06 06:30:00,52.96338561329751,0.0,69.21905296904046,69.27973474800339,66.0284053256736,65.98844576439473,67.8948097339496,67.79745077099341,71.51983365493675,71.76065616235584,60.480988489643394,60.63833141959761,False
2025-01-06 06:45:00,60.52168315664693,0.0,69.00395368604175,68.89255185783658,65.76079521957423,65.58309252302489,67.59040287358604,67.7454742897959,71.1121456723719,70.85653072852479,60.06260123187633,60.20162961891281,False
2025-01-06 07:00:00,66.73958431336855,0.0,68.79724726945196,68.85870995239546,65.5036268771055,65.59080669890464,67.29787353358132,67.17392205705698,70.7203650918516,70.82802393316412,59.660538846571185,59.67754442727497,False
2025-01-06 07:15:00,73.83901709660195,0.0,68.5720940792841,68.77928593161793,65.22350846727431,65.47499768701117,66.97923846067765,67.08684072931895,70.2936214570617,70.11506993383645,59.22259584416523,59.29618687953361,False
2025-01-06 07:30:00,79.96347736496858,0.0,68.33876800660919,68.45651114991237,64.9332219809888,64.98771144287593,66.64903718695072,66.63817533612614,69.85138736626183,69.76013224187624,58.76875585757344,58.484065529798215,False
2025-01-06 07:45:00,83.63823023567046,0.0,68.18924766730775,68.27288404373148,64.74720018999696,64.54656863600303,66.43743714620344,66.53418964960069,69.56799429943047,69.87617606362359,58.47792548441444,58.48969300403113,False
2025-01-06 08:00:00,86.30573394056248,0.0,68.08101369862693,68.38586425233348,64.61254374931328,64.45899658505829,66.28426526142772,66.3147463014368,69.36285327003543,69.24290465669078,58.26740077823075,58.185350070104,False
2025-01-06 08:15:00,87.70750282243337,0.0,68.01522844567023,68.28537703577354,64.5306987599759,64.59792008166991,66.19116647452532,66.13467726607179,69.2381673264726,69.61207815646839,58.13944260374362,58.07530943154419,False
2025-01-06 08:30:00,84.0131707957034,0.0,68.17596733963211,68.38538107501883,64.7306778201929,64.87591465904859,66.41864292803601,66.78131375845348,69.54282345775027,69.33439495491756,58.45209406461149,58.670819685733356,False
2025-01-06 08:45:00,82.88829147554513,0.0,68.20987714756059,67.96271057639493,64.77286581436485,64.99307808776464,66.4666318288967,66.58460934159648,69.60709434229626,69.60125783707834,58.518051660345094,58.61481856349426,False
2025-01-06 09:00:00,77.57303325179079,0.0,68.42966700236262,68.36015031031882,65.04631157179895,64.76840239254541,66.77767675060593,66.90694052473644,70.02367259045802,70.20241163258541,58.94556249791573,58.840360875451154,False
2025-01-06 09:15:00,72.5900520596079,0.0,68.6283862885914,68.67762738290355,65.29354293645197,65.19940635027032,67.05890276480396,66.92638899139081,70.40031477991546,70.55812601281902,59.332089203498526,59.32250861572985,False
2025-01-06 09:30:00,65.62420550743482,0.0,68.83942696316144,68.70051525710888,65.55610363179974,65.74014476326514,67.35756591355677,67.45218593817867,70.80031028736276,70.90934121691723,59.74258210649546,59.92117220832565,False
2025-01-06 09:45:00,58.67238174303745,0.0,69.05191243709044,69.02619496236727,65.82046183620636,65.62684985566902,67.6582737313135,67.61873520878976,71.20304419229619,71.40350111097771,60.15588527288965,60.19148598845872,False
2025-01-06 10:00:00,51.98751324934382,0.0,69.25758551662295,69.5073019254352,66.07634457959885,66.06279672806059,67.94934070061703,67.85222916976178,71.5928662395553,71.55176747482075,60.55593772561046,60.33434156246286,False
2025-01-06 10:15:00,46.388336021760104,0.0,69.39570947391535,69.60081970307611,66.24818786215448,66.25593561932158,68.144812668697,68.35924246488227,71.85465919724136,71.89316337209782,60.82460112103338,60.95258602046374,False
2025-01-06 10:30:00,41.34647405399877,0.0,69.50913388168958,69.56132405326699,66.38930185089286,66.35437424347552,68.30533002318475,68.59264522692068,72.06963791467116,71.93359736690678,61.04522169340805,61.045867839759524,False
2025-01-06 10:45:00,36.582881592721286,0.0,69.60544623826777,69.5410253413836,66.50912633195686,66.5563382777953,68.4416305336813,68.41630414590087,72.25218334114594,72.01489046353025,61.23255780255752,61.23399064549605,False
2025-01-06 11:00:00,32.258346912158046,0.0,69.68684253755109,69.7073735356545,66.61039339330459,66.68357589460753,68.55682195396228,68.63582666027797,72.40645764917907,72.49153325523203,61.39088085215006,61.10099249900897,False
2025-01-06 11:15:00,30.948021263280303,0.0,69.71409984308677,69.55701852907522,66.64430485188647,66.73593100655698,68.59539628431064,68.49235564106075,72.45811972703012,72.47007063792026,61.44389873839398,61.34891060805295,False
2025-01-06 11:30:00,28.662173073201618,0.0,69.75571467793141,69.68847121188477,66.69607885230529,66.53855303435319,68.65428928034021,68.69445540996408,72.53699431845641,72.35508649860002,61.524843297531405,61.58896545384953,False
2025-01-06 11:45:00,27.292941145532637,0.0,69.77118895917825,69.87894114221237,66.7153307716448,66.70248967698363,68.67618836482369,68.38537547077316,72.56632346551449,72.36798050612946,61.55494215237886,61.74736108079426,False
2025-01-06 12:00:00,25.949927083854003,0.0,69.79167825646121,69.7668306851086,66.74082199106392,66.58151505223694,68.7051846616501,68.52116935146735,72.60515781287744,72.59758670196022,61.5947956599514,61.46106624175059,False
2025-01-06 12:15:00,25.547364131789294,0.0,69.79831780129453,69.8766718333697,66.74908240584769,66.71426355227338,68.71458089472328,68.6877950995392,72.61774206048842,72.70728394508475,61.607710165833765,61.58640422459882,False
2025-01-06 12:30:00,25.793588113595835,0.0,69.79628832543382,69.89651800196746,66.74655748692275,66.72449646199647,68.71170879600534,68.72379996234842,72.6138954976001,72.4966269631401,61.6037626545813,61.474660198106626,False
2025-01-06 12:45:00,25.767343895639264,0.0,69.79688520489738,69.86517997065987,66.74730007878239,66.78942823109122,68.71255349525764,68.71948398662988,72.61502679186079,72.7194885754842,61.60492363828379,61.74518995243721,False
2025-01-06 13:00:00,25.49600563191155,0.0,69.7983845135738,70.00643342306012,66.74916540417242,66.78343450643226,68.71467530543076,68.80953173431563,72.61786850346951,72.66018168709473,61.6078399271571,61.644890933279726,False
2025-01-06 13:15:00,25.98961935118443,0.0,69.79458945653293,70.22138361576908,66.74444388393674,66.68822462271822,68.7093045697286,68.71995377704235,72.61067554993132,72.54374476027922,61.600458203302594,61.527255218068305,False
2025-01-06 13:30:00,25.79914861287791,0.0,69.79922817735316,69.72811610634821,66.75021502623704,66.51209110267735,68.71586925195956,68.60222749327822,72.61946753987426,72.36320755593127,61.60948092832729,61.704251633209076,False
2025-01-06 13:45:00,25.533901826967163,0.0,69.79798519829627,69.54797150834774,66.74866860658996,66.88366855625442,68.71411019750373,68.60507145366421,72.61711166208136,72.81201370166438,61.60706322338733,61.56475886621884,False
2025-01-06 14:00:00,25.670743737938057,0.0,69.7975253971222,69.91119191126263,66.74809655707284,66.7139834624595,68.71345949039839,68.63895078497934,72.61624017887412,72.5864154384273,61.60616886916337,61.41539059148823,False
2025-01-06 14:15:00,25.31781103352878,0.0,69.80377355928493,69.7371553411301,66.75587004341823,66.86977782474284,68.7223018417093,68.7677590841492,72.62808262014754,72.7166307060955,61.618322100903185,61.608565249995365,False
2025-01-06 14:30:00,25.96083135787715,0.0,69.79330325093302,69.86022440157018,66.74284368512504,66.88197555172206,68.70748434139963,68.82004787456017,72.60823774279915,72.54231821579711,61.59795641888752,61.39637158213382,False
2025-01-06 14:45:00,25.738773221636592,0.0,69.79304994852575,69.95662074719654,66.74252854560835,66.60208035435156,68.70712586977001,68.57116121087843,72.60775764660387,72.67674268655004,61.59746372315156,61.5867886748236,False
2025-01-06 15:00:00,26.128620795579987,0.0,69.78965749145198,69.51179405420363,66.73830790951521,66.5965194267342,68.70232489046246,68.90507709639148,72.60132776008335,72.87505961275441,61.59086509208045,61.40851663680966,False
2025-01-06 15:15:00,26.658203437919344,0.0,69.78338650403315,70.05057054317038,66.73050602572869,66.65657568355503,68.69345023702358,68.62191763356859,72.58944205700763,72.82175089077705,61.57866746318494,61.522449090277206,False
2025-01-06 15:30:00,26.948742100907097,0.0,69.77728396788824,69.75159905627439,66.72291371615684,66.47397419040787,68.6848139745395,68.52649890739615,72.57787562770702,72.70375583097986,61.56679748701643,61.559311678353424,False
2025-01-06 15:45:00,28.40114319223053,0.0,69.75541313343051,69.72231472244431,66.69570369365871,66.74087066872382,68.65386253686846,68.80129996783772,72.53642278670817,72.14265078409365,61.52425676662766,61.39949259048824,False
2025-01-06 16:00:00,30.378027391456822,0.0,69.72497012318988,69.78547655956889,66.6578288244965,66.69795986741549,68.61077982158389,68.56504964213488,72.47872269001257,72.3996947106145,61.465042401079046,61.42821717761872,False
2025-01-06 16:15:00,32.37771583820508,0.0,69.6906935319274,69.6812725234558,66.61518450650249,66.64268583860225,68.56227185175375,68.79632449123491,72.41375662343067,72.36871038469522,61.39837137910261,61.54219237750426,False
2025-01-06 16:30:00,35.19726834667877,0.0,69.636298707844,69.60469086098249,66.54751061916427,66.49815256835704,68.48529271268637,68.44691924254998,72.3106595057491,72.43879548483562,61.292568602971954,61.32722009956028,False
2025-01-06 16:45:00,38.060685735556135,0.0,69.57975416064095,69.43463064903466,66.47716221044156,66.79867923415812,68.40527130189972,68.37859744310641,72.20348791478493,72.08727211544817,61.18258442396339,61.39724929880178,False
2025-01-06 17:00:00,42.49063660921804,0.0,69.4847546172498,69.46404755595758,66.35897103131785,66.31117006773133,68.27082867458594,68.24539071871135,72.02343072607752,71.81602000053273,60.997801853354886,60.9846127419419,False
2025-01-06 17:15:00,47.02954633050678,0.0,69.37308211552279,69.38598197527358,66.2200366303337,65.86991007400215,68.11279060413887,68.09869278922118,71.81177248016246,72.22269810012871,60.780588894230945,60.9105438294787,False
2025-01-06 17:30:00,50.75618617430308,0.0,69.27616740444118,69.16486539070772,66.09946274578348,65.89639161785145,67.97563764615543,67.92338224167032,71.62808538232156,71.64181434820739,60.59208115193907,60.311257826574064,False
2025-01-06 17:45:00,55.47270212587852,0.0,69.16413915686192,69.10291318046357,65.9600857529695,66.01930744364142,67.8170961268988,67.63489587780252,71.41575287423898,71.52286993652197,60.374176235457114,60.19661237089809,False
2025-01-06 18:00:00,58.333696848947305,0.0,69.07147547742953,68.90759233687201,65.84480067745108,65.90740629790585,67.68595919639627,67.93559418412092,71.24012296047009,71.28737941588751,60.193937128232676,60.278365816260035,False
2025-01-06 18:15:00,62.616920557579476,0.0,68.9436386787222,68.87011792648629,65.68575589223137,65.50396943423418,67.50504553647643,67.3132390413099,70.99782774759906,71.05809008549703,59.94528317222097,59.77680647490777,False
2025-01-06 18:30:00,65.32562042735144,0.0,68.84830788750178,68.89276534051929,65.56715259984762,65.49385021450317,67.37013412976779,67.5811264598154,70.81714272900139,70.86570056333825,59.75985629509037,59.94522372903949,False
2025-01-06 18:45:00,68.40035643643665,0.0,68.73975343495827,68.59259036124084,65.43209743760941,65.37005665119776,67.2165086986805,67.17719306526881,70.6113942711781,70.50251553807503,59.548708219258174,59.36638279043132,False
2025-01-06 19:00:00,68.29997165345407,0.0,68.75041998177016,68.59196801224465,65.44536794081255,65.53949202531332,67.23160391415801,66.99182913435602,70.63161108868708,70.42639266174909,59.5694556025515,59.83809038823644,False
2025-01-06 19:15:00,71.29953693123632,0.0,68.67733061712532,68.7736781891004,65.35443573334707,65.45381465281427,67.12816840425153,66.89982126966032,70.49308131209453,70.45842236010961,59.42729028047603,59.18455619004827,False
2025-01-06 19:30:00,68.2888235501204,0.0,68.75228768289465,68.59511165006417,65.44769159196161,65.29160146373539,67.23424707050648,67.00974799899805,70.63515103216264,70.83804011862613,59.573088447537685,59.93645563270021,False
2025-01-06 19:45:00,66.81092582955796,0.0,68.8095420347979,68.474003209989,65.51892308550205,65.48230677772374,67.31527299147679,67.26781817800257,70.74366795000212,70.6459735310481,59.68445325988894,59.71765954798538,False
2025-01-06 20:00:00,65.12320332678264,0.0,68.86794471977002,68.82052598897475,65.59158324737695,65.42633997294081,67.3979240246244,67.4977989892954,70.85436135855615,70.85623842246937,59.798051682306095,59.931305311031295,False
2025-01-06 20:15:00,60.4292421862197,0.0,69.01665028077693,68.80151694965829,65.77659135341905,65.66326024560797,67.60837099736013,67.44993118611653,71.1362101370267,71.2494979034231,60.08729723913466,60.13999369053285,False
2025-01-06 20:30:00,57.02996992872149,0.0,69.1101856170613,69.14148305434232,65.89296087784588,66.07292034489751,67.74074148997376,67.81120059093402,71.31349214381295,71.3237072883286,60.269231796548155,60.491299751637754,False
2025-01-06 20:45:00,51.6067453153383,0.0,69.24896114320946,69.12328765439281,66.06561479262766,66.17106861148447,67.93713555331573,68.1226931345921,71.57652005118678,71.56893194097177,60.53916255141125,60.73534989497823,False
2025-01-06 21:00:00,47.42715666990873,0.0,69.36717223083804,69.36115799402238,66.21268400300055,66.10363484713945,68.10442698052789,68.46200613622517,71.80057119240968,71.79064229750637,60.76909364230599,60.707934026565326,False
2025-01-06 21:15:00,42.17065290563845,0.0,69.49582003605387,69.38183984725214,66.3727377806017,66.52022377601851,68.28648837065647,68.19214656741656,72.04440354479446,71.92007227037442,61.019325078188345,61.2157539236655,False
2025-01-06 21:30:00,38.513075993893416,0.0,69.56758158516476,69.49931398505896,66.46201802135232,66.42609736158488,68.38804476617356,68.26742227193732,72.18041664895199,72.03120068109769,61.15890768082191,61.00224520757565,False
2025-01-06 21:45:00,34.08223397407148,0.0,69.65750300116234,69.42294723338087,66.57389138206382,66.6068017825269,68.51530086643413,68.55049020356815,72.35084901937351,72.60596793313776,61.33381284149601,61.233562086242806,False
2025-01-06 22:00:00,30.902262580676055,0.0,69.71293518433414,69.67485955016531,66.6428558723826,66.75450591069504,68.59374806815043,68.71003244617803,72.45591229346456,72.5050239577442,61.44163337341956,61.40328741766239,False
2025-01-06 22:15:00,27.326800747770996,0.0,69.77046119984534,69.64957353305269,66.71442534904384,66.62112422045858,68.6751584453812,68.50656268101679,72.56494410836333,72.63093270336648,61.5535265956771,61.73302077602515,False
2025-01-06 22:30:00,25.444903727231065,0.0,69.8017143041808,69.64659763325135,66.75330807543199,66.70756974979112,68.71938759963375,68.61583816275709,72.62417961523145,72.71446396252242,61.6143166663706,61.51249844029427,False
2025-01-06 22:45:00,23.365831211234983,0.0,69.832193607382,69.73475305094277,66.79122809752508,66.6032323081733,68.76252167643871,68.80050235298302,72.68194849971528,72.81623126004921,61.67360162495926,61.71459981343979,False
2025-01-06 23:00:00,21.934666230291118,0.0,69.84865118315695,69.8025220184494,66.81170335684656,66.76399924177551,68.78581231181882,68.85626681974162,72.71314133202995,72.58743845496609,61.705613075215936,61.88055632119581,False
2025-01-06 23:15:00,20.47965430818059,0.0,69.8673126469743,69.97035569713992,66.83492052541406,67.09334500791942,68.81222187270264,68.83786517553077,72.74851129900213,72.73155524337142,61.74191128394827,61.96821922744665,False
2025-01-06 23:30:00,19.284628632804303,0.0,69.87965218485664,69.8804301521555,66.8502724363822,66.87957957377301,68.82968469234915,68.88395663403989,72.7718990166871,72.56840903904623,61.7659127838357,61.534540092665466,False
2025-01-06 23:45:00,18.51947517187441,0.0,69.88869830427072,69.79212470217485,66.861526927529,66.9567335238425,68.84248669136527,68.81714731791655,72.78904456046833,72.81850375121985,61.78350829155808,61.59986278005174,False
2025-01-07 00:00:00,17.333300246643404,0.0,69.90137018213122,69.99061305085773,66.87729231052539,66.7686062362972,68.86041983600738,68.88466919396431,72.81306217804594,73.1428893560683,61.808156222294684,61.80551653290634,False
2025-01-07 00:15:00,17.239710927287568,0.0,69.90274745017194,69.91657401630097,66.87900580227372,66.85633054517014,68.86236893520608,68.8576657301046,72.81567258018723,72.5991555606467,61.81083513126492,61.66644056000203,False
2025-01-07 00:30:00,17.279082342403914,0.0,69.9027315089945,69.81780311776551,66.87898596947791,66.85243393156644,68.86234637537382,68.87149860368595,72.81564236610967,72.94905438458835,61.81080412425567,61.79592236397176,False
2025-01-07 00:45:00,17.17988089561063,0.0,69.9034080589504,69.98922241749018,66.87982768128163,66.93618722592348,68.86330382369758,68.99317637417455,72.81692466367365,72.92394373304032,61.812120074159466,61.900430417591636,False
2025-01-07 01:00:00,17.265766038918837,0.0,69.90198538946682,70.06151172873454,66.87805770452421,66.78024651911379,68.86129047272397,68.76702930591944,72.81422821000102,72.84144291969358,61.80935285534008,61.8716448088799,False
2025-01-07 01:15:00,17.366092303337638,0.0,69.90255654437243,69.88845672823811,66.87876829185277,66.54647627451224,68.86209876677859,68.82915966838978,72.81531074727386,72.79171307234658,61.810463802486865,61.786419861063415,False
2025-01-07 01:30:00,17.148145729325186,0.0,69.90459277471051,69.78089938902981,66.88130161418286,66.48947224443496,68.86498042438126,68.79284292445514,72.81917011224702,72.75982357912812,61.814424451799326,61.737927875349186,False
2025-01-07 01:45:00,17.31460629126231,0.0,69.90081461053865,69.91249311917875,66.87660111076512,66.82100915273415,68.8596335953382,69.01356204555422,72.81200917657341,72.80904549759804,61.80707558607935,61.68433508024158,False
2025-01-07 02:00:00,17.253027259596315,0.0,69.90311253076085,70.01630907333674,66.87946000767032,67.22094081110178,68.86288559446368,68.8721271463921,72.81636453492887,72.70156120766082,61.81154524551707,61.63380046427444,False
2025-01-07 02:15:00,17.008856476807473,0.0,69.90537030643414,69.98792207164487,66.88226895979258,67.00492570073202,68.86608078133054,68.93152269931547,72.82064380539653,72.78769455460575,61.81593682023298,61.900677918264996,False
2025-01-07 02:30:00,17.289849849979866,0.0,69.90338497596233,70.18094682431858,66.87979896319017,66.82704705624859,68.86327115682938,68.97963400189687,72.81688091337985,72.45408877097549,61.8120751756924,62.003545808109536,False
2025-01-07 02:45:00,17.325044225107977,0.0,69.90151894428762,69.98533459949827,66.87747738904308,66.96125466628422,68.86063036307343,68.76421282762732,72.81334413409228,72.89541247990817,61.808445577934506,61.68715100745362,False
2025-01-07 03:00:00,17.556179046321358,0.0,69.89877800313262,70.04497665673765,66.87406731931591,66.76811099399855,68.85675140411175,68.74671495258659,72.80814909692512,72.71130960655647,61.803114203335966,61.913010138305786,False
2025-01-07 03:15:00,17.540886627799107,0.0,69.8989583226687,70.01098534426384,66.87429165911612,66.86105484157216,68.85700659094029,69.00851614547003,72.80849086518616,72.7628443397627,61.80346494088931,61.77138660074023,False
2025-01-07 03:30:00,18.02124268042781,0.0,69.89561372008716,69.78063565304032,66.87013055992864,66.9225963325859,68.85227333494416,68.84157592487527,72.80215167957864,72.6442342201119,61.79695939106631,61.70559391949281,False
2025-01-07 03:45:00,18.064364451356173,0.0,69.8937746923664,69.74240214116138,66.8678425820395,66.91364182514181,68.84967075697742,68.82775365223823,72.79866608217968,73.3167730425163,61.79338231840342,61.836150894604756,False
2025-01-07 04:00:00,18.779909365414536,0.0,69.88583788465486,69.60968245956093,66.85796821182234,66.8721162352795,68.83843864739943,69.13760292160158,72.78362307004673,72.76619317739276,61.777944520714925,61.51794936401771,False
2025-01-07 04:15:00,19.67538923896943,0.0,69.87713758151514,69.93354802096326,66.84714395888277,66.72131554245588,68.8261260449303,68.72333962385345,72.76713296842831,72.68317792775584,61.76102165643762,61.81520133904572,False
2025-01-07 04:30:00,20.57732953374434,0.0,69.86495162360043,69.9333534509168,66.83198312038527,66.63223640637665,68.80888057047956,68.60969069338054,72.74403633821821,72.82402414140027,61.737318883261736,61.5354982185718,False
2025-01-07 04:45:00,22.051745972425678,0.0,69.8474287847892,69.67678968548479,66.81018254212175,66.65654319196793,68.78408238299689,68.76996422331172,72.71082446180385,72.78637200493246,61.703235401548895,61.86246321711096,False
2025-01-07 05:00:00,23.877236787554523,0.0,69.8196243856327,69.70769517259913,66.77559043142487,66.6149543820482,68.74473380994007,68.6681022466907,72.65812545118642,72.71961578893351,61.6491533694994,61.699646925493504,False
2025-01-07 05:15:00,26.72090944269427,0.0,69.7818979139663,69.96257404670723,66.72865403561433,66.74053629278495,68.69134359574478,68.47879225877934,72.58662066089349,72.9399938381332,61.57577202296167,61.571430763114456,False
2025-01-07 05:30:00,30.713097859867233,0.0,69.71813685196291,69.66299753203889,66.64932739012367,66.54019133785046,68.6011094283998,68.91936067615968,72.46577126348063,72.61625214392329,61.45175108011151,61.575041660277805,False
2025-01-07 05:45:00,34.703786013742025,0.0,69.6459036511587,69.83753317991975,66.55946035634453,66.43299045764277,68.49888555501316,68.54137857473576,72.32886421525835,72.08295572943867,61.31125107293853,61.005122245341404,False
2025-01-07 06:00:00,40.03600203547771,0.0,69.53753685710261,69.23916172140802,66.42463866446973,66.5057300899118,68.34552569678223,68.66353781243986,72.1234714355622,72.3319054743492,61.10046800957328,61.06187032678343,False
2025-01-07 06:15:00,46.87463338705339,0.0,69.38002796819858,69.54834717117382,66.22867812995011,66.17714777212626,68.12262032172845,68.12774697908714,71.82493728771155,71.87002950872623,60.79409919614088,60.8771806441827,False
2025-01-07 06:30:00,53.48813191375203,0.0,69.21856114467407,69.42553599413722,66.02779343534529,66.20922154071172,67.89411370786738,67.96572529388278,71.51890147663782,71.77676783714126,60.48003184745886,60.4220649831249,False
2025-01-07 06:45:00,61.03976477021445,0.0,69.00442923423644,69.49508315256863,65.76138686033222,65.58251457131485,67.59107586575448,67.48767407792188,71.11304700166214,71.17586667589222,60.06352621545746,60.12311132340431,False
2025-01-07 07:00:00,67.09784323004006,0.0,68.80742478671559,68.94316256451967,65.51628896707987,65.69065841778217,67.31227667818195,67.41797385301504,70.73965502821433,70.59550557692567,59.68033502385002,59.89149884463815,False
2025-01-07 07:15:00,73.90406785944297,0.0,68.55164434994875,68.5822965030301,65.19806647527494,65.2319826767816,66.95029816010815,66.93848779127224,70.25486210472675,70.35097987486465,59.182819299773996,59.18748952771574,False
2025-01-07 07:30:00,78.25148134987994,0.0,68.39255580558131,68.27975036753347,65.00014065402709,65.03346049040951,66.72515726872278,66.7211138932575,69.95333396015019,69.98563552914351,58.87337791581341,58.94849988584532,False
2025-01-07 07:45:00,85.05987752606018,0.0,68.14618265220608,68.10602602814896,64.69362198601664,64.62860793829941,66.3764918661641,66.44884980176397,69.48637111184387,69.21089458148761,58.39416019555382,58.27558002809538,False
2025-01-07 08:00:00,84.40387687428684,0.0,68.1528880369487,68.32052416648867,64.70196431378922,64.92863479874309,66.3859812753736,66.33056297470003,69.49908014899151,69.54285206410546,58.40720276592248,58.57506582865013,False
2025-01-07 08:15:00,87.42794122822282,0.0,68.03258624069962,67.93191392143001,64.55229400336636,64.48065365936638,66.21573109330998,66.09583062366124,69.27106638749508,69.3224634673743,58.17320506060513,58.34690041848996,False
2025-01-07 08:30:00,84.67902922139824,0.0,68.15860671175281,67.99620068840979,64.70907905238693,64.76826896559251,66.39407430022383,66.67069176223298,69.50991902749148,69.56897777738864,58.418326097604606,58.360291615006915,False
2025-01-07 08:45:00,82.12785555031077,0.0,68.24411274206808,68.18736995946345,64.81545912732619,64.67169026147191,66.5150817804327,66.72634910706965,69.67198270576307,69.29110151813872,58.5846429399827,58.70432182002459,False
2025-01-07 09:00:00,77.45974882370199,0.0,68.42471691326439,68.67856418668207,65.04015304885874,64.93303338502874,66.77067142236909,66.66866104926483,70.01429044929128,69.99473131345336,58.935934133866255,58.99801124173809,False
2025-01-07 09:15:00,70.87556210660416,0.0,68.6615227157639,68.53166798863163,65.33476874933123,65.52696882780091,67.10579718313308,67.11701370150341,70.46311983883999,70.53078293139556,59.39654250480022,59.357329323724265,False
2025-01-07 09:30:00,66.87155866575777,0.0,68.80413797596798,68.77590919741031,65.51219976808008,65.44569428615101,67.3076252087473,67.4720465637006,70.73342537824031,70.6250713244102,59.67394188429003,59.58473278272393,False
2025-01-07 09:45:00,59.07426985008793,0.0,69.04966923439801,69.08861093658349,65.81767101467435,66.13142137808367,67.6550991680177,67.70553640497056,71.1987925426978,70.84208444828518,60.151522043919144,60.200466885433876,False
2025-01-07 10:00:00,52.333906732363296,0.0,69.23509406990516,69.27198616631459,66.04836243870758,66.04406069555637,67.91751097722161,67.9096191632633,71.5502371223889,71.64219375385453,60.51218985911686,60.430877739537685,False
2025-01-07 10:15:00,47.75731664022728,0.0,69.35675915005201,69.24938053348482,66.19972884287576,66.21475027974476,68.08969046823185,67.86534143060055,71.78083478121044,71.79830504346816,60.74883927300165,60.60885544039825,False
2025-01-07 10:30:00,41.77115719909778,0.0,69.50531655306362,69.57611798832033,66.38455262205137,66.4698140507376,68.29992776890566,68.03424704314688,72.06240274873005,72.33793702420441,61.03779664933745,60.85901445269617,False
2025-01-07 10:45:00,36.93426416501137,0.0,69.60092866864282,69.68752857991052,66.50350591672442,66.37525819958816,68.43523730369542,68.45797578041835,72.24362097487109,72.17298276327436,61.22377072739481,61.2281266631206,False
2025-01-07 11:00:00,32.21891147305017,0.0,69.68863571580934,69.85690333845703,66.61262432879298,66.60045825531057,68.55935964612033,68.486639586195,72.40985634589391,72.32580726096946,61.39436874352613,61.448137679981144,False
2025-01-07 11:15:00,29.424778547358365,0.0,69.73566823175,69.79673770223124,66.67113859441724,66.74900404411076,68.62591970300612,68.59597492930448,72.4989993280158,72.32681389673729,61.48585117478271,61.4991915059161,False
2025-01-07 11:30:00,28.073995658610247,0.0,69.76094757671764,69.64834288624202,66.70258922546817,66.82918008610191,68.66169483868475,68.60730319611922,72.54691248238231,72.47973252061584,61.535021751605356,61.828225628917046,False
2025-01-07 11:45:00,27.086841426675875,0.0,69.77539883549001,69.7199437237087,66.72056837834785,66.63111262820233,68.68214614958569,68.35418518358311,72.57430264590236,72.71961372569089,61.56313073665039,61.63037719251385,False
2025-01-07 12:00:00,26.26606105485176,0.0,69.78948936324318,69.89991100258234,66.73809873723357,66.5048922262716,68.70208695670709,68.61360475697403,72.60100909862932,72.43056366919544,61.59053806774418,61.85626446011719,False
2025-01-07 12:15:00,25.240922891848363,0.0,69.80363644948693,69.57657220549093,66.75569946187527,66.73584761087164,68.72210780497171,68.65124177316085,72.62782274937453,72.429165418163,61.61805541013783,61.909769745785404,False
2025-01-07 12:30:00,25.548030093499754,0.0,69.79627193059818,69.69246968821335,66.74653708971994,66.85487821179663,68.71168559415936,68.65462068001206,72.61386442368217,72.57136294762604,61.603730765166176,61.69538105913997,False
2025-01-07 12:45:00,25.994238005603655,0.0,69.79254954748119,69.81990792968976,66.74190598483196,66.93404761614902,68.70641770603845,68.54510474254563,72.60680921251573,72.4683344439115,61.59649039856443,61.42220536532446,False
2025-01-07 13:00:00,25.54370361830011,0.0,69.79776076937132,69.72809899648665,66.7483893892556,66.59627901032282,68.71379258740538,68.52380314694575,72.61668629118122,72.60941370611063,61.60662668914536,61.53678867220707,False
2025-01-07 13:15:00,25.870108031153237,0.0,69.79138307660912,69.7790342248802,66.74045475082751,66.93096119091655,68.70476692538077,68.62477909797836,72.60459834435332,72.64131478692312,61.59422150885635,61.5859001064179,False
2025-01-07 13:30:00,26.18198427316646,0.0,69.7912911351172,69.77101809406234,66.7403403642425,66.85230309718744,68.70463681048449,68.59183250211525,72.60442408323615,72.57969742599919,61.59404267446813,61.464014820479626,False
2025-01-07 13:45:00,25.701097638261594,0.0,69.79543154098106,69.8504895699832,66.74549154111803,66.94921916318377,68.71049628119994,68.88394747573479,72.6122715929539,72.72707297337435,61.602096132532935,61.38883703047732,False
2025-01-07 14:00:00,25.412571751674992,0.0,69.80061707704975,69.90974713109362,66.75194298920364,66.77754078046615,68.71783481218877,68.50925794714418,72.6220999880507,72.59378835609903,61.612182461904084,61.38806561154627,False
2025-01-07 14:15:00,25.3161757959026,0.0,69.8032872424838,69.8826113664915,66.75526500518234,66.81195939908744,68.72161360989146,69.0078058838935,72.62716088060118,72.75434187402578,61.61737617142357,61.5539390330502,False
2025-01-07 14:30:00,25.33113555706798,0.0,69.80202541279294,69.65765452224078,66.75369513301558,66.80366651282685,68.71982787816253,68.39609042875034,72.62476927429807,72.61919515655799,61.61492180032215,61.461882306504386,False
2025-01-07 14:45:00,25.490357735532342,0.0,69.79919718713235,69.86283440775063,66.7501764705703,66.75307558412041,68.71582539483609,68.92588028236828,72.61940880262323,72.62041898273847,61.609420649588515,61.49412422884429,False
2025-01-07 15:00:00,25.655717368470782,0.0,69.79628150987546,69.85720209808127,66.7465490075253,66.8350265444726,68.71169915067921,69.08207855618313,72.61388257974542,72.52060718115476,61.603749397713216,61.563580211661936,False
2025-01-07 15:15:00,26.68380196570026,0.0,69.78270635853747,69.83995993870941,66.72965984062894,66.72165361396466,68.69248770031949,68.85543658785045,72.58815294464476,72.49560601908155,61.577344519636156,61.725270626819764,False
2025-01-07 15:30:00,27.580038345757448,0.0,69.77111138169329,69.72387088557971,66.7152342556607,67.07923441947041,68.67607857776022,68.55352728014891,72.56617642918823,72.61086640573349,61.554791257263105,61.442258396726785,False
2025-01-07 15:45:00,28.895736689406704,0.0,69.74789613357179,69.64614365174562,66.68635161632176,66.76324086533644,68.64322453615348,68.68187889434496,72.52217545652373,72.44468174222752,61.50963553259257,61.62336016517679,False
2025-01-07 16:00:00,30.53981129589715,0.0,69.72336414917885,69.7170761924925,66.65583079424054,66.7204889681305,68.60850705944496,68.64291520866882,72.47567881048177,72.48454281043551,61.46191863863244,61.365766251234305,False
2025-01-07 16:15:00,31.991012907440684,0.0,69.69252844819736,69.75667388102933,66.6174673692385,66.56943125789329,68.5648686112268,68.8288007016442,72.4172344281999,72.28171204761632,61.40194045462769,61.291650965363644,False
2025-01-07 16:30:00,35.090306482528646,0.0,69.63368452517535,69.42772692624006,66.54425825266829,66.47247897845462,68.48159314136527,68.15873826793712,72.30570472001773,72.34176792313694,61.28748378491588,61.21245155610244,False
2025-01-07 16:45:00,38.71118386386813,0.0,69.56218594959378,69.36603591483605,66.45530518350608,66.57484673701032,68.38040890397583,68.27525278037767,72.17019004219675,72.41042574888107,61.148412689211796,61.260845270050716,False
2025-01-07 17:00:00,41.824712654054984,0.0,69.49885076308449,69.58967954386814,66.37650837979157,66.33715166018504,68.29077743237322,68.26537605632001,72.05014782702342,72.24098365628923,61.025220112117196,60.912916781111704,False
2025-01-07 17:15:00,46.8271423281338,0.0,69.38325597741121,69.50462360066905,66.23269417256924,66.20875227244113,68.12718857568044,68.08385269355253,71.83105548831745,71.57023316893931,60.80037796147968,60.6419412125799,False
2025-01-07 17:30:00,50.478458913629666,0.0,69.28585234597382,69.29709140775876,66.11151201063905,66.26740005208416,67.98934370134842,67.81124523498907,71.64644171628811,71.61101467095321,60.61091922556244,60.63922587007412,False
2025-01-07 17:45:00,55.97559603428463,0.0,69.14200889052367,69.27829691076565,65.93255296513209,65.9760729641954,67.7857775432145,68.05491231011378,71.37380831956048,71.14897402761896,60.331130896961284,60.32997195479543,False
2025-01-07 18:00:00,58.369286372374695,0.0,69.05740858626581,69.10251576753846,65.82729972540542,65.66131235133724,67.66605183959553,67.76963543733666,71.21346130730416,71.37213652252349,60.166575772409914,60.207425782579165,False
2025-01-07 18:15:00,62.369633238055066,0.0,68.94246018383178,69.02716668431376,65.68428969886118,65.68746949538803,67.50337773951988,67.099277346866,70.99559408973823,71.18201864731847,59.94299089472652,59.9634893706646,False
2025-01-07 18:30:00,67.1449272941019,0.0,68.79818148107351,68.69655047913747,65.50478915188239,65.40152133424176,67.2991956227239,67.352948520376,70.72213574792228,70.98929151680862,59.662355971356675,59.90589404805261,False
2025-01-07 18:45:00,69.00574683388554,0.0,68.7302607673504,68.84898560716313,65.4202873852917,65.2317398339863,67.2030747480754,67.29969699864819,70.59340236319832,70.4832913429768,59.530244135538325,59.578015845557815,False
2025-01-07 19:00:00,70.43732216189827,0.0,68.68226570549282,68.69998122524379,65.36057559352341,64.89962105290022,67.13515250356897,67.16198626032475,70.50243502165733,70.59875796450223,59.436889466768704,59.50377871901947,False
2025-01-07 19:15:00,70.84070923876969,0.0,68.64489149672019,68.69159746608844,65.31407745631164,65.3797284513406,67.08226080912698,67.23893459323456,70.4315978921139,70.48598684206839,59.36419330292469,59.22949063991256,False
2025-01-07 19:30:00,69.11446447014062,0.0,68.7259134806118,68.84005530949396,65.41487882302614,65.36191437331347,67.19692250112809,67.31709925697035,70.5851627422412,70.60747196862924,59.521788275751604,59.714998186290934,False
2025-01-07 19:45:00,68.33411711336775,0.0,68.76928507440148,68.84516783408178,65.46883844880445,65.69407872969913,67.25830164898227,67.00230605303213,70.66736700311206,70.5986057619291,59.60614988745809,59.73342730326636,False
2025-01-07 20:00:00,65.17062306492538,0.0,68.86967889976786,68.82577327510464,65.59374078173393,65.70730853703509,67.40037822289553,67.53068362418028,70.8576482330398,70.8036989812397,59.80142481681251,59.850970913639145,False
2025-01-07 20:15:00,62.23341561088617,0.0,68.9545849011623,69.0659756450476,65.69937434649925,65.7059951809991,67.52053654676425,67.51242527035856,71.01857464773339,71.10218413131243,59.966574549513325,59.94922362314141,False
2025-01-07 20:30:00,56.08295832865203,0.0,69.13391051799896,69.32846909747263,65.92247758830904,65.75144987923673,67.77431678834844,67.70950002428049,71.35845908589192,71.3730980750197,60.31537884132548,60.61402687330878,False
2025-01-07 20:45:00,51.950430753458804,0.0,69.25399932767628,69.17137679007621,66.07188291709984,66.32071749224154,67.94426555344447,67.52241350441857,71.58606916372875,71.43565846190647,60.54896226879664,60.958655575170575,False
2025-01-07 21:00:00,46.822454401818824,0.0,69.37943607079491,69.3731483734687,66.22794173638904,66.23805992129923,68.12178267304915,68.24870145993499,71.82381543618769,72.09974073661107,60.792947902988345,60.85123065518023,False
2025-01-07 21:15:00,42.936703111028784,0.0,69.46891525610812,69.36417735157869,66.33926490744525,66.1842642830469,68.24841293182705,67.98442660103358,71.99340962559329,71.75864036641822,60.966992885605265,60.83252611218663,False
2025-01-07 21:30:00,38.76445362448138,0.0,69.56920353152142,69.38929325764782,66.46403592318137,65.99248597787766,68.39034013225393,68.2337533660655,72.18349080163512,72.1127118544769,61.16206251090291,61.07124508772212,False
2025-01-07 21:45:00,34.08216619208065,0.0,69.65479862243356,69.78693714191344,66.57052680051598,66.56767941056385,68.51147365033853,68.50512794148764,72.34572328072561,72.2204162373984,61.3285525840721,61.31973518633498,False
2025-01-07 22:00:00,30.920484828810945,0.0,69.71369095489187,69.67825350999831,66.64379614441104,66.5021019544323,68.59481762886412,68.74360177981922,72.45734474163295,72.52137081363617,61.443103414447734,61.3758940043264,False
2025-01-07 22:15:00,27.74358653788284,0.0,69.76489677696298,69.63475813637349,66.7075025189108,66.71807695326397,68.6672837166711,68.57413195344999,72.55439759092526,72.41265751558225,61.54270329771737,61.299288198177386,False
2025-01-07 22:30:00,25.60235705625165,0.0,69.80067480619206,69.69647590318523,66.75201481139517,67.13012111521887,68.71791651002954,68.85076935807744,72.62220940486158,72.81785892476066,61.61229475022607,61.731581202037134,False
2025-01-07 22:45:00,23.154475670458233,0.0,69.83387603186605,69.44976542401726,66.79332124162308,66.72640240037015,68.76490263070245,68.84863541703459,72.68513727949225,72.70786482525445,61.67687409038271,61.71819498202788,False
2025-01-07 23:00:00,21.622698164824858,0.0,69.85153380420114,69.97137074333979,66.81528969387533,66.67435528259742,68.78989177507621,68.6255827216938,72.71860490188301,72.96072199033668,61.71122002981403,61.72635526008609,False
2025-01-07 23:15:00,20.174108612664888,0.0,69.86945630971343,69.7720878414677,66.8375875069356,66.73124365377873,68.81525556781774,68.6227833974272,72.75257428575513,72.52751122542206,61.746080898846486,61.71683024219832,False
2025-01-07 23:30:00,19.686844267549656,0.0,69.87643936230708,69.92040086029712,66.84627528784978,66.88607293986148,68.82513793044653,68.71366986931336,72.76580960009169,72.7476553377247,61.75966355790874,61.81381372345346,False
2025-01-07 23:45:00,18.736975836845478,0.0,69.88687894829381,70.04874751519245,66.85926342372173,66.86046182005792,68.83991195269991,68.95883902047755,72.7855962478685,72.71211841658013,61.779969482188505,61.508081227203206,False
2025-01-08 00:00:00,17.435042515319434,0.0,69.9011193124927,69.98742141226383,66.87698019767389,66.9403081968895,68.86006480721343,68.80777676232019,72.81258669279386,72.69157475507701,61.80766825851052,61.89042749886708,False
2025-01-08 00:15:00,17.15851082169674,0.0,69.9034447882879,70.0698584166667,66.87987337711922,66.74744354993709,68.86335580277512,68.77582729595646,72.81699427854791,73.06245806039917,61.81219151599143,61.942478806651515,False
2025-01-08 00:30:00,17.346888817994415,0.0,69.90191317499512,69.9251320116737,66.8779678607917,66.4661257810451,68.86118827535586,68.72521718293486,72.81409133845104,72.80646434588465,61.809212391762756,61.75572067027886,False
2025-01-08 00:45:00,17.455018319717745,0.0,69.90038091406203,69.85215054636393,66.87606153871963,66.7174133193012,68.85901983140113,68.90774758017778,72.81118717085052,72.76219367081535,61.80623200781611,61.78282248269282,False
2025-01-08 01:00:00,17.725418874713814,0.0,69.89833875985435,69.56223312070466,66.8735208463631,66.81527076089321,68.85612979038342,68.85557643653617,72.80731657808322,72.6901452042408,61.80225983604973,61.93723371086897,False
2025-01-08 01:15:00,17.29040011190986,0.0,69.90250776232654,69.86190669902498,66.87870760095555,66.8619140758208,68.86202973080026,68.8463117327531,72.81521828832375,72.80346233410488,61.81036891706411,61.78216905183659,False
2025-01-08 01:30:00,17.447991583241183,0.0,69.90104095182164,69.71650192968185,66.87688270730939,66.71928312242441,68.85995391179097,68.59767620736844,72.81243817205747,72.94239778211112,61.807515840028074,61.84506433400664,False
2025-01-08 01:45:00,17.001199917762836,0.0,69.90494507118906,70.17268728962108,66.88173991456532,66.79041227834351,68.86547899166361,68.89070986273029,72.81983783665136,72.94799553575311,61.81510969981849,61.66706273644908,False
2025-01-08 02:00:00,17.253769299715213,0.0,69.90199125410324,70.33061221542295,66.87806500085708,66.92323371228488,68.86129877231261,69.10225294490722,72.81423932552762,72.99509029730642,61.80936426258015,61.86456576805433,False
2025-01-08 02:15:00,17.5316622897958,0.0,69.90026993836912,69.67555338712191,66.87592347123497,67.11605473978653,68.85886277944917,68.88886357568191,72.81097683329975,72.41344330120502,61.8060161502122,61.75494023595743,False
2025-01-08 02:30:00,17.25851871367036,0.0,69.902406921094,70.00965779274303,66.87858214199274,66.75107851683589,68.86188702105913,68.665989665141,72.81502715910153,72.80431034864439,61.81017277188796,61.81490762198145,False
2025-01-08 02:45:00,17.576075915961773,0.0,69.89932446234384,69.77179335607298,66.8747471821469,66.92172202324676,68.85752474900858,68.86772024468311,72.80918482726454,72.57567743444413,61.804177115158296,61.60632258760802,False
2025-01-08 03:00:00,17.85673054167556,0.0,69.89718873612786,69.98407920791269,66.87209007464158,66.61324485086988,68.8545022856003,68.3879290758324,72.80513688298421,72.91509492193487,61.80002293750418,61.78559091506495,False
2025-01-08 03:15:00,17.430343407522898,0.0,69.90125355842767,69.95378543310645,66.8771472162171,67.00407323567127,68.86025479103395,68.79313524530298,72.81284113554983,72.74892830001517,61.80792937880713,61.81171880347189,False
2025-01-08 03:30:00,17.698765082509816,0.0,69.89757920144454,70.04367865210847,66.87257586177837,66.80328558338832,68.8550548691305,68.65579558831104,72.80587695061722,73.1024232558342,61.80078242731203,61.71008736683066,False
2025-01-08 03:45:00,17.8734675660763,0.0,69.894299210055,69.9043763765031,66.86849514690324,66.81049260053,68.85041305039915,68.8477979658568,72.79966022569938,72.79369589098516,61.79440255201055,61.82062545106368,False
2025-01-08 04:00:00,19.006250949979204,0.0,69.8848753042586,69.86278205722842,66.85677064278184,66.9438640356989,68.83707641098393,68.63036120975383,72.78179864527736,72.71114860608998,61.77607221613667,61.675224836188605,False
2025-01-08 04:15:00,19.03208357417682,0.0,69.88167437440208,69.9953863724431,66.8527882902301,66.75522522232912,68.83254647952954,68.76465363858145,72.77573176947304,72.73889924469293,61.76984612255646,61.96242289158085,False
2025-01-08 04:30:00,19.951173114623856,0.0,69.8707541717635,69.57865839691001,66.83920220781278,66.67607688984856,68.81709229226583,68.69535228458702,72.75503418591592,72.51286199780236,61.74860535609483,61.638483194102626,False
2025-01-08 04:45:00,21.609445879659283,0.0,69.8511323902615,70.03119545024803,66.81479028529768,66.87532849583984,68.78932369713856,68.81744384796444,72.71784408280006,72.56742729935819,61.71043924395967,61.48002650010296,False
2025-01-08 05:00:00,24.020460055162722,0.0,69.82001430307521,69.95024082003421,66.7760755369385,66.9114306495088,68.74528561812292,68.83987747249542,72.65886448040715,72.54823095079695,61.649911793643085,61.65359426850368,False
2025-01-08 05:15:00,26.767963781398905,0.0,69.77951235739108,70.08508154193505,66.72568610824935,66.4613860726988,68.68796757432273,68.65276605193439,72.58209920115704,72.76386153723647,61.57113190301423,61.3512481787592,False
2025-01-08 05:30:00,30.253364893978166,0.0,69.7229457310501,69.689452272742,66.65531023034886,66.41591665640793,68.60791491730892,68.69720782635963,72.474885762544,72.57482885492098,61.461104778116194,61.53736107686888,False
2025-01-08 05:45:00,35.06649420970275,0.0,69.63865043392589,69.50373439799053,66.55043645721217,66.50054695809645,68.48862085745304,68.81164104652868,72.31511684493,72.32947115156944,61.29714291959783,61.11901393319975,False
2025-01-08 06:00:00,39.89884034501623,0.0,69.5422119445277,69.36236038565045,66.43045505132315,66.27428658093083,68.35214184475413,68.28549542692478,72.1323323528746,72.27287770221298,61.10956147088237,61.1963212005849,False
2025-01-08 06:15:00,45.91193382046966,0.0,69.40244767512573,69.32125052181038,66.25657101767074,66.29737118370322,68.15434851952064,68.06010052171237,71.86743043301337,71.8256754669682,60.83770752235364,60.90391132623313,False
2025-01-08 06:30:00,53.09220972184184,0.0,69.21353822464016,69.4524474930431,66.02154430171517,65.99576548186712,67.88700530984737,68.06390598130525,71.50938129550728,71.59328680560338,60.470261820754644,60.25017552173163,False
2025-01-08 06:45:00,59.63183326610005,0.0,69.02951778671205,68.90129254917213,65.79260012193068,65.77905666001466,67.62658099335744,67.71877760056971,71.1605985378722,71.3488723003779,60.112325683894994,60.158551947203755,False
2025-01-08 07:00:00,66.02582161098394,0.0,68.83867150200362,68.84925993831622,65.55516374470302,65.55902927375728,67.3564967907035,67.38393610373434,70.79887842561483,71.11481447027033,59.74111266727763,59.92720214920659,False
2025-01-08 07:15:00,72.6867941289986,0.0,68.59300841329177,68.51605920091225,65.24952848493682,65.23530179389755,67.00883626622645,66.8925251976249,70.33326139690448,70.40833107565224,59.26327608601227,59.31681241339462,False
2025-01-08 07:30:00,80.12018147829069,0.0,68.32434963068434,68.33969618075567,64.91528373843747,64.65592306642613,66.62863241160404,66.6209309828523,69.82405952717876,69.8662404955672,58.740710832594445,58.886629686809805,False
2025-01-08 07:45:00,84.3036116581671,0.0,68.16770330526627,68.1957746032818,64.72039633955467,64.52313814819902,66.40694772979934,66.19467271377697,69.52716023725282,69.69554421777522,58.43601978194437,58.61541740870163,False
2025-01-08 08:00:00,87.20929554158224,0.0,68.03875681417588,68.19724829153212,64.5599709597916,64.66251526921356,66.22446364170521,66.08776691839516,69.28276177121164,69.54247608386649,58.185207375441394,58.26565259027264,False
2025-01-08 08:15:00,85.98024306337649,0.0,68.08771264072162,68.1262302079487,64.62087806163514,64.37021919890937,66.29374555305114,66.39869654435407,69.37555009612367,69.23251447391957,58.28043081707561,58.33602203339925,False
2025-01-08 08:30:00,85.27258846196284,0.0,68.12367805181056,68.0101415708958,64.66562348032384,64.64143906564672,66.34464352778467,66.62805045968727,69.44371706388173,69.65147600793902,58.35038674398612,58.40355858723544,False
2025-01-08 08:45:00,83.86132609378632,0.0,68.2086238822997,68.37811944141583,64.77130659740811,64.64683384007698,66.4648582174837,66.45324238733886,69.60471896856797,69.33142523413275,58.515613947822644,58.68407926436178,False
2025-01-08 09:00:00,78.05841619073783,0.0,68.41032009958377,68.09156858084832,65.02224163240561,65.11357520989216,66.75029716174556,66.6146837868232,69.9870034781635,69.88750106191384,58.90793104937234,59.001917507840986,False
2025-01-08 09:15:00,71.94452492589421,0.0,68.63404969543309,68.53660885054285,65.30058891487019,65.31946432315331,67.06691757485635,67.0054977419795,70.41104890639681,70.24466333635637,59.34310503407271,59.293220556850954,False
2025-01-08 09:30:00,65.68733517660286,0.0,68.84424362317368,68.63221733343646,65.56209615245797,65.7104558456643,67.36438241397151,66.95356069843001,70.80943953398646,70.7424847607322,59.751950939092225,59.65892117090914,False
2025-01-08 09:45:00,59.84845203884641,0.0,69.039765073497,69.20877979473615,65.80534901381681,65.69848828281398,67.64108287525103,67.72907022585105,71.18002071175344,71.20939346993566,60.132257569105164,59.87552666282768,False
2025-01-08 10:00:00,51.43170072370934,0.0,69.25594967291862,69.31887426376508,66.0743093877508,66.13280337938046,67.94702566711649,67.98837118446585,71.58976574656283,71.51557921423858,60.552755863950765,60.67684376162184,False
2025-01-08 10:15:00,46.552161369563464,0.0,69.39202776247681,69.30744656099395,66.24360735786384,66.14201266655378,68.13960233882452,68.20391450694255,71.84768107305696,72.00930285446492,60.81743986446777,60.765951500192244,False
2025-01-08 10:30:00,41.146936058380874,0.0,69.51430305363854,69.38039322225283,66.39573293999007,66.35704012600391,68.31264539579654,68.2677225121778,72.07943529406742,71.97493630719161,61.05527619310932,61.1195486324077,False
2025-01-08 10:45:00,35.8321280515443,0.0,69.61982885866139,69.37209995937549,66.52702009020588,66.59072275818674,68.46198470807364,68.33969174375446,72.2794434110566,72.32474958432165,61.26053327984462,61.377673016561,False
2025-01-08 11:00:00,32.386516754107085,0.0,69.68493440615558,69.93609915851488,66.60801944189913,66.6607550593435,68.55412158100346,68.49123548250246,72.40284107627262,72.26275000837569,61.38716936668678,61.310603239350684,False
2025-01-08 11:15:00,30.22790794046167,0.0,69.71973433354063,69.60322166049968,66.65131485474255,66.815345042975,68.60337017211214,68.54327583414664,72.46879904689551,72.31229651935291,61.45485832401921,61.39091308581714,False
2025-01-08 11:30:00,28.432918017405154,0.0,69.75687697687805,69.73135909820853,66.69752489591873,66.82123630790093,68.65593415692102,68.37298841772352,72.53919727936871,72.71347723349824,61.52710407247325,61.650193966722895,False
2025-01-08 11:45:00,26.87903749828744,0.0,69.77702001618204,69.92910454129745,66.72258532759541,66.50189872235937,68.68444043210339,68.79139756688407,72.5773753473848,72.4617009330698,61.56628407744569,61.31857380258224,False
2025-01-08 12:00:00,26.306560324991576,0.0,69.7889316952059,69.66528681397327,66.73740492923686,66.79381595899123,68.70129774916542,68.43006211591482,72.59995212366474,72.28088749212236,61.589453353757335,61.79531146887887,False
2025-01-08 12:15:00,25.43216793214256,0.0,69.79932594045304,69.79887599393247,66.75033665562215,66.90326271465234,68.71600760555086,68.77888769679444,72.61965283496401,72.64188629939153,61.60967108626129,61.773944198458175,False
2025-01-08 12:30:00,25.494680088353206,0.0,69.79793475123462,69.79525745549076,66.74860584420736,66.7076915370567,68.71403880520795,68.65556797849483,72.61701604734725,72.62794628302153,61.60696509936079,61.61212622375862,False
2025-01-08 12:45:00,25.856794343143246,0.0,69.79554675681709,69.64908897565215,66.74563488386501,66.71289986718293,68.71065933376994,68.66636726286193,72.61248996705116,72.66620550895004,61.60232023759279,61.28445464656019,False
2025-01-08 13:00:00,25.549753559308904,0.0,69.80053292100969,69.98352741522625,66.75183828868347,66.68011355000606,68.7177157152044,68.71038917734431,72.62194048307369,72.90900838908395,61.61201877091294,61.57041803959389,True
2025-01-08 13:15:00,30.847277460888538,5.266108723612807,69.70033269364566,69.76264551818969,66.63239327802809,66.6428870664398,68.47384032208465,68.60101806602967,72.46955256838743,72.36672282645947,61.467021181233605,61.319413902780724,True
2025-01-08 13:30:00,32.962092347823436,7.440650435433978,69.65426479486685,69.6211419770343,66.57800517243605,66.68454640390672,68.34973725855686,68.54544701353008,72.39697859053909,72.25060283995384,61.39889951393312,61.288807195191026,True
2025-01-08 13:45:00,35.28376418177281,9.105007444626846,69.60786614691469,69.65356657178296,66.52275719169944,66.59472753970718,68.23141385404892,68.03038259629426,72.32083215762219,72.32065665927117,61.32652473000624,61.40291192766821,True
2025-01-08 14:00:00,36.611061258281595,10.507121237381543,69.58086352074906,69.92763818959548,66.49112630284152,66.34906687877744,68.14790506252209,67.99459197562558,72.27749167074779,72.1458282609185,61.28714351433955,61.52807338834202,True
2025-01-08 14:15:00,37.455553714309346,11.74099401608598,69.55847843867612,69.56396238833625,66.46498956839095,66.34250802446144,68.07454426995588,68.20804834361736,72.24119638896877,72.1842111153525,61.254668527489756,61.21565704657151,True
2025-01-08 14:30:00,38.609168575625404,12.853989825482959,69.5312086224175,69.49596372339282,66.4329954985273,66.43458177935666,67.99385520801978,68.11315852008875,72.1972052013121,72.44417916263468,61.21389033822339,61.30171327306031,True
2025-01-08 14:45:00,39.60444286220282,13.87558756543987,69.5031997837102,69.39703010423489,66.4001263667897,66.49822430162497,67.91250299511799,67.93818911880807,72.15233297107605,71.93893867376359,61.17191775014129,61.12270730662745,True
2025-01-08 15:00:00,40.60424722969776,14.824672277656685,69.47449667426186,69.69675701344318,66.36642397850501,66.43839983404034,67.83053263962852,68.03650887731182,72.106418934647,72.14593272389482,61.128697395787086,61.14090557125085,True
2025-01-08 15:15:00,41.47170233903216,14.822052098303377,69.45998525324973,69.46194334210104,66.34850836056168,66.14344127795654,67.8065574037408,67.72562828327524,72.080386769034,72.03189437925656,61.10261729075934,61.1646392223677,True
2025-01-08 15:30:00,41.76500440649788,14.81934006114941,69.44495872405606,69.51528916443735,66.32996291262715,66.30265107322488,67.78174611160006,67.35130310787181,72.05346643326018,71.98076112846745,61.07562296076124,61.23747125678259,True
2025-01-08 15:45:00,43.42837520642969,14.81342782973137,69.41218375339679,69.64997293552459,66.28953632652411,66.17544438357254,67.72767332015458,67.72799568221873,71.99488584220298,71.79928340361879,61.0167967194178,61.260881390667336,True
2025-01-08 16:00:00,44.9767993309007,14.80624650155218,69.37236516159828,69.57551023142412,66.24044968110002,66.33967144029684,67.66202249448315,67.53067818460865,71.92397524198788,71.82688355337478,60.94544145552618,61.01968115120467,True
2025-01-08 16:15:00,46.43880850491375,14.799602967167608,69.33553512730043,69.32754900750457,66.19508676885162,65.9730548696829,67.60131646247075,67.84375872550531,71.85867982126311,71.88519796692758,60.87959224899467,60.743815990483135,True
2025-01-08 16:30:00,49.223406515300056,14.786812811450254,69.26470019782985,69.09978091481278,66.10802238888205,66.26047086926316,67.48452171189253,67.81928963371638,71.73409080091292,71.84305027789277,60.75353476370539,60.73972838291223,True
2025-01-08 16:45:00,52.71139485224416,14.769476034130344,69.16816119380907,69.47712607871003,65.98939004153792,65.96107773625826,67.32637016820445,67.64371464271382,71.56438934286393,71.77341726930544,60.58147282665823,60.320353361956286,True
2025-01-08 17:00:00,56.80380270732313,14.749959938666596,69.05828431571423,69.04630736109837,65.85413393291067,65.84508679494361,67.14856018422128,67.597996048531,71.36971213263081,71.2081279514596,60.384032442792645,60.4183779331423,True
2025-01-08 17:15:00,61.19022809717611,14.72635933555658,68.9241557489034,68.94068283557061,65.68880037274677,65.53207903860078,66.93385056789718,66.94982349708758,71.13055666266904,71.20726651209519,60.1413406571871,60.19048074482777,True
2025-01-08 17:30:00,66.17136723728669,14.69764462869991,68.75955532026784,68.90010030155499,65.48566206074203,65.49635625276665,66.67307836882026,66.49731461603777,70.83537563496118,70.74537484375452,59.841580905022724,59.80863623223511,True
2025-01-08 17:45:00,69.24039021972823,14.677317290528878,68.64230404148026,68.5019440616026,65.3408336038891,65.16260380052104,66.48878362521552,66.24110696135719,70.62420869777998,70.5889660922138,59.62700659591613,59.40655677960558,True
2025-01-08 18:00:00,73.92365779396428,14.650985140311331,68.48970389098916,68.28931629458044,65.15221925236222,65.20918208063702,66.25042637435034,66.36145983389119,70.34846779124692,70.2660537382806,59.346669822311526,59.28111572617003,True
2025-01-08 18:15:00,76.75028203482525,14.627770044055264,68.35462288898516,68.23721280224557,64.98516276738621,65.16463753911415,66.0406395499197,66.17326771072662,70.10365335794575,70.19388585829734,59.09765106584962,59.23649775905873,True
2025-01-08 18:30:00,82.00436137977003,14.597400729719828,68.17729634265278,68.23610566014034,64.76574832297601,64.91736553057687,65.76670478553811,65.82477905240556,69.7813944113538,69.78873313505582,58.7697014781551,58.72840509630079,True
2025-01-08 18:45:00,83.0458397925379,14.588834590643595,68.12717194622458,68.25735336123435,64.7037069754215,64.46573847873867,65.68954015092602,65.60830377165688,69.69014141429096,69.99686490156246,58.676807760752496,58.582895691216635,True
2025-01-08 19:00:00,84.34340532666837,14.582189462253332,68.08825973915518,68.13863659008805,64.65553794898861,64.54509821546728,65.6297113700137,65.60186972979264,69.61925546400946,69.74658544441472,58.6046389447735,58.499824431951275,True
2025-01-08 19:15:00,85.23360528803937,14.571929824110503,68.02813618696703,68.18637960117492,64.5811025679998,64.60218371723751,65.53739322478292,66.02358208632944,69.50965479177555,69.66783484625685,58.49304091907521,58.541772562736234,True
2025-01-08 19:30:00,84.20663130645852,14.582436822774248,68.0897086491317,68.3036576956667,64.6573316241299,64.91376181647384,65.6319379684717,65.85368733353774,69.62189561639458,69.73967446240403,58.60732700557311,58.418977974628774,True
2025-01-08 19:45:00,81.53288926631937,14.600989033799292,68.19828020348966,67.97515952448255,64.79171856575074,64.82759236843732,65.79904204748541,65.87752196457588,69.81957611474805,69.95508267952016,58.80856599794224,58.88313643400015,True
2025-01-08 20:00:00,78.96543409394481,14.618983832370862,68.30338591604638,68.28763941334368,64.92177700459727,64.69570948675211,65.96132836442659,65.66082299501656,70.01063577799823,70.1217321844747,59.00300826336361,58.89003960429497,True
2025-01-08 20:15:00,76.19953919086467,14.634430141083437,68.39342196411903,68.30052436542555,65.03315434668319,65.12170101086649,66.1007905210762,66.00161701178416,70.17403478640027,69.89715295520625,59.16925231310758,59.18774872377394,True
2025-01-08 20:30:00,71.28075507538607,14.667056234194254,68.58292626128443,68.87922772896125,65.26745756493662,65.03857901752671,66.39585018078108,66.4532808510868,70.51702940679611,70.3678083212244,59.518059639609206,59.654298850999304,True
2025-01-08 20:45:00,66.82461165111475,14.692000244915196,68.72705179601427,68.58531835337392,65.4455230711899,65.33068488419664,66.62187883577371,66.7609664118756,70.77690510515295,71.04252476341209,59.78217732237809,59.854223494961715,True
2025-01-08 21:00:00,62.483086016546864,14.71925465775083,68.88355824135212,69.24767904800277,65.63871974677784,65.65408316838567,66.86928215104825,67.0885582799573,71.05790736327869,70.94685795840289,60.06758566968321,60.06127276193775,True
2025-01-08 21:15:00,58.13399244511109,14.744404513293453,69.02682225169873,68.91186394968206,65.81537157433533,65.69394395576575,67.09798802377766,67.24623068424306,71.31374619578428,71.4924788176818,60.327253371228394,60.55407490494668,True
2025-01-08 21:30:00,53.333982254611115,14.767586201784155,69.15757046964902,69.11089058301428,65.97636209386447,66.17901073468124,67.30914173689285,67.4161021291706,71.5456846155868,71.39831632678666,60.562506604987576,60.40746125515974,True
2025-01-08 21:45:00,49.17433928617306,14.787689808424567,69.2695640854708,69.2655995922597,66.11399830061482,66.27487830532135,67.49252688426887,67.60638245601662,71.74263232309902,71.94211331036178,60.762187198654175,60.47245678269817,True
2025-01-08 22:00:00,46.23821753702193,14.802776802960208,69.35313058516554,69.1241427066624,66.21674821315914,66.11851386696264,67.63031433997607,67.50424156562673,71.8898322606432,71.8930869863022,60.91102785096852,61.15520594627263,True
2025-01-08 22:15:00,42.6843906882945,14.817870052534143,69.43681155252153,69.51579514009556,66.31991059083799,66.40373026865934,67.76829951589484,67.82644338162206,72.03888658924403,72.09873353445491,61.06099276945977,61.10655414482747,True
2025-01-08 22:30:00,40.405922035514024,14.826222182556545,69.48307814373847,69.32405505909873,66.3770193089132,66.49637747104529,67.84471661618001,67.97857262235672,72.12182697221587,72.16907206528865,61.14412328837443,61.31383694394984,True
2025-01-08 22:45:00,38.3157930930717,14.835240155540129,69.5329724109998,69.55115849270136,66.4386037094858,66.13586709661585,67.92727413817153,67.91521437908564,72.21156880276274,72.11133121659455,61.23381680483304,61.055849608104154,True
2025-01-08 23:00:00,36.54356015768949,14.841152546210296,69.56562603290182,69.56115137076013,66.47890504559646,66.3941845429311,67.98142799613072,68.02585343382503,72.27043628467482,72.41915169867244,61.292498795767386,61.16845391923535,True
2025-01-08 23:15:00,35.39011900713997,14.845495218678794,69.58956980540053,69.29916963603792,66.50845123688313,66.49981577252233,68.02121572422368,67.95682201864155,72.31365213857899,72.29357765991573,61.33549594742274,61.260251663966955,True
2025-01-08 23:30:00,34.638020539129606,14.848153927754273,69.60421033170063,69.55562196061135,66.526513845512,66.57027049687612,68.04558201918093,68.34479398194229,72.34009198444156,72.25758964768568,61.361765770300906,61.63396707264025,True
2025-01-08 23:45:00,34.040770858313664,14.850717115665049,69.61830920559368,69.73083937433562,66.54390486775218,66.58997112213954,68.06907702166515,68.05923241938217,72.36556124643225,72.27195503045037,61.38704414006236,61.39841287255701,True
2025-01-09 00:00:00,32.04872162154278,14.856910370147185,69.65230269488592,69.60480927412664,66.58581814460064,66.54820076447398,68.12586311706268,68.27473460910014,72.42698164459904,72.61075586286401,61.447888366292275,61.34781578922702,True
2025-01-09 00:15:00,32.16781659325002,14.856680223060122,69.65104149107464,69.88017130078822,66.58426364983755,66.75616219608443,68.12375246943922,67.93597463761223,72.42470295375104,72.38509155825226,61.44563411328642,61.30604358008299,True
2025-01-09 00:30:00,32.470019858217505,14.85595961789798,69.64709150989312,69.43370141257566,66.57939480465012,66.33656501065809,68.11714410900154,67.9928609859865,72.41756611796534,72.46066270835173,61.4385722438159,61.53168546691201,True
2025-01-09 00:45:00,32.34025039623003,14.856211657870984,69.64847324472223,69.38401040558713,66.58109801674712,66.75934849750097,68.11945542289035,68.0726411248834,72.42006266660856,72.52978681307928,61.44104283837899,61.24252902436451,True
2025-01-09 01:00:00,32.27817134579138,14.856762435823693,69.65149203542319,69.82485469104795,66.58481897301262,66.34703077962145,68.12450642775507,68.1291193100353,72.42551698208086,72.26273168840954,61.44643943960095,61.52226384623219,True
2025-01-09 01:15:00,32.48386043267454,14.856142674717967,69.6480950844116,69.56784066626534,66.5806318783088,66.7197158511621,68.11882281410178,68.32295805222333,72.4193794009091,72.17289235543078,61.44036670468438,61.53221844269915,True
2025-01-09 01:30:00,32.18681533828993,14.857045358437016,69.65304235135376,69.471426314725,66.58672978479409,66.72817314821053,68.12710109151615,67.94717476738249,72.42831801078171,72.40156529560507,61.44921028679465,61.44319167812415,True
2025-01-09 01:45:00,32.0748715054434,14.857250769441908,69.65416777146012,69.55148021813595,66.58811685388143,66.6029541756959,68.12898493262644,68.2799435042694,72.43035132904181,72.77346882913979,61.45122146358362,61.22509928361681,True
2025-01-09 02:00:00,32.00227098371504,14.85750001453037,69.65553317099341,69.80835485747441,66.58979964293673,66.44901796084034,68.13127081467525,68.0300735819479,72.43281818429271,72.34442755543311,61.453661193066736,61.442231352258766,True
2025-01-09 02:15:00,32.151514987967786,14.856542133854438,69.65028468349007,69.64941955156266,66.58333082515782,66.38384717179173,68.12248608781668,68.23165401036321,72.42333557114296,72.4153917715935,61.444281278092916,61.61854149659512,True
2025-01-09 02:30:00,32.1281021185281,14.857693551900734,69.6565932573595,69.65148935695704,66.59110610818156,66.7854990114242,68.13304581532199,68.1571871358144,72.43473340165971,72.40478293178379,61.45555515062564,61.325003097977024,True
2025-01-09 02:45:00,32.15587050721011,14.857229869511928,69.65405326963727,69.54524413099304,66.5879757332934,66.67348086270601,68.12879325647036,67.85039015298734,72.4301444576539,72.6213330574611,61.45101685383547,61.54464582096807,True
2025-01-09 03:00:00,32.488103620485674,14.856061263810082,69.64764877719726,69.6234802495788,66.58008173347196,66.42060942694864,68.11807624058534,68.0970649244016,72.41857300379581,72.27228755703293,61.43956869690922,61.512491993420674,True
2025-01-09 03:15:00,32.61088436045259,14.855108075734394,69.64242174788502,69.69818689396796,66.57363817069451,66.71232447418379,68.10933539476987,68.06476368418535,72.40912853241537,72.33738696171413,61.43022024470133,61.50127102832385,True
2025-01-09 03:30:00,32.73213409349517,14.85516592620826,69.6427390626195,69.48356023421918,66.57402935830918,66.44178520593773,68.10986587437507,68.20517726952782,72.40970188025189,72.5427053915628,61.43078788029629,61.28293945495129,True
2025-01-09 03:45:00,32.72150483907348,14.854582153350144,69.63953656360205,69.6420123400321,66.57008117442139,66.78262283678998,68.10451286527243,68.22563595037587,72.40391534269702,72.52329614090034,61.425058306798306,61.71137686056685,True
2025-01-09 04:00:00,33.32081080753925,14.853184520360058,69.631865316848,69.52354697631372,66.56062265483217,66.52244749682119,68.09169787561058,67.7385152834668,72.39005427312632,72.3589400376218,61.41132755338394,61.329641943599704,True
2025-01-09 04:15:00,33.9032293997925,14.84969168265704,69.61267072613889,69.52256623197349,66.53695021465664,66.62544434146108,68.05967708712485,68.16816654609842,72.35537476684351,72.2400928983748,61.376937263500196,61.30298362519283,True
2025-01-09 04:30:00,35.029904388563466,14.846822658730193,69.59688149641505,69.48551106235152,66.51747236089898,66.52859728738989,68.03338078055108,67.89157337864711,72.32685538441493,72.24983758635756,61.34861780922972,61.16481820699233,True
2025-01-09 04:45:00,36.80546735177331,14.839947257816945,69.55897393300407,69.61932873526705,66.47069550465861,66.4725496744444,67.97038654548157,67.73922559600636,72.25843684345071,72.16544379386679,61.28054747449221,61.21945147364443,True
2025-01-09 05:00:00,38.78641394506726,14.832062900410854,69.51540384843753,69.72923505429318,66.41691879929841,66.5387332312011,67.89818135156995,67.75005368459264,72.1799375190379,72.2816979503324,61.202234029631484,61.298279384781345,True
2025-01-09 05:15:00,41.93295173404194,14.819793913602268,69.44747378037086,69.42341728497907,66.33306649407673,66.12157347057456,67.78589790128883,67.8541783099844,72.05796957896766,72.09051385250983,61.08014020158029,61.04598855720242,True
2025-01-09 05:30:00,44.94586896505221,14.806167390577599,69.37192655594139,69.46344613151095,66.23990913419641,66.23339153902008,67.66129944889353,67.68626677548576,71.92319583524085,71.97676712390518,60.94465628255723,60.771468440393285,True
2025-01-09 05:45:00,48.789258845172405,14.788161518516592,69.272178887319,69.35689022609256,66.11721066666128,65.93537916309927,67.4968328205184,67.51671827700275,71.74722254716544,71.80287078090637,60.76683698334726,60.85718990918114,True
2025-01-09 06:00:00,55.25132545562714,14.75811452992172,69.1043257074161,69.35486777053426,65.91083361224,66.16798081423765,67.22282758390733,67.37092604801137,71.45144478008797,71.5020687509108,60.466937016225245,60.31617105789844,True
2025-01-09 06:15:00,61.26008620447989,14.725871350380668,68.92137027629036,69.00544951758128,65.68536475532264,65.59043823709482,66.92941468615388,66.90347471922789,71.12557561037548,71.15019771438695,60.136284254487535,60.17322596821161,True
2025-01-09 06:30:00,67.37872531570122,14.688906081919257,68.709215570332,68.50772290251548,65.42349377117911,65.66721152716408,66.59382039706274,66.96720852241624,70.74479682900878,70.81190993568913,59.749553213447825,59.55095439923831,True
2025-01-09 06:45:00,75.08574114415862,14.641894639294426,68.43686413953571,68.63803148128791,65.08688138963137,64.9049477944501,66.16823901962762,66.14958909650028,70.25277891469523,70.28216872436182,59.24935071600366,59.37903748369654,True
2025-01-09 07:00:00,80.49934010311114,14.60498797788101,68.22165601751914,68.31483565143708,64.82064737817,64.98936677294569,65.8350893005333,65.82270058127152,69.86209581559616,69.92288182929212,58.85184347126058,58.780669786846516,True
2025-01-09 07:15:00,89.07344454588075,14.546809061284355,67.88071438422486,67.93883876139702,64.3985455305796,64.47210082048989,65.31162621384084,65.53694348604003,69.24055933071898,69.0823329805712,58.21897420010096,58.13617025987705,True
2025-01-09 07:30:00,93.69575885320916,14.51449632822388,67.69072356721286,67.80819404750372,64.16319435841416,64.13508447527856,65.02179583459608,64.8729159134715,68.89308581524253,68.90295156652068,57.864952162767906,57.89050297838892,True
2025-01-09 07:45:00,98.1767737129008,14.475977632119928,67.46383859099441,67.53301054969839,63.882040509059436,63.93008426166052,64.67714289837905,64.64890952018526,68.47726554890636,68.36983268163966,57.44112540915356,57.48445116190246,True
2025-01-09 08:00:00,101.86960474589628,14.446618123861471,67.29068855570259,67.49201589991857,63.66741176290306,63.7623376327558,64.41505852268254,64.4718285635765,68.1593662230101,68.14617236536292,57.116993999998044,56.927825440295976,True
2025-01-09 08:15:00,101.86753017298966,14.452137263340777,67.32324944756117,67.35766791872787,63.70777651737805,63.778206972430425,64.46428577474849,64.60248530443015,68.21918160900034,68.11535849824641,57.177988856044465,57.07552751496311,True
2025-01-09 08:30:00,101.64433097186505,14.457446844050567,67.35456941278612,67.29595377146612,63.74660132125669,63.73051964591386,64.51166164015294,64.4962545481517,68.27670267502404,68.28143879336625,57.23664121537905,57.307543679214845,True
2025-01-09 08:45:00,95.41479020544365,14.485346154310443,67.51905492600842,67.61844464857221,63.950473184695994,63.69750167876747,64.76088514096443,64.6881501420476,68.57854296032318,68.76286521073067,57.54436871677194,57.60471602547543,True
2025-01-09 09:00:00,92.95601689362559,14.517438027289524,67.70803444463225,67.99575910382656,64.18464158629122,63.88525544837325,65.0481548575257,65.27606300887253,68.92477469038894,68.50898134579505,57.897243877963746,58.03794371972176,True
2025-01-09 09:15:00,84.44438123727251,14.575155860794137,68.04704717097444,68.1139678450604,64.60451628086913,64.77714224324194,65.56641470364261,65.62099775421585,69.54413758036614,69.63186172592508,58.528153897042046,58.466402480191185,True
2025-01-09 09:30:00,80.3101835092139,14.604630775213595,68.21956840182315,68.4820314897401,64.8180639203264,64.98750104846052,65.83186900531531,65.53368763087511,69.85829914603333,69.63106498495169,58.847979252218494,58.72108409094889,True
2025-01-09 09:45:00,73.691501439419,14.651128951296416,68.49053920611519,68.54955157689227,65.15325203663832,64.93871404415196,66.2517269814809,66.36829625037223,70.34997966798402,70.44014525958701,59.34820731663196,59.2659834479054,True
2025-01-09 10:00:00,66.1135872908473,14.697183162185633,68.75689959867306,68.70706027522999,65.48238276244055,65.4834905085601,66.66889172283145,66.69420386211567,70.83060031504587,70.8874318518489,59.836729691322006,59.873365952806594,True
2025-01-09 10:15:00,61.423923721001856,14.725006485564226,68.91643243562922,69.06673723462576,65.67927420626415,65.6649494952677,66.92155325507873,66.96919248870348,71.11674432600657,71.08881866660695,60.12731920854823,60.030305371076295,True
2025-01-09 10:30:00,55.249078783015584,14.755421223233,69.08913849315041,69.14706052829925,65.89213412369321,65.89637242941971,67.19829393177076,67.15270373029274,71.42450766206288,71.37528623724089,60.439615662934244,60.36339751407189,True
2025-01-09 10:45:00,51.33328123764918,14.776113909871915,69.20526448023432,69.23999650402607,66.03501362197798,66.16246415984526,67.38690104258507,67.30718250723905,71.62979971437956,71.91410725820106,60.64779272567338,60.59083233349594,True
2025-01-09 11:00:00,47.81881419244306,14.79544496384269,69.312490864982,69.05240250449755,66.1667374488123,66.39663163267127,67.56333610857735,67.76899621719265,71.81799639739592,71.90810817182863,60.83848924700624,60.70407592583987,True
2025-01-09 11:15:00,44.909843732030346,14.80672472326068,69.37501654646567,69.33466267178167,66.24371738130262,66.45930624336803,67.66639334956606,67.76522993723819,71.9286875968962,72.25885306770938,60.95018826522852,60.98749660427637,True
2025-01-09 11:30:00,42.79660189623826,14.815459661853808,69.42344953722413,69.14640011064553,66.30342845216326,66.26163908624233,67.74625385926224,67.91794286008634,72.01499990490265,72.10482503080107,61.037008094058734,61.04005429504279,True
2025-01-09 11:45:00,41.37109577894868,14.819974474341608,69.44847432767979,69.6003963834591,66.33430122164766,66.39890911011815,67.78754968538148,67.81255996082648,72.05976133202586,71.94021768403368,61.08193737151048,61.21201464362728,True
2025-01-09 12:00:00,41.30434392220606,14.823129293543811,69.46595190810544,69.85150020524713,66.35587403730396,66.12961802920418,67.81641347171312,67.78020805350792,72.09108638804157,72.08989973952286,61.11333943982483,61.04395201771634,True
2025-01-09 12:15:00,40.75560178446894,14.824807443427568,69.47524508391422,69.49809013979632,66.36734810592397,66.48693899009936,67.83176955206778,67.83428215842855,72.10776240225903,72.58474207558255,61.13004270207563,61.15274474212414,True
2025-01-09 12:30:00,40.20332189407085,14.827800923707953,69.49181901863506,69.41030146953955,66.38780792674422,66.55991457901419,67.85916601264947,67.65884748509549,72.13752763619941,71.81389406005411,61.159835197435385,61.16468251811352,True
2025-01-09 12:45:00,40.58033232738893,14.826135291475936,69.4825970000848,69.43217830969084,66.3764254542148,66.09765226355366,67.84392139199299,67.91175951039833,72.12096300789507,72.22015427422753,61.14325846793322,60.875998593068054,True
2025-01-09 13:00:00,40.322791114284854,14.825237064374857,69.47762375813876,69.64747114952087,66.37028536008901,66.45781412386401,67.8357011215252,67.9337535278469,72.1120329181926,72.19014105299786,61.13431864618272,61.2645894944079,True
2025-01-09 13:15:00,40.27667374288439,14.827364969232704,69.48940552657227,69.3790043415438,66.38482899717415,66.36535597142327,67.85517579435539,67.91339633285162,72.13319147536983,72.18189372335415,61.155496750362886,61.32306262208129,True
2025-01-09 13:30:00,40.677364114577195,14.82657316631625,69.48502158935163,69.52080800585921,66.37941802792666,66.25224329576838,67.84792885493727,67.81969179918423,72.12531701858482,72.1735857239421,61.14761654176179,60.63630973029104,True
2025-01-09 13:45:00,40.932088026681264,14.82505353559667,69.47660764155454,69.38725215024253,66.36903061293562,66.65813607622015,67.83402158952612,67.7819069139532,72.11020854396679,72.130086451841,61.132492030606244,61.0594246590466,True
2025-01-09 14:00:00,40.885573039643305,14.825820788440423,69.48085544513651,69.50327806024744,66.37427593598296,66.55484325893678,67.84104310997301,67.92881402859217,72.11783604027751,72.1096838305074,61.14012819564597,61.30668684149959,True
2025-01-09 14:15:00,40.31577322990099,14.825452761309998,69.47881792956258,69.49633194274347,66.37176001099807,66.39735407354094,67.83767506144952,68.03423948657425,72.11417717815958,72.02429751790464,61.136465392391386,61.09471775843464,True
2025-01-09 14:30:00,40.08563046808632,14.826920785002315,69.48694629982751,69.40927629942281,66.38179363580075,66.37340308669168,67.85111037115882,68.11647287002434,72.12877389647964,72.20917281721843,61.151076198325626,61.01426442179716,True
2025-01-09 14:45:00,41.036180258678534,14.823793474756569,69.46963031055746,69.63862186285183,66.36041540420803,66.36463789074166,67.82249092125552,67.7561119514247,72.09768544242587,72.26642536778157,61.11995042598315,60.970951356974446,True
2025-01-09 15:00:00,41.59571343908908,14.821704539810673,69.45805988224879,69.4888632345865,66.34613174911355,66.22979032722431,67.80337748299782,67.86493278839855,72.07693534646236,72.00643403861007,61.09915776307827,60.89004038651525,True
2025-01-09 15:15:00,41.519347903087244,14.82084014692983,69.45327095505455,69.40663495424366,66.3402209111809,66.28363556006646,67.79546920704182,67.65123439837355,72.0683533350123,72.04586299494217,61.09055383322196,61.00619857578348,True
2025-01-09 15:30:00,42.76903906532447,14.81650056710147,69.42922022599211,69.49919414850454,66.31054593222541,66.39640519842982,67.7557736351734,67.88828357051327,72.02531195774336,72.14096739025733,61.047364808622916,60.98539831570341,True
2025-01-09 15:45:00,43.29875323913831,14.81389414186374,69.4147693742748,69.4805389179913,66.29272452158195,66.34397815447566,67.73193738946158,67.67453835033194,71.99950028279414,71.80010547435587,61.02143463077077,61.043370189315596,True
2025-01-09 16:00:00,44.308123322273914,14.8088178579079,69.38662203218877,69.46277129752208,66.25802205943029,66.40282337626671,67.68552586171181,68.06477933299315,71.94933043542905,71.89065080993095,60.970973791548275,60.89016700706591,True
2025-01-09 16:15:00,47.17452880269945,14.796158792816225,69.31644618101798,69.34679390810173,66.17160168490129,66.04990723468327,67.56985566126822,67.54361617896764,71.82496951957555,71.52816966954214,60.84553833115811,60.984494843333096,True
2025-01-09 16:30:00,50.2456798774527,14.783694560310153,69.24741338743443,69.03340937423977,66.08679230593913,65.99943926601989,67.45606236107983,67.4141236880522,71.703787854793,71.70209422774889,60.72281801909877,60.79477789642714,True
2025-01-09 16:45:00,53.728063990851,14.766231515954296,69.14997171263433,69.29429639410627,65.96701333427674,66.18392895076822,67.29679326161556,67.38224944384396,71.5322554782131,71.52674939887025,60.54888926715195,60.70025605309021,True
2025-01-09 17:00:00,57.477337652548144,14.747052054949213,69.04182531567528,68.82363117611986,65.83385749872278,65.70763847575859,67.12208675458938,67.08085863898481,71.34044522206563,71.45738837517601,60.35434140705375,60.351139444193166,True
2025-01-09 17:15:00,61.25092843994971,14.722998887955997,68.90496495348742,69.084840523789,65.66512879175782,65.84595987642986,66.90330641399639,66.74775732829758,71.09622843349646,71.16862375841482,60.10649175355728,60.015362397413966,True
2025-01-09 17:30:00,65.29417168241345,14.702628431236185,68.78821741606328,68.98692796090737,65.52105083053593,65.59016213205369,66.7183021966086,67.02097360234949,70.88688971070451,70.91347423249472,59.893910134005736,60.26108054704467,True
2025-01-09 17:45:00,70.11626038243692,14.675651446449006,68.63267240150758,68.44076388831935,65.32893271411467,65.49551712515859,66.47369180917804,66.39837303983697,70.60683360718461,70.5097764612733,59.6093466298188,59.80153121438319,True
2025-01-09 18:00:00,74.77492546189244,14.645255638595547,68.45640903237944,68.40208036227119,65.11105073456581,65.10340435477002,66.19861992071388,66.1896417610595,70.28818497756245,70.40556270466331,59.285361996730714,59.518396697004846,True
2025-01-09 18:15:00,79.42524890540543,14.616589252759667,68.28941210740086,68.42399127010582,64.90448808200848,64.86926817289132,65.9397212884317,66.06402799935104,69.98525310209624,70.24114414390256,58.977179580251516,59.276922927752715,True
2025-01-09 18:30:00,81.02500890209197,14.603385374187402,68.21228921318985,68.17978522508146,64.8090556882781,64.8954661138123,65.82064193650616,66.07173811079682,69.84505979523435,69.91012516356652,58.83450417508625,58.90268395586657,True
2025-01-09 18:45:00,82.82647968627047,14.588911103588515,68.12761984506832,68.10329966907173,64.70426139716012,64.72457529494696,65.69022918667523,65.9479441861112,69.69095712070977,69.65500005393015,58.67763818756717,58.685529998953875,True
2025-01-09 19:00:00,85.37156261631235,14.57435107192569,68.04232999329032,68.24733187009807,64.5986760348009,64.84235071169442,65.55917420837599,65.58967888708035,69.53553695952674,69.62169010201862,58.51939624687644,58.49636369855094,True
2025-01-09 19:15:00,85.75979467541657,14.574446985430587,68.04289219630405,68.05163185439177,64.5993720908507,64.62003514469227,65.56003709852901,65.62782544103806,69.536562027571,69.49243916234416,58.52044003580676,58.48406551699505,True
2025-01-09 19:30:00,86.18458474269615,14.568743862734388,68.00945512724537,67.82880008496527,64.55797251295444,64.36905183229803,65.50873856913468,65.36516564496345,69.4755828777461,69.46008961549032,58.45834475127168,58.59271182792727,True
2025-01-09 19:45:00,81.92649090364829,14.5944804283957,68.16021313290956,68.23955346495325,64.74460454755985,64.64079162406559,65.7403933313554,65.70377491559252,69.75030140677897,69.74728722452261,58.738050806494755,58.500418355663975,True
2025-01-09 20:00:00,78.81131621542107,14.619569353447869,68.30680216033197,68.42141839388454,64.9260035964434,64.96280683872925,65.96661225140416,66.05827143141525,70.0168402992484,69.74089205077803,59.00932164428764,58.7867866413799,True
2025-01-09 20:15:00,74.93557985095426,14.649582527330704,68.48155591029754,68.66525031393752,65.14214490495225,64.86864733342382,66.237742001405,66.36424373519374,70.33371901560871,70.20043132189517,59.331670908846434,59.48900646612217,True
2025-01-09 20:30:00,69.9054549842569,14.673406564008493,68.61968778365667,68.72399435583577,65.31288799838244,65.04166359134338,66.45335686942916,66.51737220776178,70.58340340019417,70.55238757566138,59.58553122653309,59.60499857490237,True
2025-01-09 20:45:00,67.25532922429484,14.690769814295624,68.71996052851732,68.50270685282176,65.43676499513569,65.6230105845705,66.61072035699627,66.54933281100475,70.76414149502837,70.5537378934179,59.76920895001031,60.00844947351141,True
2025-01-09 21:00:00,63.179154611487974,14.715090899303982,68.85972415649191,69.04292757588891,65.60931115517744,65.48958929945947,66.83145574809578,66.81870727795527,71.01520627673654,71.03336196768608,60.02422807339231,60.253173553390276,True
2025-01-09 21:15:00,57.493292731333355,14.744903680617446,69.02965218757772,68.99967024951297,65.81885868214904,65.81127512677085,67.10253126585536,67.2982200787071,71.31878376847844,71.31933957109806,60.33236449590051,60.27311490520578,True
2025-01-09 21:30:00,52.440992549272956,14.768905744166188,69.1649664776094,68.95465207820298,65.98546036054658,65.87290406429761,67.32117095546039,67.54593399680793,71.55874852560399,71.52775863651887,60.575753225771564,60.68141497605498,True
2025-01-09 21:45:00,49.561957181724246,14.786472834879941,69.26281477351093,69.23861186785555,66.10570614737556,66.03349014394198,67.48141855535543,67.5085625489686,71.73078126538374,71.65640747731193,60.75018165049937,60.43160041251612,True
2025-01-09 22:00:00,45.76557972470093,14.803399305460117,69.35658112233624,69.30948975412406,66.22099950651932,66.07607170070845,67.63600258834174,67.41552396092567,71.89595156041848,71.9295354664787,60.917198373987404,61.15921451802121,True
2025-01-09 22:15:00,42.33290442724597,14.818531800624536,69.44047931867141,69.47424682772717,66.32443578681878,66.31643434248177,67.77435255276608,67.90395909667721,72.04544884956384,72.1364588261756,61.0675785805025,60.61970520038601,True
2025-01-09 22:30:00,39.967157103779655,14.8283569586858,69.49489703638945,69.28163772517215,66.39160709059621,66.36333607904018,67.8642554779161,67.92590114427061,72.14305875091405,71.89694855937103,61.16536831665323,61.27105477921186,True
2025-01-09 22:45:00,38.036616765726066,14.83537741341917,69.53373107604706,69.40358753151301,66.43954011649674,66.29263341586835,67.92853109116083,68.08242091089787,72.212935439671,71.98625203669661,61.23518055436119,61.39485112348407,True
2025-01-09 23:00:00,36.42814039426822,14.84163571499612,69.56829063678163,69.31207748096962,66.48219340653247,66.46018591201319,67.9858522608862,68.07789008828792,72.27524376349167,72.07478225031387,61.297285481963556,61.372080862051334,True
2025-01-09 23:15:00,35.118803476438124,14.846611571706609,69.59571906279699,69.72392002577068,66.51603820720554,66.18569969185876,68.03144624341084,68.0834483557224,72.32475612519131,72.5676713989023,61.346531956035676,61.562523426900775,True
2025-01-09 23:30:00,34.498640420657736,14.84969510869306,69.61268956903527,69.51731918555312,66.5369734569995,66.49153458791366,68.05970849181509,68.14127957900277,72.35540880701603,72.23432223619712,61.376971044943446,61.490584617651,True
2025-01-09 23:45:00,33.50314534893533,14.851931166169917,69.62498132923793,69.42332210874542,66.55213362257099,66.35042191062352,68.08020681337665,68.19669164613339,72.37761601969176,72.36865409284769,61.398998999035896,61.530523633445505,True
2025-01-10 00:00:00,32.26751870703275,14.85641534092893,69.64958973336704,69.62584485734958,66.58247422981393,66.47259862151533,68.12132331192457,68.0611735401042,72.42207994257794,72.24252178926446,61.44303893088083,61.74144286466807,True
2025-01-10 00:15:00,32.13564648557359,14.856524590001378,69.65018852889054,69.56965815895992,66.58321230586675,66.42542313256978,68.12232519836351,68.08724312172582,72.42316184050453,72.58834072051141,61.44410938947959,61.36599962076985,True
2025-01-10 00:30:00,32.015434366165735,14.856811311703497,69.65175987608266,69.72661326619033,66.58514909996848,66.83157632529645,68.12495466154465,68.17801723330052,72.42600090575672,72.52259980753641,61.44691817533875,61.5548094608768,True
2025-01-10 00:45:00,31.63966604136597,14.857465174136893,69.65534232247433,69.49275787903348,66.58956443481998,66.38974257146623,68.13095128338499,68.25027026461555,72.43247338262219,72.47598089637175,61.45332020027061,61.46524460973433,True
2025-01-10 01:00:00,32.53849586952117,14.85569194800205,69.6456238750695,69.51148307444647,66.57758564763945,66.88535756103029,68.11468950499994,67.89730328290224,72.41491433700448,72.293054163221,61.435947714374464,61.10552030699802,True
2025-01-10 01:15:00,31.860813106757625,14.857542388215855,69.65576528004787,69.49481525693312,66.59008570038964,66.38420856781347,68.13165943696752,68.2482626963782,72.43323752922907,72.53995707696421,61.45407589804627,61.72588098170809,True
2025-01-10 01:30:00,32.30476639732017,14.85676559006352,69.65150932093907,69.45810904132878,66.58484027833661,66.53458442492632,68.12453535479827,68.0467085578061,72.4255482128929,72.49521570651721,61.44647033593333,61.599023606896054,True
2025-01-10 01:45:00,32.2202194100403,14.857377091189596,69.65485980470491,69.80462999039837,66.58896975868392,66.58235698811775,68.13014345262994,68.08145391824539,72.43160162485485,72.325324901832,61.4524580471879,61.36846767803367,True
2025-01-10 02:00:00,32.165925002950104,14.856683993114542,69.65106215228273,69.67725392940791,66.58428911615887,66.54495208737833,68.12378704383221,68.49068383554791,72.4247402838057,72.62049185713266,61.445671044961415,61.3375117277416,True
2025-01-10 02:15:00,31.977484876740117,14.856951929982861,69.65253042451977,69.67441122126216,66.58609882732051,66.4809149284258,68.12624426014652,68.19206673865078,72.4273930937925,72.6452063135984,61.44829537683462,61.251251160483996,True
2025-01-10 02:30:00,32.0602420771667,14.857038403710808,69.65300424495848,69.58748491094231,66.58668281836577,66.88645269957766,68.12703730960956,68.27729369261179,72.42824916274621,72.56989751556395,61.44914218504411,61.4094873310171,True
2025-01-10 02:45:00,31.98932812459773,14.857477545235989,69.65541008926299,69.77267112347016,66.58964795301328,66.6633061437346,68.13106474221429,68.32396434691603,72.4325958154367,72.40097135843327,61.45344128127141,61.43217440934135,True
2025-01-10 03:00:00,32.423868539956544,14.85586280259821,69.64656069661419,69.42602835329957,66.57874047682627,66.68914889688702,68.11625628189645,68.11318194757052,72.41660702634098,72.25781143614793,61.43762304601671,61.1249321831186,True
2025-01-10 03:15:00,32.59734526245223,14.855125589038943,69.64251781089423,69.89372051090544,66.57375659806664,66.62706302966716,68.10949598875735,68.40379683833368,72.4093021062671,72.4028609438236,61.43039209082892,61.573387623575336,True
2025-01-10 03:30:00,32.352561703943834,14.855642032392407,69.64535016345583,69.54372379592374,66.57724823599634,66.2681688939277,68.11423177050182,68.30729560949385,72.414419781311,72.3181749154403,61.43545820513751,61.31524238817423,True
2025-01-10 03:45:00,33.002937083038944,14.854377921660918,69.63841593930131,69.90293978588527,66.56869955531957,66.88276638294298,68.10264017612936,67.85351014475904,72.40189049830722,72.34872329891078,61.4230530367451,61.267899371231046,True
2025-01-10 04:00:00,33.54147693320315,14.852362621006968,69.62735155790772,69.53186615880074,66.55505660567155,66.5659425677602,68.08416238893587,68.0125495957247,72.38189857869808,72.62403549285432,61.403244551946415,61.48528847919882,True
2025-01-10 04:15:00,33.46573525254655,14.85174645579394,69.62396645660162,69.6139481547773,66.55088203677256,66.86336368063142,68.0785134248,68.27743278530549,72.37578236000904,72.098718922121,61.39718094078003,61.35016706587749,True
2025-01-10 04:30:00,35.580093466084406,14.844747207343396,69.58544801449302,69.62208975683441,66.5033654786717,66.38819614471198,68.01436120453992,68.01948489607105,72.306210316257,71.91510548689672,61.32809694713839,61.165352751619906,True
2025-01-10 04:45:00,36.96644782347108,14.839600886890386,69.55706181583874,69.26586469774914,66.46833564652101,66.41116235036564,67.96721366372842,68.11866652450624,72.25498828106109,72.0372702824051,61.277111750141984,61.31148917535961,True
2025-01-10 05:00:00,39.23314485150779,14.830511650486063,69.50682179987055,69.4723013709038,66.40632586761767,66.38058577786141,67.88397947357358,68.01222343654828,72.16449796300282,71.96554566279542,61.18680556777953,61.1536730867969,True
2025-01-10 05:15:00,41.536123213935774,14.820895081811594,69.4535753249107,69.58083629225513,66.340596567101,66.42372078986332,67.79597178908567,67.68366944280636,72.06889866959567,72.08940355009474,61.09110063536875,61.31466687748382,True
2025-01-10 05:30:00,45.55604233052263,14.805001081938286,69.36546055162036,69.33648645007956,66.2319407266828,66.22248997430728,67.65064025963925,67.40604161630183,71.9117101842767,72.12332461242353,60.93308343328819,60.81693064815496,True
2025-01-10 05:45:00,49.521674293445216,14.785519624530169,69.25752949451861,69.16370379673424,66.09921419213906,66.28118267970888,67.47271845110104,67.62180114162274,71.72150998676858,71.75280987161318,60.740786120362884,60.854958702833834,True
2025-01-10 06:00:00,55.12028831608561,14.757997277392427,69.10366494783268,69.00442128896312,65.91002011626877,66.0456298586638,67.22175942339419,67.11774742371908,71.45027330578148,71.67304675752216,60.46574887190208,60.418373746654105,True
2025-01-10 06:15:00,61.53207748032365,14.72352376254186,68.90796377490838,68.91154343808682,65.668828032947,65.62414178580421,66.90807670306638,66.90357318589511,71.10159433040712,71.23566708344076,60.11193924979571,60.012511416475206,True
2025-01-10 06:30:00,67.85309800587734,14.687050997526045,68.69851596901061,68.82820374833976,65.41027779699058,65.39530099090987,66.577000984602,66.84824584877606,70.72552819999419,70.70204741333693,59.72997386842965,59.69432132266886,True
2025-01-10 06:45:00,74.45974975784321,14.648882887040338,68.47749091838794,68.32198189137414,65.1371187372838,65.05751870382294,66.23141533698524,66.40178981431275,70.32636000059264,70.32139109168834,59.32418692936156,59.2514903009192,True
2025-01-10 07:00:00,82.76350648897746,14.590727411686053,68.13825135435914,68.32655872349531,64.71742118898545,64.58945768940018,65.70658697293742,65.63229967990837,69.71031752764169,69.9823779381889,58.6973476926178,58.7335186464178,True
2025-01-10 07:15:00,88.79614769611806,14.54845839887105,67.89040185514389,68.0414967152476,64.41054358595096,64.32482615031172,65.32643730334047,65.35935329713345,69.25825705139238,69.39724106177493,58.23700167308854,58.062958601194566,True
2025-01-10 07:30:00,92.93310740172954,14.517781154888342,67.71005345892286,67.56251638438384,64.18714299233007,64.10267798070802,65.0512297919058,65.12279772258772,68.92847028480922,68.88016689051351,57.901009705395396,57.80374698665013,True
2025-01-10 07:45:00,96.24448371020254,14.486037190252125,67.52312699189218,67.58744747456727,63.95551970102068,64.12522771531442,64.76706423717678,64.75518363102859,68.58600993879392,68.55561258979888,57.5519802464125,57.607996299394834,True
2025-01-10 08:00:00,101.36731146869168,14.454620280228076,67.33789675888598,67.8031796294477,63.725933792246764,63.70753235907956,64.48643885589757,64.46857010084013,68.24608411867975,68.3576251686947,57.20542083117631,57.45222073140601,True
2025-01-10 08:15:00,98.82880181453963,14.467780932622304,67.41551372358167,67.50002354923107,63.82214434404962,64.20793386583587,64.60391964390969,64.69728580092361,68.38858836589235,68.21539807890159,57.350718978881645,57.392993422544436,True
2025-01-10 08:30:00,101.0575329578132,14.454278456824149,67.33588040309857,67.19249801489438,63.72343427386885,63.73457081907265,64.4833889360375,64.35472193573872,68.24238089463853,68.16041368600634,57.201644761939576,57.42456735881865,True
2025-01-10 08:45:00,96.2906315120993,14.490144293845407,67.54732661884952,67.37554242321652,63.9855096879493,63.704754464989385,64.80379516503241,64.61610307000402,68.63037928194545,68.64717316816211,57.597207399727594,57.744242465035995,True
2025-01-10 09:00:00,92.99250746635819,14.512168601654146,67.67702385893595,67.56939879560171,64.14622071851583,64.11051896008385,65.00094208303412,64.83900557498353,68.86800352143722,69.0166177816224,57.83939194367882,58.154018535785504,True
2025-01-10 09:15:00,86.70477231919482,14.564935296561085,67.98711705346201,68.17683403051952,64.530313211581,64.31327138336717,65.47449240467441,65.55949499072007,69.43483027666134,69.61805110669248,58.416843470139256,58.42857779229278,True
2025-01-10 09:30:00,81.07616527396937,14.599871068099578,68.19174335326126,68.48400733637644,64.78362852835788,64.77433344640271,65.78896625470298,65.7091095773081,69.80768312124798,69.66968610458692,58.79646055506326,58.94300517762757,True
2025-01-10 09:45:00,73.44008072004313,14.6522316546065,68.49694352906464,68.51234699470781,65.16117023321554,65.08571985630773,66.26170010556487,66.30367314531775,70.36157029379173,70.74624729153564,59.359994189586544,59.341754401034564,True
2025-01-10 10:00:00,67.29260733678397,14.688052020898441,68.70429014146171,68.74022768808354,65.41741005600713,65.63331042168883,66.58607665552077,66.61077979849372,70.73592744608298,70.69866396488733,59.740540914558096,59.472982181343916,True
2025-01-10 10:15:00,60.11216444328992,14.7304003964643,68.94720505418901,69.00410592913165,65.71722649935717,65.51288907737705,66.97059025952571,67.15892686441362,71.17175310119222,71.17629008592061,60.183157670091276,60.14652963222603,True
2025-01-10 10:30:00,56.24044013403777,14.752923774339525,69.07503839030505,68.9543637173737,65.87477005110857,65.72696335049808,67.17554837287597,67.35380086096677,71.39947795721012,71.45267113132638,60.41422717715359,60.37898776291635,True
2025-01-10 10:45:00,51.33859558535863,14.776783090379247,69.20899620392561,69.26644817649336,66.03960058858858,65.91707340323227,67.39300481747568,67.70356460881227,71.63636738152344,71.54942438637201,60.65445139493961,60.88785384398211,True
2025-01-10 11:00:00,48.01675569391051,14.79269166995522,69.29723915030536,69.40737267515928,66.14798763884033,66.32001540211284,67.5381926338734,67.41209907779877,71.79114825741733,71.95249356760917,60.811332665677654,61.08829864331437,True
2025-01-10 11:15:00,45.38836992082037,14.80620923562519,69.37215855228774,69.29364155591573,66.2401950509524,66.18822961312463,67.66168189695722,67.91839531679709,71.92360809032968,71.77297291141015,60.945071589988004,60.803753766710386,True
2025-01-10 11:30:00,43.008925805176304,14.81397060898591,69.41519336963889,69.73324890699526,66.29324733425943,66.22568153858556,67.73263663586687,67.7515788064525,72.00025707558949,71.90115553402372,61.022195209471846,61.043690384769,True
2025-01-10 11:45:00,41.82235413403275,14.81945998268514,69.44562329284797,69.49414440537181,66.33078297297706,66.32214977360718,67.78284312756473,67.72428847887478,72.05465622258647,71.92044312448125,61.076816541064986,61.1859734778699,True
2025-01-10 12:00:00,41.15593649981443,14.822990830355197,69.46518501123495,69.77635272045637,66.35492726955033,66.57775549284698,67.81514652792978,67.58937733652918,72.0897108433661,72.00920013431461,61.11196121903703,61.17517883012033,True
2025-01-10 12:15:00,40.03926185571571,14.826757184640867,69.48604048296677,69.5438378756878,66.38067561380672,66.37917307953927,67.84961303958679,68.13676185087735,72.12714694458323,72.08916263919062,61.1494479880528,61.32464849585179,True
2025-01-10 12:30:00,40.1289491076077,14.827100814023238,69.48794305162212,69.59619234559355,66.38302389906737,66.54558351615847,67.85275808304863,67.70914917413747,72.13056429819336,72.13417590916595,61.15286788323729,60.94563100720793,True
2025-01-10 12:45:00,40.61111252100774,14.825314426392486,69.47805206624207,69.41280829137165,66.37081426235513,66.33345905646355,67.83640909293354,67.66693978318912,72.1128019655626,72.01554820351886,61.13508860366905,61.3988052411012,True
2025-01-10 13:00:00,40.47134311899562,14.827062512757829,69.48773099453241,69.44051520204471,66.3827621625826,66.1431480194076,67.85240752983363,67.7002835760126,72.1301833830456,72.33423434390258,61.15248670400533,61.13111434034734,True
2025-01-10 13:15:00,40.692056415713644,14.825914028229853,69.48137176711596,69.47597496268723,66.37491320636177,66.47104733014308,67.8418964194042,67.44100828207128,72.11876305697389,72.14950395552192,61.14105622569819,61.13370825248905,True
2025-01-10 13:30:00,40.725686761275504,14.82466490837556,69.47445587018521,69.30440211735319,66.36637359452656,66.5526943873207,67.83046520309038,67.79111802425324,72.10634568984865,71.97067770590425,61.1286240489448,61.15818953657548,True
2025-01-10 13:45:00,41.14441216175312,14.82403833222911,69.47098628453004,69.52207958880372,66.36208958406337,66.39293842219627,67.82473150641,67.95982856883832,72.10011859337902,72.26404933609292,61.12238759704786,61.239928361192455,True
2025-01-10 14:00:00,40.92086520674769,14.825079149990172,69.47674945910987,69.50189717881888,66.36920573414956,66.55508154346276,67.83425599398927,67.82062157297695,72.1104631591907,72.1154501366424,61.13274696559131,61.39098350318584,True
2025-01-10 14:15:00,40.53574900722132,14.825790601231285,69.48068827982657,69.41265554323073,66.37406961243173,66.593545637463,67.84076684462381,67.9608295983111,72.11753591517201,72.16487310330162,61.139827736388796,61.091546829860306,True
2025-01-10 14:30:00,40.70872540873226,14.825717978855076,69.480286195186,69.38063546825005,66.37357318297899,66.39292953226708,67.84010222617468,67.87991583302062,72.11681389678282,72.06050463674478,61.13910494858143,61.27467880187286,True
2025-01-10 14:45:00,40.89181983941892,14.824219043601664,69.47198699144154,69.43054973365945,66.36332515736738,66.47669838299564,67.82638514199799,67.838079351617,72.10191443830566,71.91655254152076,61.12418627780329,61.22509568457795,True
2025-01-10 15:00:00,41.273587145481414,14.82135969762542,69.45614945577692,69.67474008526871,66.34377368640833,66.45044620994851,67.80022248829185,67.83759806348507,72.07351130976477,72.09806964802347,61.09572528295409,60.94517187240913,True
2025-01-10 15:15:00,41.05231686083073,14.823016500236758,69.4653271886617,69.45816963593614,66.3551027926144,66.03927190088305,67.81538140749197,67.73373313865106,72.08996585289613,72.05282389792747,61.112216729603006,61.07990274658019,True
2025-01-10 15:30:00,41.98390871929405,14.819066364627826,69.44344194154615,69.70202601576473,66.32809129194077,66.42741308416436,67.77924242897205,67.69519731243733,72.05075119320338,72.04049902494909,61.0728988895395,61.06865188919166,True
2025-01-10 15:45:00,42.85093734086672,14.814503622633778,69.4181488129169,69.5697274159659,66.29689161958113,66.23392396295361,67.7375108293017,67.57330637124707,72.00553310027158,71.99906204866116,61.02749713255878,61.04519859552815,True
2025-01-10 16:00:00,45.5677552755255,14.806363089293978,69.37301154849088,69.50320853864312,66.24124630865846,66.30893071648674,67.66308807116326,67.9975573384425,71.92512394821873,72.11279037056555,60.946598625190475,61.163938728903105,True
2025-01-10 16:15:00,47.573550601872384,14.795338113963316,69.31189884642563,69.33635937761554,66.16600944638483,66.31207049039953,67.56236025284038,67.47847478783113,71.81695304452671,71.83310599245095,60.8374343826538,60.74027523619205,True
2025-01-10 16:30:00,49.51368842449127,14.784736384267132,69.25318758872605,69.1501483137468,66.09388203240273,66.15590302636856,67.46557011090673,67.44491339478964,71.7138998865572,71.42477171619969,60.73307173252047,60.514738194323655,True
2025-01-10 16:45:00,53.0090013446027,14.76933535294806,69.16737320864978,69.22953670807158,65.98842079402525,66.02126162108598,67.32508758902554,67.48487949478043,71.56299814288278,71.67591841632404,60.580062202113666,60.740847645541066,True
2025-01-10 17:00:00,56.96665662785361,14.748022795801663,69.04732212346013,69.21222488480328,65.84062961820638,65.9785415369674,67.1309238176935,67.1873381228266,71.35022221184437,71.54088299247339,60.364260348031436,60.01239211165593,True
2025-01-10 17:15:00,60.632776091805496,14.727132356771929,68.92856731662025,69.10146974824248,65.69424146630486,65.92995071584747,66.940877784467,66.72335087893546,71.13844443746272,71.35011951358511,60.14934761416761,59.973630836263666,True
2025-01-10 17:30:00,65.1614705933118,14.702473228658556,68.78732538572226,68.73959441490237,65.51994954414026,65.28618695218273,66.71689363209259,66.81437532811648,70.88528714565771,70.98719750936671,59.89228230905107,60.05038854847562,True
2025-01-10 17:45:00,69.45601153189622,14.675858146933573,68.63386768566392,68.62930361092852,65.33040964184505,65.58360895806533,66.47556433173527,66.0504276143403,70.60899007551333,70.46544842316497,59.611538490758875,59.61236961717764,True
2025-01-10 18:00:00,73.71117662697623,14.650478173190013,68.48675905711544,68.46784772665995,65.14857823036623,65.04992531404736,66.24584153398833,66.25551187290372,70.34313758911465,70.43735998077833,59.34124926880945,59.3058093020548,True
2025-01-10 18:15:00,77.88999972967089,14.625505249101343,68.34142121219311,68.34030576019627,64.96883184800556,64.7077839132054,66.0201911892692,66.08942427696338,70.07969441952643,70.01204423510941,59.073274916290686,59.262505177512345,True
2025-01-10 18:30:00,82.2494250943193,14.598231719919458,68.18215654550265,68.03050597644541,64.77176358558965,64.71605558941154,65.77419283825937,65.58782406514075,69.79023898451533,69.68446030317592,58.77870441809891,58.9665202317752,True
2025-01-10 18:45:00,82.71581810755899,14.592788505105355,68.15031340188949,68.0815717516419,64.73235127474214,64.72092192393855,65.72515177796241,65.81299262423387,69.73227941637904,69.46830787684857,58.719704925702445,58.47925491347318,True
2025-01-10 19:00:00,83.61715481913875,14.587372377856523,68.11861167519037,68.05159206426953,64.69311070966451,64.71742448094834,65.67637291822109,65.73872281371106,69.67455058395346,69.6532928696219,58.66093539050749,58.60607188265036,True
2025-01-10 19:15:00,85.57169292973427,14.574589172413937,68.0437256257563,67.94667313246357,64.60040394703478,64.60606238153711,65.56131630055744,65.61879165395587,69.53808161032556,69.79581719654327,58.521987368170386,58.639935918414125,True
2025-01-10 19:30:00,83.98398529346458,14.58491535351061,68.10422478917675,68.02559735323851,64.67530149342284,64.63999449450088,65.65425037510208,65.63271447810635,69.64834349137452,69.49713974770408,58.63425426238443,58.824144306367955,True
2025-01-10 19:45:00,81.96908557186072,14.596686655920363,68.17311961542283,68.26937621277492,64.76057890517546,64.79401377962604,65.76027060702684,65.86824480416655,69.7737931119115,69.57214704338266,58.76196397944756,58.740114818467944,True
2025-01-10 20:00:00,80.26154411628633,14.612068640971142,68.2630206980127,68.16875505783537,64.87183362027832,64.49684401166597,65.89893997636807,65.73668501871563,69.93729854118571,69.92814134332907,58.92837952098563,58.93796215481113,True
2025-01-10 20:15:00,75.69337227772044,14.63649986948059,68.40547211577586,68.41770165766059,65.04805818628995,65.04319949477274,66.11948894452811,66.28511645185357,70.19588357746854,70.10736700964492,59.19147799409802,59.17043542593693,True
2025-01-10 20:30:00,72.09031713376847,14.660546144714932,68.5451949880737,68.60406982862395,65.22082091082709,65.1146924164265,66.33692259686023,66.31975434531249,70.4488461883533,70.52529380283424,59.44873931134444,59.4111314744361,True
2025-01-10 20:45:00,66.48099097280782,14.695157485079307,68.74523837302118,68.79608265790735,65.4679828185386,65.414274676657,66.65051536162468,66.58245170141028,70.8096276094296,70.60921834617129,59.81542301376126,59.82706910024034,True
2025-01-10 21:00:00,61.87626954570662,14.720997583413602,68.89352610472426,68.92334170634757,65.65101744084924,65.76321778025962,66.88511924619878,66.99035406698985,71.07575500130548,71.15866427644045,60.085706264396904,60.04960572260155,True
2025-01-10 21:15:00,56.72447101727525,14.74764920694361,69.04520695015152,68.9562334740508,65.8380237519952,65.84097126626568,67.12752281201175,67.00957989376387,71.34646034353231,71.36086891439993,60.36044389324263,60.215625391555854,True
2025-01-10 21:30:00,53.40470806013856,14.766269295346747,69.15018370442597,69.0790215151211,65.96727416257599,65.84171911459241,67.29713761975418,67.13306054855957,71.53263022310304,71.5960856193126,60.54926926925749,60.75550542597769,True
2025-01-10 21:45:00,49.0922848468566,14.78775218515179,69.26990991817391,69.43065469415727,66.11442318128019,65.84285632562644,67.49309627317542,67.78812656961233,71.74323951659491,72.10985456194386,60.76280226682162,60.35685163740861,True
2025-01-10 22:00:00,45.40168023241541,14.804719811116687,69.36390125738117,69.32418549174547,66.23001924825083,66.16726148780843,67.6480697802251,67.76983364499701,71.90894166506291,71.89205617901771,60.930293271636714,60.79365718950672,True
2025-01-10 22:15:00,42.69815896941408,14.816315171920747,69.4281924564442,69.2506342572794,66.30927821679796,66.06234316345247,67.75407802307458,68.05298944319988,72.02347491875629,71.92711091680003,61.045520075549064,61.02491712751114,True
2025-01-10 22:30:00,40.19284570727914,14.826786306861985,69.48620172755759,69.75212021602124,66.38087463286521,66.46786470912461,67.84987957581465,67.62212480368366,72.12743655089851,71.91981803684723,61.14973782479301,61.08989310849397,True
2025-01-10 22:45:00,37.71879144670837,14.836952117660074,69.54243301591508,69.66533415394125,66.45028062590498,66.28733254222276,67.94295243751299,68.16694767183185,72.22861474408411,72.50170963366497,61.2508219719556,61.21358394206077,True
2025-01-10 23:00:00,36.123705734014514,14.842546521357463,69.5733149323359,69.66686638130777,66.48839366314765,66.41366479963249,67.99419687478402,67.83111157654577,72.28430993438853,72.24090968615059,61.30631005850974,61.23644785724893,True
2025-01-10 23:15:00,35.387050741472656,14.845434745586958,69.58923662224757,69.47144048335221,66.50804013995864,66.76829358992472,68.02066155668939,67.82190261176558,72.3130505487393,72.55536508971609,61.33489790045422,61.18242130716822,True
2025-01-10 23:30:00,34.19547897669477,14.849825005363288,69.61340396783629,69.56184466710562,66.53785464903919,66.65805823449253,68.060899192379,68.28587321196332,72.35669939410097,72.53527809984432,61.378251786803105,61.31752333695183,True
2025-01-10 23:45:00,33.43415872076141,14.852402879104057,69.62757269303394,69.47884014614773,66.55532930474813,66.38338416888882,68.08453148080872,68.0188954847611,72.3822981321942,72.41973897684643,61.403640612106585,61.11686833814386,True
2025-01-11 00:00:00,32.54186475870337,14.856011999179703,69.64737869093653,69.81566535129765,66.57974880630964,66.49197119483064,68.11762446443487,67.90809352804246,72.41808500504615,72.48705955101588,61.439085760378504,61.09147152284738,True
2025-01-11 00:15:00,31.92427192333175,14.8570276667274,69.65294541448507,69.92764046257169,66.58661030926336,66.32756548642689,68.12693884061979,68.26466077440097,72.4281428718001,72.41306654627797,61.449037045809135,61.39937946608832,True
2025-01-11 00:30:00,32.06312038969207,14.856553024026523,69.65034437001509,69.75176497773163,66.58340439409263,66.85117356438751,68.12258595843772,68.27379349786682,72.4234434117513,72.33435911240794,61.44438797458167,61.293808587039045,True
2025-01-11 00:45:00,32.476448465155904,14.856036456790601,69.64751277720961,69.53078663456793,66.57991409066132,66.80194857100702,68.1178487502153,68.19660955634461,72.41832727566727,72.46781270790636,61.439325519204715,61.39329527232067,True
2025-01-11 01:00:00,32.126554404625374,14.856909968578037,69.65230049443667,69.59691850071636,66.58581543248184,66.69021615047907,68.12585943429792,68.10426361791475,72.42697766894489,72.30722745213406,61.44788443348796,61.537858449807054,True
2025-01-11 01:15:00,32.172327153354395,14.85661195100343,69.6506673287567,69.58258835000358,66.58380246756109,66.40243427185894,68.12312636198452,68.38338745636166,72.42402692710205,72.65601863871659,61.44496528975877,61.577533033948065,True
2025-01-11 01:30:00,32.31477036536603,14.857069699805086,69.6531757215717,69.86052483845617,66.58689416427748,66.53381965864237,68.1273243268312,68.0324409213791,72.42855897475498,72.70939417610045,61.4494486370515,61.442296984809424,True
2025-01-11 01:45:00,32.03962537576256,14.857701240543683,69.65663536880946,69.73436310122713,66.59115800619091,66.9018203960734,68.13311633110213,68.13757894280096,72.4348094822083,72.39520880836812,61.45563038302602,61.280467595386256,True
2025-01-11 02:00:00,31.867675783739184,14.85731518230518,69.65452065331186,69.64029936940337,66.58855176926374,66.40337642729486,68.12957567362291,68.36310986363752,72.43098888172881,72.60422167833767,61.4518520333972,61.447114321015235,True
2025-01-11 02:15:00,32.343453509152994,14.85592220645843,69.64688639604177,69.59199663698469,66.57914196395431,66.41336123783168,68.11680103351125,67.85248333164037,72.41719551163976,72.32030074185569,61.43820546565203,61.22000974727254,True
2025-01-11 02:30:00,32.26390207809591,14.85631642791134,69.64904755778201,69.59273753318573,66.58180593453858,66.63515994185563,68.12041622031738,68.01191602138755,72.42110034003088,72.4308756999855,61.44206963887089,61.730204762183796,True
2025-01-11 02:45:00,32.364276593103824,14.856397140673646,69.64948997392138,69.41466088980111,66.58235126518787,66.8103671835504,68.1211564042306,68.04957540988887,72.42189969761446,72.57947974510044,61.44286058639983,61.424383542036,True
2025-01-11 03:00:00,32.448515945473034,14.855994167049175,69.6472809270008,69.5794148760739,66.57962829515193,66.74341426051622,68.11746093711224,68.00361320751328,72.41790836243614,72.53459849544026,61.43891094743378,61.380380153308806,True
2025-01-11 03:15:00,32.31521933527883,14.856270679697046,69.64879678611126,69.65629318231726,66.58149682602885,66.42029277077509,68.11999668383774,68.15713023154106,72.42064724437934,72.42727541962327,61.44162129700938,61.3605982638985,True
2025-01-11 03:30:00,32.65629932169328,14.855248148035445,69.64319003906552,69.55073648107575,66.574585320257,66.55527153389755,68.11061983895206,67.95978704781783,72.41051673680806,72.76237669265221,61.43159459261042,61.59046239164165,True
2025-01-11 03:45:00,33.14789449769418,14.853518877545067,69.63370102373962,69.33681315223706,66.5628861826425,66.1792342219674,68.09476350910474,68.03486984984225,72.39337117036015,72.18658654881983,61.41461404725668,61.37912321858943,True
2025-01-11 04:00:00,33.754710955773724,14.851951624280003,69.62509372866766,69.45435413102638,66.55227223714503,66.61221684006904,68.08039437062158,68.08255282459442,72.37781910260705,72.42994549909702,61.39920034509041,61.321234552477364,True
2025-01-11 04:15:00,34.2063896933603,14.850003640122193,69.61438634527079,69.88051367879635,66.53906637004998,66.42050807199765,68.06253666867102,68.17396076966435,72.35847411740659,72.34952384532251,61.38001285738089,61.330851494880875,True
2025-01-11 04:30:00,35.16421112381692,14.846238910894527,69.5936666195053,69.1943718189317,66.51350595554808,66.05407573707194,68.02803100738103,68.21889433142364,72.3210497339448,72.50558850262676,61.342848802222036,61.625949944160425,True
2025-01-11 04:45:00,36.55929489344213,14.841357877224368,69.56675769171017,69.50382011531252,66.48030162230788,66.48201529961207,67.9833068723275,67.83225113868474,72.27247796347577,72.51976417192185,61.294531751142614,61.63045718308918,True
2025-01-11 05:00:00,38.800185076248916,14.83214379447285,69.5158513065202,69.32160625974905,66.41747110244405,66.64943618686746,67.89892198710372,67.91036800873107,72.18074274289347,72.13736808313188,61.20303845031306,61.27521456361424,True
2025-01-11 05:15:00,41.72849833297243,14.820577061632585,69.45181328197448,69.23544325434763,66.33842187491791,66.50148495330578,67.79306234780059,67.77740069163023,72.06574185855996,72.23956198765507,61.08793518850341,61.057764761827166,True
2025-01-11 05:30:00,44.650543175320955,14.806830471770581,69.37560285165264,69.48956639760537,66.24443999105593,66.11306399795247,67.66735988981229,67.59439653383241,71.9297298362382,71.92988691415057,60.95123803042185,60.96942165797525,True
2025-01-11 05:45:00,49.51005946179119,14.784866092082211,69.25390657219965,69.37319110499621,66.09476493074925,66.03801422557066,67.4667538793382,67.4330441162062,71.71515967274794,71.73952058037435,60.734348922802425,60.71545485792038,True
2025-01-11 06:00:00,55.084174836365634,14.758055043733382,69.1039904863995,69.25310146190039,65.91042090482493,65.75274451273486,67.22228566875886,67.16611338533599,71.45085046554266,71.2436057669524,60.466334245067074,60.60754153764063,True
2025-01-11 06:15:00,61.1495445888172,14.727636283349783,68.93144257133737,68.94528241135885,65.69778761267813,65.51724758044381,66.94545897144783,66.79043464172878,71.14358459068175,70.924564561204,60.15456534161261,59.994548455979,True
2025-01-11 06:30:00,67.5206159460346,14.689389450537833,68.71200276922063,68.78193653761835,65.42693634831315,65.30149113531976,66.59820328302975,66.71213334489423,70.74981530429359,70.5959030041539,59.754652472185995,59.76053666135026,True
2025-01-11 06:45:00,76.02058036934228,14.63485733507028,68.39590941489534,68.49047320809237,65.03623092107948,64.94729531893009,66.10464967758821,66.2074070221358,70.1785453197753,70.49927149034808,59.17384072282148,58.92939530924884,True
2025-01-11 07:00:00,81.59310176443032,14.598947220790425,68.18634095224064,68.12377771816935,64.77694238078068,64.7270288760312,65.78064055815491,65.58500571831593,69.79785323198388,70.00844664001639,58.78645490820561,58.57306361843412,True
2025-01-11 07:15:00,89.10449755343296,14.546705065055082,67.88010352053074,67.87557579195887,64.39778896025236,64.25087983521694,65.31069238158575,65.10839103312966,69.23944329706286,69.2049434176587,58.217837359178446,58.104282924300875,True
2025-01-11 07:30:00,92.41897672062873,14.519490583579636,67.72011144900371,67.84206680953686,64.19960394986299,64.21693637833766,65.06654990214054,65.09502536129341,68.9468792411596,69.16304075789562,57.919768293164694,57.85409896840891,True
2025-01-11 07:45:00,97.66861131587508,14.482135834720246,67.50013606383922,67.47125707841073,63.92702661261576,63.91338187839706,64.73218301256061,64.60757835207035,68.54384771052067,68.24038492256571,57.5090011030487,57.42486175291685,True
2025-01-11 08:00:00,101.31986360485205,14.457385648043171,67.35420845878127,67.53414162925515,63.74615388517984,64.03947686677441,64.51111550660548,64.62501557232424,68.27603984363452,68.48341793999576,57.23596536436315,57.35098150820262,True
2025-01-11 08:15:00,103.04035901498408,14.439844267516092,67.25071907265456,67.3933938482714,63.6178605222791,63.72381754424279,64.35466568652282,64.32388086073222,68.08592014359148,68.0797195514469,57.04209549396762,56.991419894265086,True
2025-01-11 08:30:00,99.93835123555152,14.4676107620573,67.4145103177532,67.38584438628621,63.82090063152761,63.46762514875086,64.60239990531299,64.86086338952887,68.38674670656623,68.35367551917828,57.34884132933935,57.41717839493984,True
2025-01-11 08:45:00,97.76445933653275,14.484635961847882,67.51486986282983,67.73152141814384,63.945286598576985,63.759025926754276,64.75453505836606,65.11414154680571,68.57086849198454,68.73393502175786,57.53654562410878,57.56792599798178,True
2025-01-11 09:00:00,92.25523561680721,14.528171485218675,67.77117394990351,67.72788171808808,64.2628624163157,64.47949997577605,65.14437704944002,64.86431802230578,69.04030822635326,69.12437689259708,58.01496594747786,58.09479237145464,True
2025-01-11 09:15:00,85.76592784379527,14.571259294678924,68.02420490894546,68.2656495675002,64.57623511778785,64.49231450631551,65.53136193744307,65.46431051845629,69.50248532010875,69.31918466206477,58.48574022005177,58.32256241443173,True
2025-01-11 09:30:00,79.55825515106874,14.612592688375608,68.26608081526192,68.37712346530985,64.87562007953039,64.77617517248493,65.9036668627988,65.7217117919215,69.94285999109594,69.86368861914195,58.934039216890014,58.98454529565346,True
2025-01-11 09:45:00,73.87534897672221,14.65116606543014,68.49075477758547,68.59518589686088,65.15351856882083,65.31588178656337,66.25206263876746,66.20554834247903,70.35036983687036,70.19373653453393,59.34860409591131,59.36001826774969,True
2025-01-11 10:00:00,66.0123143814647,14.695687606393045,68.74829067774601,68.61469943319487,65.47175207229955,65.3638740379051,66.65532422530137,66.62415089699331,70.81511785993145,70.70096277438743,59.821000794370164,59.9270569031347,True
2025-01-11 10:15:00,60.338905275145144,14.729752930437677,68.94351418508133,68.89343086335461,65.71267501113302,65.68632709051204,66.96470308206814,66.74650650113942,71.16515888896922,71.07414656257208,60.17646443960213,60.11630786698927,True
2025-01-11 10:30:00,55.93197466224306,14.753923194894586,69.08068288268315,68.98144605001961,65.88172151245259,66.10339695745382,67.18465015073232,67.25788084669236,71.40950008903698,71.28843306094079,60.424393173241526,60.438569897246666,True
2025-01-11 10:45:00,51.85736251041841,14.774621363089913,69.19693524023337,69.10687787589592,66.02477429736123,66.13987510201932,67.37328811892472,67.37956629029209,71.61513297553164,71.83886795299895,60.632922597575444,60.82655631547136,True
2025-01-11 11:00:00,47.62743530791624,14.794330304278322,69.30631540127663,69.38230628772855,66.15914429335118,66.1320767892821,67.55315631347213,67.80520237936888,71.80711767332555,71.8188881850521,60.827488620975316,60.76664222609839,True
2025-01-11 11:15:00,44.92736822547841,14.80786971438976,69.38136489892727,69.46484876814127,66.2515419346285,66.12854025423258,67.67685892346134,67.8415811612895,71.93997626945043,71.74603601135018,60.961556629392305,60.98064284673829,True
2025-01-11 11:30:00,42.57970284867862,14.817301296312879,69.4336589673055,69.73639879887433,66.31602134254922,66.2522285629695,67.76309729546914,67.78426160279346,72.03324796429352,72.11896534812098,61.05533274703441,61.164252105451745,True
2025-01-11 11:45:00,41.79912582694311,14.81910838356215,69.44367480731258,69.52153541425085,66.32837863021098,66.59251080121582,67.77962680087848,67.85797593230666,72.05116802793202,72.34586335591449,61.07331709623108,61.20847892226673,True
2025-01-11 12:00:00,41.81986714122046,14.820725838873141,69.45263761685185,69.36648600058027,66.33943924810217,66.56377085038243,67.79442344436922,67.79844246083714,72.06721864232523,72.22638218096562,61.08941605444991,60.98614421782004,True
2025-01-11 12:15:00,40.60407016867279,14.825565464236888,69.47944187132822,69.71629233806671,66.37253051462662,66.43833073973917,67.83870646818228,67.97909786437752,72.11529761635258,71.79068608563162,61.1375870659938,61.124751164025504,True
2025-01-11 12:30:00,40.57253100076109,14.825810592459916,69.48079898374564,69.62497256580332,66.37420624857722,66.3193206118066,67.84094979899368,67.84826786474888,72.11773467026815,72.2949186849304,61.14002671310601,60.798223362589205,True
2025-01-11 12:45:00,40.44239303414014,14.826522884091409,69.4847431760269,69.34789545734385,66.3790743924109,66.4295560260523,67.8474686622794,68.0315863568007,72.12481701322052,72.28068858794315,61.147116101688994,61.126849147053,True
2025-01-11 13:00:00,40.474302814293864,14.825130869909744,69.47703581132923,69.46393012075525,66.36955933331866,66.26559725052043,67.83472929863707,67.73944419396872,72.11097727715135,72.23665527948157,61.13326172233987,61.12693970028296,True
2025-01-11 13:15:00,40.03830251404696,14.827553931955759,69.49045166610075,69.61522638391521,66.38612022624821,66.30410346290857,67.85690532410472,67.90646348745311,72.1350709156876,72.32102695174798,61.157377258615,60.961038587086975,True
2025-01-11 13:30:00,40.43812192464828,14.825846363920547,69.48099707187238,69.53795850321657,66.37445073867102,66.56032473843408,67.84127717043886,67.64185939823949,72.11809031681241,72.20356000911828,61.14038275296137,61.29511131921043,True
2025-01-11 13:45:00,40.643634398180964,14.82578557262049,69.48066043321734,69.54342783856508,66.37403524280352,66.42575780448698,67.84072082416306,67.92807371526813,72.11748592030598,72.20167799926617,61.139777685571104,60.992481839728754,True
2025-01-11 14:00:00,40.74103469829306,14.824497334989823,69.47352799293841,69.50144042699196,66.36522788365944,66.14110458767699,67.82893174247748,67.81171988657746,72.1046801853428,72.13384106688389,61.126956173848654,60.95526613818063,True
2025-01-11 14:15:00,40.20684486863998,14.827238218656705,69.48870378946003,69.579797623208,66.38396285890813,66.40885615614344,67.85401568957793,67.6071482148558,72.13193084742902,72.18465057666631,61.154235340178886,61.14575899807034,True
2025-01-11 14:30:00,40.37452397599075,14.826101497849024,69.48240987231675,69.3621879622053,66.37619449077732,66.26056779680866,67.84361211513774,67.76288658265548,72.12062700050214,72.1234507649893,61.142922120921,61.16511589073472,True
2025-01-11 14:45:00,40.57825038216436,14.825677005518495,69.48005936849277,69.42734887829195,66.37329306949138,66.74945178731743,67.83972725177581,67.72411847905109,72.11640653919788,72.03271073791595,61.13869716844759,61.63277528470282,True
2025-01-11 15:00:00,40.7920991258415,14.82559099270155,69.47958319915928,69.60598627975587,66.37270504126153,66.23619920788136,67.8389400943504,67.97529932052117,72.11555141273651,72.0839070708309,61.137841136136714,61.0718717587133,True
2025-01-11 15:15:00,41.56441745199472,14.821445309362801,69.45662375444232,69.6025721700597,66.34435910953432,66.40959706146232,67.80100575155785,67.73433907298889,72.07436133447627,72.166064497515,61.096577441153144,61.277959750055814,True
2025-01-11 15:30:00,42.68239053544044,14.81660513079996,69.42979988362805,69.55737296410834,66.31126093335745,66.34305831582319,67.75672997722457,67.79445295687724,72.02634812417865,72.0469336935238,61.048405264703334,60.86071944686409,True
2025-01-11 15:45:00,43.50281706039072,14.813295117574322,69.41144788407519,69.34903511588521,66.28862897656263,66.33928052936834,67.72645979308778,67.72965591664105,71.9935727769215,72.1096265605863,61.01547685379359,61.11494371095345,True
2025-01-11 16:00:00,44.93913945179108,14.808126110149583,69.38278651115408,69.65139492195625,66.2532942165639,66.23201056677823,67.67920257109648,67.66706960304221,71.94250526173794,71.89112713443302,60.96410292479868,60.890841176388854,True
2025-01-11 16:15:00,47.765298148513935,14.794397105558494,69.3066854641355,69.37334447467215,66.15959926179724,66.14347423863263,67.55376636454501,67.64663406229708,71.8077692824261,71.8188388296915,60.82814764890429,60.79961421115583,True
2025-01-11 16:30:00,49.63516415553087,14.784381124195198,69.25121845192415,69.28905809152467,66.09146409493415,66.1220972337774,67.46232791026651,67.5527683134552,71.71045037721434,71.617579833593,60.72957428622249,60.83609473915397,True
2025-01-11 16:45:00,53.26521224166909,14.768740881518482,69.16404273323413,69.08470397436227,65.98432406566295,65.8235162998069,67.31966797504786,67.47201731755571,71.5571172525171,71.41175938108863,60.57409915719592,60.469261706584916,True
2025-01-11 17:00:00,56.82732172014604,14.749743306157852,69.05705886212351,69.0288374593528,65.85262437889384,65.70082002875635,67.14658777772415,67.27153045886756,71.36753391885759,71.49454435548625,60.38182274559925,60.49266463121777,True
2025-01-11 17:15:00,61.09534286015427,14.726168157952115,68.92306453975173,68.84440803971104,65.68745447850623,65.56520908250633,66.9321127081557,67.12559853716995,71.1286053989075,71.24332603966648,60.139359883974606,60.03536424989454,True
2025-01-11 17:30:00,64.83336838209185,14.702665321338646,68.78842943750564,68.61919783164979,65.52131258791991,65.5479602944131,66.71863700051166,66.65631310087578,70.88727060852113,70.74439010857678,59.894297034658095,59.67242715153683,True
2025-01-11 17:45:00,69.52626075852335,14.676962093736929,68.64025062311245,68.6274863775487,65.3382964394033,65.20700131787895,66.48556555453033,66.58317646867891,70.62050476014798,70.61067277888054,59.62324198549342,59.70977478208322,True
2025-01-11 18:00:00,73.43363548077194,14.652453137054673,68.49822972519543,68.51534736086622,65.16276044008734,64.97335926328459,66.26370333865148,66.34461911674698,70.36389788309106,70.22332550211408,59.362361157112744,59.50009603609276,True
2025-01-11 18:15:00,78.4902756219796,14.620403451419447,68.31166830884324,68.14327483055499,64.93202393769732,64.830358482588,65.97413972320835,66.03127996523564,70.02567749280998,70.20125205682399,59.018313777819785,59.268305114067026,True
2025-01-11 18:30:00,81.83438000894601,14.5952080183409,68.1644698696432,68.12102018716938,64.74987317305643,64.91468831641087,65.74694830955818,65.60562116001428,69.75804979070337,69.82107986673286,58.74593829609741,58.39468433996894,True
2025-01-11 18:45:00,83.49800051627241,14.585135875887893,68.10551617325437,67.90865034542429,64.67690009638386,64.74094253800224,65.65623576112125,65.79220447924311,69.65069608728119,69.57549805837346,58.63664945228467,58.49130650893354,True
2025-01-11 19:00:00,84.4878677613138,14.582595234618752,68.0906365266525,68.07545449295012,64.65848028483104,64.67379387856425,65.63336392146905,65.58746240300454,69.62358633422674,69.87474022025476,58.60904839815015,58.501137825197105,True
2025-01-11 19:15:00,84.37282386509744,14.581118999230101,68.08198914625392,68.09290578174515,64.64777520741536,64.82524101869757,65.62007610724876,65.78977968008677,69.607828805761,69.54479012110596,58.5930048245563,58.676265282567,True
2025-01-11 19:30:00,83.2477224961086,14.584574767296719,68.10223025659701,68.19462274716922,64.67283245350039,64.95220627930824,65.65118410079239,65.72193920055179,69.6447098421452,69.72966329900581,58.63055481008139,58.7313780568115,True
2025-01-11 19:45:00,82.88267727090137,14.593146257745268,68.15240681252797,67.9998928763022,64.7349423953083,64.64645935420363,65.72837441621414,66.05266568339242,69.73609058812634,69.69810134667752,58.723584631656735,58.6125585160126,True
2025-01-11 20:00:00,78.58974139932353,14.618825618228783,68.30246276757511,68.23534989594665,64.9206348736664,65.10799269886432,65.95990063720554,65.96631577200174,70.00895911119673,69.77471955442775,59.001302168119636,59.08290061026803,True
2025-01-11 20:15:00,76.72406739628642,14.632726082949233,68.3834981587734,68.29257011662828,65.02087993983665,65.17856383589553,66.08539763542198,66.35175234027685,70.15603774023556,70.02839625666383,59.1509441796767,59.12196222656297,True
2025-01-11 20:30:00,71.0068220660161,14.66850775372339,68.5913328884885,68.63187713049467,65.27784727445386,65.24410923132797,66.40899251308348,66.37223237734447,70.53221285529831,70.53955361420452,59.53349499314788,59.54418470048467,True
2025-01-11 20:45:00,66.0748310814821,14.69498858503407,68.74426580745329,68.66099004880083,65.46678179524213,65.4489936569184,66.64898326330324,66.64226961711786,70.80787813236257,70.74205073137058,59.81364562984007,59.862236576152974,True
2025-01-11 21:00:00,61.70451985157034,14.722073126407677,68.89967447996804,68.85768530603761,65.65860243878737,65.53018516073278,66.89489310392814,67.13927280614948,71.08676053764367,71.08958981465241,60.09687968859086,60.123395140324746,True
2025-01-11 21:15:00,57.28200030196405,14.745336982780087,69.0321082421086,68.8498202224632,65.82188500260824,65.79641244719397,67.10647515154733,66.96592388725797,71.32315523377181,71.28154469605839,60.33679972958984,59.95281224464447,True
2025-01-11 21:30:00,53.514311701409795,14.765025935349684,69.14320450624176,69.26776416860788,65.95868673683037,66.15654263721765,67.28580488971299,67.49396308016362,71.52029002126679,71.62123813489146,60.53675578155125,60.46882547874438,True
2025-01-11 21:45:00,49.84276953036118,14.785524817736208,69.25755828582523,69.26724348198333,66.09924955292185,66.47335297537913,67.4727658488093,67.41800115240768,71.72156046827206,72.01749484648913,60.74083728683182,60.71731851822746,True
2025-01-11 22:00:00,46.13855070203176,14.801390185681132,69.34544297995294,69.19200049072583,66.20728238374484,66.13453267200121,67.61764469090909,67.46269780705431,71.8762122815691,71.69172060833036,60.897288153807466,60.99734818138621,True
2025-01-11 22:15:00,42.744030831035914,14.816857385041587,69.43119824933216,69.51463411957815,66.31298584597161,66.03437782091437,67.75903712824574,67.95205202883929,72.02884802067894,71.97648389617795,61.050915361667265,61.130775557602945,True
2025-01-11 22:30:00,40.4669429203303,14.825948581654613,69.4815631073982,69.46583449923075,66.37514936836023,66.0566037495038,67.84221264588365,67.85078178790168,72.1191066026562,72.14921263138044,61.14140013972177,60.98626101085075,True
2025-01-11 22:45:00,38.15504599528845,14.835741776588227,69.53574489187098,69.3343317994786,66.44202572545025,66.54274845970164,67.93186784035903,67.84730906772437,72.21656333623476,72.1556064540242,61.23880046452538,61.16941363743232,True
2025-01-11 23:00:00,36.52707183929375,14.841591569387223,69.56804707671107,69.57991204979294,66.48189283412952,66.41579741097156,67.98544782123133,68.05487784456957,72.27480431171703,72.47720201898464,61.29684796713251,61.39402708975548,True
2025-01-11 23:15:00,35.053078867504254,14.845689087357357,69.59063789381187,69.3836014973152,66.50976908433475,66.37835125957987,68.02299232675404,67.99224421771417,72.31558069928995,72.20670109291596,61.337413053846404,61.177732500133004,True
2025-01-11 23:30:00,34.152959082052824,14.850413758460746,69.61664143227364,69.57816259867225,66.541847854971,66.53143389994817,68.0662961406427,67.94733807422313,72.36254816273191,72.3743869446344,61.384055059272725,61.31898001313647,True
2025-01-11 23:45:00,33.54167870781987,14.851996579443822,69.6253407140535,69.72979034626375,66.55257682646118,66.58305889080538,68.08080651451944,67.87049585863284,72.37826535563988,72.36466662927931,61.39964277527244,61.21429916037314,True
2025-01-12 00:00:00,31.910756332981833,14.857338524399012,69.65464852822626,69.71194298324899,66.58870936998125,66.38735621936131,68.12978974844901,68.13199502224093,72.4312199130112,72.51708225039569,61.45208052951749,61.58821986491384,True
2025-01-12 00:15:00,32.10489123465189,14.856892207809844,69.65220317153947,69.6798252174762,66.58569547898722,66.81776442091864,68.12569655154934,67.90349704243683,72.42680183104626,72.29013644928561,61.44771049003435,61.86837986394477,True
2025-01-12 00:30:00,31.751442904116313,14.858005976024048,69.65830427935771,69.57092175785549,66.59321472057006,66.1778837373504,68.13591121781613,68.17204932468455,72.43782457700011,72.55929229104184,61.45861164214175,61.321862285716435,True
2025-01-12 00:45:00,32.13294849277554,14.856359902738435,69.64928586171243,69.38675354198551,66.58209967325706,66.38386399142713,68.12081490977356,68.08659763251622,72.42153090800784,72.30868068238782,61.442495680540745,61.398415645919705,True
2025-01-12 01:00:00,32.23774762737603,14.85677530967643,69.65156258508881,69.62917762231181,66.58490592919783,66.66728450333278,68.12462449189717,68.1546844169692,72.42564444849586,72.45664795937026,61.44656554057174,61.22961943739222,True
2025-01-12 01:15:00,32.17772557436276,14.857092346308766,69.65329980366268,69.62831005751524,66.58704709561096,66.74428675206958,68.12753201882941,68.01961668535188,72.42878315725378,72.63146080652263,61.44967038539605,61.66634168030201,True
2025-01-12 01:30:00,31.86043604533521,14.85746727879977,69.65535385149661,69.32740986465258,66.58957864360598,66.75140388074496,68.13097058583367,68.14767834503333,72.4324942118692,72.32071459124597,61.453340799586684,61.62937515115002,True
2025-01-12 01:45:00,32.2293615278978,14.857132357838697,69.65351902618818,69.73225258083573,66.58731728650498,66.42027686176276,68.12789896695791,68.11147683051685,72.42917923176907,72.59254980935607,61.45006215355792,61.481728765101096,True
2025-01-12 02:00:00,32.301276049302714,14.856198219345215,69.64839957691785,69.64956032708109,66.58100721061972,66.23049600416611,68.11933218489631,67.95346634061401,72.41992956267947,72.53442967953714,61.44091112550758,61.20837341246479,True
2025-01-12 02:15:00,32.19787339228228,14.856627492447956,69.650752504319,69.87118810868323,66.58390745300211,66.49765449853395,68.12326888877364,68.02674573241117,72.42418082028955,72.41631395531522,61.44511754508608,61.49775449055759,True
2025-01-12 02:30:00,32.38085408485913,14.856136587723089,69.64806171527002,69.52819014031574,66.58059074571595,66.59861488572281,68.11876699356374,68.1855489001008,72.41931910894832,72.35928418746244,61.440307041015245,61.56626353149924,True
2025-01-12 02:45:00,32.43752132367726,14.856158122272124,69.6481797679877,69.67729538419502,66.58073626368133,66.63719694940441,68.11896447536948,68.02410571184208,72.41953240863641,72.32491665285772,61.4405181171869,61.62417758917621,True
2025-01-12 03:00:00,32.12409196418726,14.856997800689165,69.65278176946279,69.67991128316102,66.58640861470955,66.23034220667924,68.12666493923753,68.04057391468261,72.42784720859355,72.57200136008653,61.44874458344225,61.42997274513557,True
2025-01-12 03:15:00,31.854508599510847,14.857788772978232,69.65711477893906,69.59827673621864,66.59174882566758,66.64248965924166,68.1339191304672,68.20371261177695,72.43567560406328,72.58002896076343,61.45648682980267,61.42494816703665,True
2025-01-12 03:30:00,32.32641705501039,14.856137038675847,69.64806418741438,69.6173859565384,66.58059379301481,66.39135753365514,68.11877112900677,67.84159061103595,72.41932357566343,72.25654667014685,61.44031146118934,61.666614197359934,True
2025-01-12 03:45:00,32.94211438791262,14.854113667990852,69.63696579288289,69.55994135520318,66.56691162030695,66.29832896738917,68.10021715756122,68.24063412630068,72.39927024180571,72.07344052082738,61.420457836068465,61.33723893454972,True
2025-01-12 04:00:00,33.57124149737061,14.852398949740715,69.6275511094891,69.51858066880978,66.55530268843367,66.27960846597543,68.08449545581128,67.96433146196097,72.38225913437974,72.26994543623678,61.40360195556096,61.2876379312877,True
2025-01-12 04:15:00,33.883352682381556,14.850760693674697,69.6185487660127,69.66369565717842,66.5442003343401,66.56794488992279,68.06947650674023,68.21354476836098,72.36599405369462,72.34602427293409,61.387473467786975,61.50614311286661,True
2025-01-12 04:30:00,35.24149173858101,14.845696082378373,69.59067643026067,69.36523526717359,66.50981663176367,66.11407492032001,68.02305642919785,68.07968845723273,72.31565028251904,72.38032775142493,61.3374822210434,61.40880757101618,True
2025-01-12 04:45:00,37.00048543001581,14.839068416208443,69.55412195565602,69.48514028329546,66.46470734067798,66.52783919362884,67.96233618599388,68.0515316197445,72.24968671804295,72.50749774200531,61.27182906652638,61.2242746235579,True
2025-01-12 05:00:00,38.334092368096826,14.833540011845686,69.52357310658203,69.75642815758141,66.4270021922618,66.49021382831907,67.911705863531,67.97966502941514,72.1946418894408,72.66214752563938,61.21692019564682,61.265676906824766,True
2025-01-12 05:15:00,41.92481948547174,14.820958445734735,69.45392639328611,69.30770903195881,66.34102986199927,66.28164960281185,67.79655148810477,67.73616304769158,72.06952769219919,71.98147403353913,61.09173133815872,60.88273896235541,True
2025-01-12 05:30:00,45.44085922762627,14.8047930956246,69.36430752537112,69.33048672016608,66.23051987715593,66.34416555158329,67.64873950840665,67.71939959963406,71.90966294363601,71.95101655354732,60.93102021206154,61.03376992297657,True
2025-01-12 05:45:00,50.10723997777672,14.783352300726174,69.24551672360595,69.35848356873761,66.0844638674125,66.10887167766741,67.45293902515303,67.41987985112861,71.70046839635044,71.93002806656852,60.71945129041961,60.647766059453595,True
2025-01-12 06:00:00,55.14125708555941,14.757124455054708,69.09874509499261,69.00731141715306,65.90396281129442,65.7827894534977,67.21380835327305,67.16073055014257,71.44154936638209,71.36771683840576,60.45690067735117,60.23818109310534,True
2025-01-12 06:15:00,61.446635346768396,14.724786379083257,68.91517554155548,69.10506707917777,65.67772385970792,65.76088255998397,66.91955260925585,66.52962243450031,71.11449611543033,71.21069167264393,60.12503691175445,60.04131414387009,True
2025-01-12 06:30:00,68.18140635982523,14.687127976455486,68.69896004998643,68.6700569060734,65.41082633374809,65.39549097455377,66.57769888384539,66.57433523760491,70.72632804416078,70.92798878997432,59.73078662760592,59.72783759954316,True
2025-01-12 06:45:00,75.15343182648853,14.640234596248257,68.42720702554486,68.52726385768241,65.07493869419109,64.80694587117164,66.15323605396935,66.32073095239359,70.23527985178085,70.16659465766051,59.231551672814476,59.338910764975694,True
2025-01-12 07:00:00,81.01093786461782,14.603268905560151,68.21160842069183,68.50806673121652,64.80821317600946,64.66466571598374,65.81959204149634,65.9915080373541,69.8438214973383,69.86158454555377,58.833243815464826,58.7702258067108,True
2025-01-12 07:15:00,86.79622982221589,14.559188931542268,67.95340075202283,67.95133759508144,64.48856262964445,64.32615158256006,65.42283873477338,65.36352216562628,69.37329800109846,69.5120929356939,58.35417665664683,58.39230525813048,True
2025-01-12 07:30:00,95.15887462478656,14.505986355696665,67.64063093641828,67.6395659721319,64.10112877420447,64.01980098394307,64.94557251108651,65.05757395667285,68.80135641188687,68.77627538634032,57.771471673432686,57.59662247244683,True
2025-01-12 07:45:00,97.70178366428385,14.478668689233666,67.47970113024759,67.46749334957526,63.90170040277084,63.84093462701125,64.70119185656822,64.87818671748686,68.50636556947926,68.42763379325795,57.47079129172603,57.23904431290429,True
2025-01-12 08:00:00,101.58040733535007,14.449144508862185,67.30559388385247,67.43041370807103,63.68588965768325,63.647637309784265,64.43758995393671,64.64357822518278,68.18674969634904,68.29894103067232,57.144917817487354,57.10492941294216,True
2025-01-12 08:15:00,101.35285076581144,14.450544016644958,67.31385036615553,67.18906732370596,63.69612493362773,63.69680069345413,64.45007308599696,64.49635009068895,68.20191678659508,67.9488718508038,57.16038391438494,57.13198586599975,True
2025-01-12 08:30:00,101.56655923556377,14.4556842915,67.34417304937203,67.06749850030037,63.733713975692794,63.676488072737236,64.4959329598223,64.42366976271761,68.25761072107031,68.40162136565854,57.217174093433925,57.21064210802919,True
2025-01-12 08:45:00,97.185242144739,14.482306963178475,67.50114460598655,67.43961115685812,63.92827653824618,63.964225342730025,64.73371284020334,64.68060251879793,68.54569742149512,68.67460683506869,57.5108866891093,57.31105703211565,True
2025-01-12 09:00:00,91.67626743453688,14.518716632764269,67.7155577658185,67.89942123312704,64.1939623675445,63.86366707812362,65.0596134362556,65.26578411865417,68.93854495372308,68.91752468445888,57.9112757629693,57.62869451867872,True
2025-01-12 09:15:00,85.52457087502057,14.57098642838875,68.02260504587386,68.01964931749706,64.57425425971533,64.56436955404399,65.52890763544023,65.62388770064663,69.49956754459484,69.4171444679607,58.48276901887564,58.31656293690872,True
2025-01-12 09:30:00,80.22078197525425,14.607545972569525,68.23660342167577,68.27121934091906,64.83914457949808,64.72076987460723,65.8581527346653,65.9933697397156,69.88927649795126,69.79606698219266,58.87950708939718,58.749049485048445,True
2025-01-12 09:45:00,74.71423207790174,14.64728419871585,68.4682006692339,68.4482812012928,65.12563149280719,65.02145446734671,66.21695995005402,66.3558761126213,70.30953922715673,70.63095150814904,59.30708013167954,59.33853252682589,True
2025-01-12 10:00:00,67.63309494078071,14.687987593070485,68.70391854333023,68.61307258058149,65.41695106458776,65.4209461916592,66.5854925089121,66.39311081445649,70.73525824902835,70.7045169090741,59.739860927033504,59.64593237166464,True
2025-01-12 10:15:00,60.44760382769403,14.72764789150071,68.93150879826253,68.88844427703319,65.69786929154161,65.77770419448134,66.94556450277506,66.92764071620905,71.14370297911177,70.86404699944846,60.154685515880956,60.04276743114618,True
2025-01-12 10:30:00,55.68722331056543,14.753727524138135,69.07957798474983,69.15507558935796,65.88036081450548,65.91884304778361,67.18286811787068,67.06475745887577,71.40753852173616,71.44456661110584,60.42240346994461,60.35188633157928,True
2025-01-12 10:45:00,51.779353784432175,14.77547038020123,69.20167422857443,69.324378391633,66.03060024012512,66.17293456228765,67.38103149659467,67.2897792065898,71.62347901398886,71.80038336089282,60.64138440414557,60.56734706644636,True
2025-01-12 11:00:00,47.96808421805446,14.79470976966099,69.30841760165784,69.27482027709597,66.1617288971663,65.79855221855792,67.556621751699,67.51133476953646,71.81081974537763,71.82448324039538,60.83123264343436,60.76972520082979,True
2025-01-12 11:15:00,44.611449676898026,14.807802642105516,69.38099301190125,69.29645582633566,66.25108355178133,66.11535266028346,67.67624583967412,67.59167929282481,71.93931476142245,72.09402672086355,60.960890562182485,61.18259533133153,True
2025-01-12 11:30:00,42.711823803227,14.815593114323253,69.42418942018539,69.2506201228963,66.30434095074759,66.50028375872549,67.74747433413248,67.91562499516992,72.01632171275725,72.00042444275893,61.038335826807455,60.828920947361425,True
2025-01-12 11:45:00,42.13037044712682,14.820037560488466,69.44882390318674,69.53122459095371,66.33473262291432,66.02481090216115,67.78812680724579,67.73993032066511,72.06038738218957,72.30313176562318,61.08256528865462,61.04993890766008,True
2025-01-12 12:00:00,41.45164553970625,14.822843577549017,69.46436941222848,69.30172747210318,66.3539203942281,66.31001970022533,67.81379917177412,67.79449503599241,72.08824804638556,71.94537131117153,61.11049550477425,60.96501530135261,True
2025-01-12 12:15:00,40.443245527766216,14.82631918493839,69.48361526956735,69.64538068102866,66.3776822609865,66.31220958923176,67.84560438415406,67.84175848467159,72.12279149607757,72.20706815881336,61.14508873884782,61.05530493791212,True
2025-01-12 12:30:00,39.691229276625656,14.828144695376691,69.49372205402982,69.55967816229202,66.39015681989578,66.01987730121003,67.86231257988736,67.82828557088258,72.14094720215982,72.2690836499576,61.16325612350468,61.25660041941344,True
2025-01-12 12:45:00,40.04306599418737,14.827381223784386,69.48949551662842,69.38619471058003,66.38494006997348,66.4128724493272,67.85532456743896,67.5505345889324,72.13335314148529,72.131369605108,61.15565851296694,61.20237291903695,True
2025-01-12 13:00:00,40.46318736859512,14.825486201333273,69.47900306040977,69.5125616841587,66.37198862744599,66.29074048853616,67.83798108875408,67.54755268471516,72.11450961922483,72.13452158146046,61.13679820457618,60.99383689979168,True
2025-01-12 13:15:00,40.58863447054185,14.825318114383483,69.4780724843246,69.69067249183975,66.37083947602669,66.36513045751039,67.83644284333651,67.9195525688034,72.1128386278828,71.89616672670986,61.13512530886241,61.17195384601167,True
2025-01-12 13:30:00,41.24311785173758,14.8243886618913,69.47292623947057,69.39185746806625,66.36448487110901,66.32823922853466,67.82793728645153,67.98675945652145,72.10360013128988,72.08979506243068,61.12587453109951,60.959548323906425,True
2025-01-12 13:45:00,40.204628548456576,14.826760347555252,69.48605799549908,69.47635298326665,66.3806972289627,66.43270045236655,67.84964198760215,67.88978461395682,72.12717839812905,72.09871684252809,61.14947946675932,61.12176541118037,True
2025-01-12 14:00:00,40.14280949912352,14.826866806283201,69.4866474348502,69.80918031701361,66.38142475561892,66.34842611796192,67.85061633594732,67.94015598487078,72.12823708888097,72.07803916022873,61.150538985242264,61.097324434388945,True
2025-01-12 14:15:00,39.94399621711399,14.82738278943763,69.48950418454052,69.46541101352241,66.38495076859324,66.32389962044533,67.85533889740681,68.03106757378453,72.13336871334437,71.95386369570669,61.155674094073945,61.06910201744071,True
2025-01-12 14:30:00,40.65138690898373,14.824192505625058,69.47184003684646,69.34142877011826,66.36314371082017,66.44748868752909,67.82614229966808,67.97166652067898,72.10165070736676,72.07973227065445,61.12392213739638,60.91740048725531,True
2025-01-12 14:45:00,40.68711659172208,14.824334664795359,69.47262723792288,69.2835381351029,66.36411568370472,66.42291967536372,67.82744316744947,67.84459553392256,72.10306349064598,72.15963336329263,61.12533708605774,61.19607480723462,True
2025-01-12 15:00:00,40.712139014123835,14.825164160823874,69.47722012812339,69.58445919823845,66.36978693617021,66.27538524458555,67.83503395474808,67.42251168094731,72.11130820685614,72.20862150153872,61.13359305835864,60.97815386514833,True
2025-01-12 15:15:00,41.75932912524541,14.820537732273127,69.45159536554954,69.45410973413883,66.3381529312388,66.48751780598832,67.79270254332873,67.81577219540917,72.06535148339566,72.30346588261683,61.0875437218383,60.928227655524736,True
2025-01-12 15:30:00,42.43783612876703,14.817904502248648,69.43700249871219,69.40844073516068,66.32014616521339,66.49297901471128,67.7686146221735,67.70380869124689,72.03922816652728,72.34963383927162,61.06133560849115,61.379665234131984,True
2025-01-12 15:45:00,43.528645773151204,14.812889251523107,69.409197409131,69.58794812447469,66.28585410715381,66.10777449730871,67.72274859966441,67.52594859747775,71.989557666425,72.17802050350365,61.01144061443091,61.05253888536186,True
2025-01-12 16:00:00,45.1826489309545,14.806293883087555,69.37262785431078,69.01472163345616,66.24077343091531,66.21218908374676,67.66245554636704,67.54949853548806,71.92444206805246,72.06215281309471,60.94591172609233,61.095166342849936,True
2025-01-12 16:15:00,47.059980500967434,14.795880089102736,69.31490184028267,69.09029982797463,66.1697023761841,66.25829883818363,67.5673101632134,67.66171985504191,71.82224638911012,72.00902528717543,60.84278573739549,61.160517209260014,True
2025-01-12 16:30:00,49.61465387274274,14.784292247134397,69.25072584760574,69.13938585203209,66.09085924614921,66.11673532440697,67.46151680606808,67.46352708480079,71.70958761356333,71.67447530260131,60.72869946877563,60.882840122985804,True
2025-01-12 16:45:00,52.653631589912145,14.769637896891771,69.16906774099297,69.01543395032826,65.99050510902788,65.93645597091398,67.32784587327505,67.14355734088828,71.56598976622116,71.55870404290127,60.58309559111599,60.558272061921365,True
2025-01-12 17:00:00,57.31005632915353,14.746553117968402,69.03899921157442,69.0300741323314,65.83037555647458,65.98977266107934,67.11754494729638,67.08828746961572,71.33541747624724,71.33178824301254,60.349240559380306,60.26482319867805,True
2025-01-12 17:15:00,61.588939885503855,14.724540645332015,68.91377219943182,68.85207206459127,65.67599285496459,65.75375464934478,66.91731906109345,66.7954070169366,71.11198582550004,71.22584341032838,60.12248854577781,60.03550267168102,True
2025-01-12 17:30:00,65.06160073167158,14.701610776587565,68.78236777362845,69.01051083363711,65.51382884458883,65.3407186856507,66.70906658849823,66.48764007250145,70.87637981946845,70.78394723257212,59.883234467558765,59.67554282535362,True
2025-01-12 17:45:00,69.91473778592338,14.673652441066023,68.62111024131494,68.62048342230304,65.31464573650103,65.2426935899954,66.45558395914526,66.39753956954944,70.585970525908,70.49638487625904,59.588140614289614,59.83569598946247,True
2025-01-12 18:00:00,73.53460129633993,14.654444983623264,68.50979470887658,68.62920230149953,65.1770586042431,65.14469526074093,66.28172027115313,66.58753632447582,70.38482387634991,70.3058930305308,59.38364070206228,59.5105383290258,True
2025-01-12 18:15:00,76.69696418691919,14.626975014484469,68.34998904238515,68.23855092719879,64.97943062379599,65.09063560343563,66.03346103330918,66.11969482099627,70.09524429930721,69.88365278420058,59.0890956876943,58.91983034224859,True
2025-01-12 18:30:00,81.16514721965612,14.600824298133256,68.1973170270736,68.15804294810323,64.79052654316112,64.76620398001482,65.7975573001276,65.54384068547232,69.81782380795872,69.65310845499532,58.806782402526665,58.73508856564153,True
2025-01-12 18:45:00,82.85961929140294,14.586795647510693,68.11523498057178,68.20275519956655,64.68893083044986,65.02937271584264,65.67117982181091,65.66817726730628,69.66840008699116,69.8357104864557,58.654673731301685,58.530177814754715,True
2025-01-12 19:00:00,84.2658166559113,14.57959916592105,68.07308518115931,67.83342692347817,64.63675225190514,64.6389532269805,65.60639726708187,65.48932914840557,69.59160177136681,69.29846106335363,58.5764828587658,58.83688663064483,True
2025-01-12 19:15:00,83.92969545961446,14.584036882828773,68.0990801828265,68.23380595140259,64.66893293934494,64.55964078496405,65.64634170968053,65.80986661473413,69.63897081670675,69.52896166650504,58.62471181633521,58.543577162795785,True
2025-01-12 19:30:00,84.47122388314683,14.579092628747677,68.07011735795459,68.18538991855567,64.63307808468983,64.61961691388044,65.60183863587801,65.68113114411119,69.58619262397431,69.69803691501282,58.57097531690822,58.60106068769325,True
2025-01-12 19:45:00,81.75713106899981,14.601923153516173,68.20374149566811,68.29361761918511,64.79847737485825,64.80480342972942,65.80746149911398,65.74541912126138,69.82951135774746,70.02117631228622,58.818678552677326,58.604503507740326,True
2025-01-12 20:00:00,79.523943964971,14.61485412341131,68.27928406297406,68.32691178974949,64.89195681908916,64.83270020190962,65.92406685972462,65.67400592284612,69.96685237084415,69.94591088607429,58.958454862772555,59.00866659880647,True
2025-01-12 20:15:00,75.26886230026206,14.639562423150242,68.42329606264386,68.0944150864632,65.07010199118041,64.83885278949302,66.14716164118707,66.45496458475156,70.22819211421229,70.06431171664647,59.22434227265079,59.43839969138667,True
2025-01-12 20:30:00,71.26478377464059,14.666158227058425,68.57772422510041,68.6715054640404,65.26102819733413,65.13799903034699,66.3877201055653,66.62655237592915,70.50763239050995,70.51899164422022,59.5085064777131,59.577634104658046,True
2025-01-12 20:45:00,67.3417580962096,14.69114371958913,68.72211564826127,68.95893455923874,65.43942671420028,65.4197338235568,66.61411111515214,66.87356803376453,70.76802077228257,70.6762814010257,59.77315050187764,59.887764907780394,True
2025-01-12 21:00:00,61.646573482001884,14.722960870057971,68.9047477222767,68.9368191779723,65.66486081958044,65.66596571025799,66.90296089736924,66.77498207092772,71.09583971062021,71.14954007574933,60.10609711632385,60.12804054824013,True
2025-01-12 21:15:00,57.19489392598235,14.74545601907267,69.03278288971144,69.0192813508729,65.82271628163538,65.76756133844843,67.10755863177131,67.12853374602356,71.32435592922054,71.22776879736598,60.338017930662076,60.73653935438258,True
2025-01-12 21:30:00,53.02497941940185,14.768965010529785,69.16529853224904,69.0894372165625,65.98586881578912,66.2919428279378,67.32171126498949,67.12369106749287,71.55933488600806,71.62322323070597,60.57634777868074,60.61360688843772,True
2025-01-12 21:45:00,49.45093439234584,14.785377663735918,69.25674247322708,69.43911687718914,66.09824760757373,66.0306040835957,67.47142280006601,67.50052541749011,71.72013015219825,71.44051484737543,60.73938752821586,60.754251479494144,True
2025-01-12 22:00:00,45.44157527202764,14.803989639672677,69.35985351193366,69.10704773221116,66.22503154813475,66.28576239114261,67.64139711315764,67.3869118088213,71.90175726324381,71.92399995426254,60.923051574096306,60.739075735142926,True
2025-01-12 22:15:00,42.69166871345076,14.815562625391056,69.42402038527356,69.51220807716061,66.30413247814822,66.4765129487988,67.74719549998952,67.98115456986471,72.01601972138346,71.9000939153125,61.0380324869699,61.26287823633603,True
2025-01-12 22:30:00,40.320477415357054,14.82658499033772,69.4850870588022,69.4110864016122,66.3794988345456,66.2399538131497,67.84803707089901,67.94020755099467,72.1254345972872,72.26717732606258,61.14773422148504,61.28502447948202,True
2025-01-12 22:45:00,37.833555108756705,14.835301432351521,69.53331110935618,69.61234109721116,66.43902175916234,66.48458637048992,67.92783528536818,68.00903866130608,72.21217891715577,72.24277883632237,61.23442563837786,61.36084321205381,True
2025-01-12 23:00:00,36.51771782646657,14.841664196502817,69.56844777300873,69.36087079893188,66.48238732479308,66.52389262743381,67.98611319462877,68.23240272100682,72.27552728423122,72.20441456693918,61.29756774917347,61.31665555371805,True
2025-01-12 23:15:00,34.91493768373752,14.847656351478669,69.60147157463294,69.52315500231131,66.52313517651851,66.57781252540944,68.04102154551555,67.60647233666695,72.33514526232675,72.1886239883655,61.356853007924556,61.52198170393175,True
2025-01-12 23:30:00,34.250693045403075,14.849228459104323,69.61012277152862,69.7424524175201,66.5338073028392,66.5660729380024,68.0554310244501,68.13874026056645,72.35077191872996,72.30342386240387,61.372368953897066,61.38974085633538,True
2025-01-12 23:45:00,33.895825368486506,14.851059400596231,69.6201907092108,69.84842462063614,66.54622542641546,66.75321234652002,68.0722148220788,68.01099850782713,72.36896054130251,72.22589443539775,61.390415891422634,61.58196194053516,True
2025-01-13 00:00:00,32.4035421017658,14.856710091041277,69.65120517676031,69.55616036401854,66.58446540304872,66.64831497494424,68.12402638278472,67.96123467383543,72.42499869595693,72.52010804936879,61.44592669758951,61.652759702530446,True
2025-01-13 00:15:00,32.44135659247207,14.856486994999255,69.64998247442536,69.44267924198219,66.58295832408001,66.61255784372192,68.12198042643278,68.44293268804144,72.4227895439697,72.29249780540336,61.44374103555947,61.43486379962294,True
2025-01-13 00:30:00,32.21790403383369,14.85654046676507,69.65027554652436,70.02229899519712,66.58331956302798,66.4733891555437,68.1224707994283,67.97400743156717,72.42331906262179,72.60693787799707,61.444264944668475,61.26488315042774,True
2025-01-13 00:45:00,32.643164645007985,14.856940393582876,69.6524672106676,69.80786563167548,66.58602091475376,66.67816110995754,68.12613846031736,68.1946981974439,72.42727888263637,72.36691425095113,61.448182398571575,61.630433001433865,True
2025-01-13 01:00:00,32.25442077416515,14.856495406255638,69.65002857606869,69.66497940720072,66.58301514886203,66.3883357032132,68.12205756334214,68.02643534594456,72.42287283988217,72.39081630479008,61.44382344993281,61.363633413892735,True
2025-01-13 01:15:00,32.2202657789615,14.855853389527114,69.64650908564528,69.83358412325066,66.57867685611544,66.5548519486452,68.11616996134805,67.93492796964817,72.41651377369122,72.61711892012659,61.43753075307387,61.43017261205467,True
2025-01-13 01:30:00,32.195669989088834,14.856475857125854,69.6499214280011,69.80377443063611,66.58288307829909,66.21899681755889,68.1218782846692,67.99819508834926,72.42267924594626,72.4061111442501,61.4436319043451,61.55380854104139,True
2025-01-13 01:45:00,32.09573240648747,14.857370858659337,69.6548256620003,69.76390104945234,66.58892767943847,66.51867932344135,68.13008629271648,68.21139449029879,72.43153993952258,72.2648125912764,61.452397040110895,61.24954708722544,True
2025-01-13 02:00:00,32.3528553946965,14.856716211308212,69.65123871735119,69.78960707733663,66.58450674390156,66.50461779376334,68.12408251060988,68.00481671523792,72.42505929599305,72.62916712912418,61.445986650037995,61.21754283543883,True
2025-01-13 02:15:00,32.2625025837045,14.856049323334512,69.64758331594115,69.77659674308106,66.58000104155282,66.47682991400126,68.11796674156312,67.99548816605432,72.41845472681608,72.38694636086635,61.43945164788181,61.2451956963571,True
2025-01-13 02:30:00,32.365244028998404,14.856375180276427,69.64936960296872,69.74677197010234,66.58220289419826,66.42476667021802,68.12095501396175,68.22237330425676,72.42168221165296,72.48982770751394,61.442645391565506,61.66912832975207,True
2025-01-13 02:45:00,32.37035321408461,14.855998491399037,69.64730463516415,69.71886627380368,66.57965751963661,66.72664688609119,68.11750059300364,67.92443301951847,72.4179511990191,72.39968953045246,61.438953340448094,61.433105925213965,True
2025-01-13 03:00:00,32.40902976709116,14.856129123535466,69.64802079614817,69.74317774432254,66.58054030656915,66.63937886812982,68.11869854356691,68.09215696138371,72.41924517552711,72.30888566355034,61.44023387781023,61.60481178893367,True
2025-01-13 03:15:00,32.4292499388073,14.856602806137046,69.65061720956471,69.62156407831728,66.58374069169643,66.32224574004033,68.12304249671993,68.12834808887204,72.42393637287407,72.39417938148428,61.4448756987657,61.3587056562124,True
2025-01-13 03:30:00,32.21606974713196,14.856030630389043,69.64748083474458,69.75343977749694,66.57987471613583,66.90788094027562,68.11779531981931,68.27938550537681,72.41826956119876,72.41353874388409,61.43926840335105,61.269158107437555,True
2025-01-13 03:45:00,32.67312234719849,14.854506815297464,69.63912319603945,69.53607308595237,66.56957153680779,66.46163950046406,68.1038220549193,68.05487503659862,72.40316843344141,72.38783136950856,61.42431863954276,61.49710043168955,True
2025-01-13 04:00:00,33.32844820591114,14.85298879307601,69.63079057857632,69.60683976615296,66.55929740615319,66.52997462713971,68.08990333540795,68.36536689151997,72.38811236319752,72.4229493521061,61.40940321739804,61.167364745604125,True
2025-01-13 04:15:00,34.272275228673536,14.849559279510782,69.61194249828482,69.59317329404811,66.53605195487309,66.35404245371171,68.05846342189369,68.32217162619071,72.35405921255021,72.19357662551302,61.37563167115201,61.4747475021144,True
2025-01-13 04:30:00,35.372566754579566,14.845572694498848,69.5899966556134,69.8460253442385,66.50897790246346,66.59322373328462,68.02192570584285,67.93812607178631,72.31442286043126,72.48032170170046,61.33626210941689,61.24159719191027,True
2025-01-13 04:45:00,36.3697861147926,14.841358244153772,69.56675971630276,69.41176753220225,66.48030412084036,66.48801212140579,67.98331023389058,68.03852324017771,72.27248161621557,72.01712302281192,61.29453538813313,61.36912849333323,True
2025-01-13 05:00:00,39.20069453227535,14.830924155002998,69.50910418026648,69.4563095159428,66.409143036772,66.2405996963395,67.8877558566174,67.89912654031129,72.16860328011698,72.03116802995517,61.19090873131472,61.38125050252969,True
2025-01-13 05:15:00,41.48793712175968,14.820909275447832,69.4536539651628,69.54242411800246,66.3406936260097,66.18995151012965,67.7961016425242,67.60272859422493,72.06903957056485,72.1302923074811,61.091241913871926,60.9262913076706,True
2025-01-13 05:30:00,45.74515448347378,14.804063697903867,69.36026404812124,69.43902366461883,66.22553740218633,66.0374629708184,67.64207387883117,67.54920347238996,71.90248577420131,71.76692604080937,60.923785969519585,61.190233864225675,True
2025-01-13 05:45:00,49.62941659635882,14.785184281005032,69.25567041506096,69.34209961846248,66.09693100228942,65.8935030743998,67.46965785013424,67.36876092745581,71.7182508781483,71.73398036803958,60.73748259872019,60.80531721109208,True
2025-01-13 06:00:00,55.30945442988311,14.757467566306637,69.10067936556887,69.11242983456184,65.90634432319568,65.88180771289234,67.21693390648461,67.17251206765597,71.44497953699981,71.38103980609814,60.46037972794831,60.495170354242596,True
2025-01-13 06:15:00,61.203153885062285,14.724960100095172,68.9161675639578,68.73937800645764,65.67894749514922,65.52910831747774,66.92113163440666,66.98096390529888,71.11627055814324,71.33702155324387,60.12683825880798,60.149700578041795,True
2025-01-13 06:30:00,67.86938571510568,14.686375835917197,68.69462072837617,68.52409751499916,65.40546627042598,65.60180774390645,66.57088005366448,66.59886917534068,70.7185119877864,70.61809340580481,59.722844302750715,59.697824982836785,True
2025-01-13 06:45:00,75.75251235524362,14.638798576343135,68.41885124091493,68.38851522749788,65.06460497991738,65.08790984183472,66.14025911376227,66.22631808225997,70.2201362368673,70.10902124630262,59.21614800292106,59.24520442284133,True
2025-01-13 07:00:00,81.21121890902899,14.604943838945978,68.22139805876134,68.25930253207798,64.82032815090804,64.81346384116657,65.83469136978432,65.85418631360173,69.86162668218994,69.86697113921352,58.85136599235257,58.890241473295085,True
2025-01-13 07:15:00,87.61757925941735,14.558546833517001,67.94963238092944,67.89830953060438,64.48389609964413,64.58388889398856,65.41706822696892,65.48920710712811,69.36641912211384,69.43532995511515,58.34717064137148,58.760207223722475,True
2025-01-13 07:30:00,94.83327092764499,14.504297234613341,67.63068574163263,67.58462493280476,64.08880589939598,63.93986904331139,64.93044847002278,64.88330085563774,68.78313942122102,68.88993344692253,57.75290587215308,57.81393005037746,True
2025-01-13 07:45:00,98.10271973180022,14.479958087859554,67.48730099383947,67.43123060101752,63.91111944735847,63.88414086071448,64.71271630780679,64.82138762533157,68.5203061746629,68.64641528888846,57.48500269344119,57.3340664459905,True
2025-01-13 08:00:00,100.20228438582251,14.46279682477253,67.38612282710714,67.45646107488331,63.78571387903078,63.75691901766141,64.5594155847106,64.79428386709645,68.33463763701573,68.27192644266856,57.29571265037184,57.32250442650606,True
2025-01-13 08:15:00,100.20005261478373,14.458927452823938,67.36330233052276,67.35237377220872,63.757426519888554,63.717438787195086,64.52487579044336,64.44780376793247,68.29273861602503,68.22678016580255,57.25299202270968,57.4197942124302,True
2025-01-13 08:30:00,100.24669074690513,14.4588471860916,67.36282891144828,67.41001816175294,63.75683967967781,63.547292662311534,64.52415939050788,64.60203480627185,68.29186932306045,68.0798423415968,57.25210566699677,57.346319441221546,True
2025-01-13 08:45:00,97.14777014668536,14.486510427798574,67.52591557433415,67.3317735818902,63.95897557689186,63.977332925432584,64.77129599658181,64.9103385592774,68.59112322519503,68.47007841099165,57.55719248821296,57.46611742529136,True
2025-01-13 09:00:00,92.12012437318792,14.518576592431709,67.71473379254498,67.3496068977837,64.19294153785484,64.49525249242225,65.05835837663771,65.13764139916996,68.9370368513616,69.04157465072954,57.90973901821333,57.88820795121403,True
2025-01-13 09:15:00,87.54782177706272,14.559677266066766,67.95626658808001,67.87148838384537,64.49211148764581,64.57370124177332,65.42722754687782,65.3944073863384,69.37852915656264,69.4142350634301,58.35950445449113,58.24325499727974,True
2025-01-13 09:30:00,79.96835114960088,14.61292632702169,68.26802896415562,68.6048643779565,64.87803061826537,65.21372291351342,65.90667635823694,66.15158129605692,69.94640040872949,70.13772225659567,58.93764215197511,58.92495989824007,True
2025-01-13 09:45:00,73.4872861560677,14.651650761433281,68.4935699377286,68.2605423063918,65.15699920698134,65.38247941908594,66.25644626910088,66.42576993853925,70.35546491576628,70.35076404961796,59.353785470571225,59.17000783197155,True
2025-01-13 10:00:00,66.3138972579181,14.696790147563837,68.75463757826125,68.89639970615394,65.47958956785767,65.23909322282805,66.66532620895782,66.70835083947982,70.82653262716558,70.69997862499862,59.83259731229366,59.618591795543736,True
2025-01-13 10:15:00,61.448219636091586,14.72658884982645,68.9254656859858,69.0511940517996,65.69041602969274,65.50027523938344,66.93593694882183,66.82233975200076,71.13289893936542,70.77475260809179,60.1437183429142,59.81606634056501,True
2025-01-13 10:30:00,56.74771514515608,14.749803974284374,69.05740206322209,69.07131099400567,65.85304714736722,65.72947283248125,67.14714014899556,67.10237281017204,71.36814396440776,71.49918009478071,60.38244160994556,60.30528325697225,True
2025-01-13 10:45:00,51.272612398610775,14.77682186478,69.20921238005975,69.12389047954733,66.0398662981354,65.96093738623661,67.39335849765715,67.43735662840997,71.63674777547939,71.49021455502128,60.654837058464594,60.72259646030812,True
2025-01-13 11:00:00,47.848474049421526,14.793734462703034,69.30301477159922,69.51060915652451,66.15508666324804,66.129857856464,67.54771501581526,67.68568566684405,71.80130759551658,71.532502667134,60.82161172842996,60.75105727638387,True
2025-01-13 11:15:00,45.72773609141563,14.803673792780545,69.35810266446586,69.06410985197688,66.22287423075394,66.20844275147003,67.63851085032924,67.85701417796668,71.89865071998578,71.78089765919574,60.91991974896398,60.887993927400125,True
2025-01-13 11:30:00,43.15320508004681,14.814501710233712,69.41813820918651,69.65300378050468,66.29687854413072,66.36414961564171,67.73749334086418,67.9366592751913,72.00551416791671,71.95151291432023,61.0274781088568,60.91639929716926,True
2025-01-13 11:45:00,41.651058972757674,14.821523753575816,69.4570583387566,69.5295850931881,66.34489551906712,66.28701380215384,67.80172344299045,67.70095510799383,72.075140216559,72.14993897800215,61.09735825648711,60.92580088979097,True
2025-01-13 12:00:00,40.92701765208348,14.824050985526068,69.47105635446142,69.64492082107556,66.36217609858868,66.30326546185424,67.8248472922801,67.91963374226378,72.10024433417064,72.12717869023658,61.12251354002997,61.234098821087144,True
2025-01-13 12:15:00,40.02844332480615,14.827030683466354,69.48755476891397,69.63887379980028,66.38254465204726,66.36939221367857,67.85211621219807,67.97054362380129,72.12986683578178,72.23340380731211,61.152169933613365,61.03617546146167,True
2025-01-13 12:30:00,40.63391547026212,14.82536365206132,69.47832459656172,69.43283724215014,66.37115080266183,66.51161519458181,67.83685957904807,67.81012943761861,72.11329132099262,72.26680278760986,61.13557852749746,61.19907420012882,True
2025-01-13 12:45:00,40.31108598294836,14.826564175489782,69.48497180718626,69.51983594929548,66.37935658357729,66.5582844908202,67.84784656903811,67.83971425023861,72.12522761355176,72.20490378010433,61.14752705960744,61.1544810710449,True
2025-01-13 13:00:00,40.91301278057705,14.824241483451202,69.47211125202092,69.65237075667686,66.36347858378862,66.37538915606798,67.82659048374018,67.85875859693058,72.1021374442056,71.99685686867295,61.12440962806289,61.09846389612315,True
2025-01-13 13:15:00,40.910791541231696,14.824931847296888,69.47593388840328,69.58831702293992,66.36819864630053,66.20180978791485,67.83290799147683,67.97945540107862,72.10899894833506,72.09568289642843,61.131280885105014,60.98323218175338,True
2025-01-13 13:30:00,40.66915902702484,14.824143958004369,69.47157120156318,69.51113324891428,66.36281177822823,66.46913081851402,67.82569805376154,67.9408154350732,72.10116825282164,72.31053407574348,61.12343892756388,61.23264920637864,True
2025-01-13 13:45:00,41.08688863171398,14.823544302080622,69.46825037946714,69.62809891288914,66.35871169496488,66.28228306417397,67.82021088753201,67.6657671266784,72.09520959716586,72.17093161172647,61.117470280171915,61.075731274416775,True
2025-01-13 14:00:00,40.47289738432153,14.82493884876149,69.47597265392262,69.3910063707231,66.368246514584,66.20083031568134,67.83297206326745,67.89084483344824,72.10906854258127,72.02906036428972,61.13135056990197,61.153264937761826,True
2025-01-13 14:15:00,40.51038974712229,14.826043422770095,69.48208828702886,69.58933107068486,66.37579757274416,66.46668744889118,67.84308061781849,67.7248269221875,72.12004957122537,71.94480991582766,61.142344099295684,61.14470865275845,True
2025-01-13 14:30:00,40.64212127187553,14.825274390336638,69.47783041088582,69.40100643423162,66.3705405475495,66.41521421392248,67.83604270617862,68.06139602687001,72.11240396947487,72.14317567257122,61.13469013915008,60.88971794877729,True
2025-01-13 14:45:00,41.33144976523978,14.823088138586861,69.4657239677589,69.27261534579156,66.35559263332146,66.36005133259582,67.81603690095469,67.78208658599986,72.09067753308864,72.1050599769799,61.11292979624899,61.142067619222054,True
2025-01-13 15:00:00,40.95658941139425,14.824041033329244,69.47100124237598,69.66259017595779,66.36210805232984,66.34445970351187,67.82475622321871,67.77223570712252,72.1001454352338,71.99976798777801,61.1224144821101,60.84985142774208,True
2025-01-13 15:15:00,42.27259171373402,14.819808881119737,69.44755672132382,69.5162920429167,66.33316884643148,66.43618094955573,67.78603482457189,67.72408012581971,72.05811810095494,72.02146809226389,61.080289176727106,61.22798539997709,True
2025-01-13 15:30:00,42.420160615951914,14.816967090712216,69.43180638825292,69.55259308271212,66.31373601718356,66.31900860409213,67.76004052323258,67.79149836037267,72.02993531681552,71.91690921890128,61.0520070286438,60.8347819004484,True
2025-01-13 15:45:00,43.360647798661056,14.813504723344018,69.41261011651481,69.36881127730081,66.29006204822124,66.0696457925133,67.72837644443742,67.72277793757995,71.99564667522178,71.94788212655189,61.01756146810969,60.84163413981708,True
2025-01-13 16:00:00,44.99588622208582,14.806736604032373,69.37508241730536,69.28258684631669,66.24379856551535,66.38279909023174,67.66650193934736,67.38106670503336,71.92880468812135,71.6309348395147,60.95030620365914,60.9507990713265,True
2025-01-13 16:15:00,47.3221365215544,14.795867018107034,69.31482941332534,69.23398338708348,66.16961330443317,66.03192473366931,67.5671907824357,67.56609336253146,71.82211869448433,71.75588197418213,60.84265665483822,61.07531736553658,True
2025-01-13 16:30:00,50.009459120369236,14.783725892759495,69.24758702579929,69.61889974673898,66.08700548129586,66.05779144728626,67.45634829317893,67.5397718229588,71.70409179960303,71.80103821461098,60.72312627351843,60.832836520076164,True
2025-01-13 16:45:00,53.35707227283818,14.76726935695941,69.15579373040434,69.1708438738799,65.97417626632337,65.88777718098831,67.30625347461662,67.35508129504251,71.54254525598641,71.8468421316001,60.5593232846949,60.74092557103943,True
2025-01-13 17:00:00,57.19329648769708,14.746592877326368,69.03922444031724,68.90884805400765,65.8306530566255,65.79157623349553,67.11790686981871,67.26008434644632,71.33581819261272,71.55889327163145,60.34964710464196,60.234017178827656,True
2025-01-13 17:15:00,62.290624747287985,14.720775747540115,68.89225771537133,68.90669690283667,65.64945263680593,65.92295693271099,66.88310343024527,66.91413202783664,71.07348428661194,71.11041132896077,60.083400869602656,60.03757723645367,True
2025-01-13 17:30:00,66.34383987230866,14.697806097055187,68.76048449314578,68.60523415862465,65.48680939589818,65.43394181306512,66.67454331838309,66.81180509703923,70.8370463164402,70.81761402077254,59.84327812540613,59.76927030512615,True
2025-01-13 17:45:00,70.39381645583346,14.672039402807345,68.6117771817385,68.54433086813768,65.30311261239747,65.33496759159566,66.4409741635102,66.25970294412457,70.56912544600236,70.43480330943055,59.571017958126134,59.58964274294614,True
2025-01-13 18:00:00,72.88001139829586,14.653123083228408,68.50211996346258,68.39472387475374,65.1675701418075,65.00781348631416,66.26976295726807,66.33802193580506,70.37093754858675,70.07579166908297,59.36951985566772,59.21778327123369,True
2025-01-13 18:15:00,78.16655240337745,14.623081068614203,68.3272861672864,68.0568761347782,64.9513455403304,64.95610492011072,65.9983072782597,66.24423588062182,70.05403544239604,70.30505053958667,59.04716803665903,58.77628190128221,True
2025-01-13 18:30:00,80.565858550016,14.607924174441994,68.23881304858517,68.05984264322863,64.84187889399391,64.8248584008354,65.86156302740132,66.04580670094128,69.89329399058637,69.98324282171943,58.883595865031225,58.77632472575879,True
2025-01-13 18:45:00,81.74889505311606,14.59793604769928,68.18042729856793,68.06748542880295,64.76962338065053,64.64603964894535,65.77152848702013,65.78327659078097,69.78709218305816,69.75666798850916,58.77550128499067,58.75428062094768,True
2025-01-13 19:00:00,84.51989020362109,14.577763520579643,68.06232942457169,68.14334906961543,64.62343649208785,64.6458361460032,65.58987794897467,65.54722517648399,69.57199732240015,69.63225956437087,58.556521604407834,58.68044013595575,True
2025-01-13 19:15:00,84.59438350599353,14.576290916907258,68.05369961890877,68.22798560336575,64.61275243637,64.4473383347799,65.57662721484512,65.8473325442835,69.55626577693539,69.35539253072446,58.54050335737392,58.488698665693214,True
2025-01-13 19:30:00,85.5749273370902,14.571310998349855,68.02450805258671,67.94900554825963,64.57661045191229,64.50148427843301,65.53182699245733,65.47621468146633,69.50303817625145,69.51737859743554,58.48630319792811,58.43703693109243,True
2025-01-13 19:45:00,80.0844069725854,14.611401521708764,68.25912485920428,68.26769883460454,64.8670130246565,64.8696840178795,65.8929228328198,66.04870815243167,69.9302178551711,70.12657699741301,58.921173679010806,58.89301746980204,True
2025-01-13 20:00:00,78.67256788710523,14.619483864511253,68.30630338735304,68.42140473875746,64.92538651522723,64.83951514535704,65.96584076490791,65.7881361446884,70.01593445901972,69.9880961572891,59.00839991487996,59.218470781959624,True
2025-01-13 20:15:00,76.78131528364875,14.632897528136683,68.38449669823335,68.27218679116098,65.02211501731402,65.17929268299622,66.08694623163252,65.98912222604699,70.15784876229536,70.19164806301873,59.152786532086935,59.18528895638585,True
2025-01-13 20:30:00,71.72857556844004,14.664645222471203,68.56895765167582,68.45807997100255,65.25019296467612,65.38223900749,66.37402329900026,66.63377178814906,70.49179383344843,70.40422332011,59.49240432319233,59.21711951172558,True
2025-01-13 20:45:00,67.08891955859566,14.694172555382211,68.73956636598015,68.71990093758686,65.46097835022944,65.54440501358908,66.64158127735794,66.5731224128841,70.79942396544516,70.7590961697436,59.805056502352485,59.790038574811994,True
2025-01-13 21:00:00,62.34095917951913,14.72007036412854,68.88822396839231,68.70287293127006,65.6444761285488,65.46509435637763,66.87669383413045,66.89757832237939,71.06626223449973,70.89684803439609,60.07606842447643,59.841722901437805,True
2025-01-13 21:15:00,57.236914041529744,14.743755156623045,69.02313998129083,68.96791950120675,65.81083404996767,65.85488294364042,67.09207804228738,67.1202962889167,71.30719035275195,71.39755326064731,60.320601701276715,60.411314186867685,True
2025-01-13 21:30:00,53.40607567769361,14.76830578613042,69.16160442057397,69.23929004880068,65.98132462584267,65.91975613718682,67.31570148189762,67.3211318777866,71.55281082676102,71.66541582401273,60.5697325269591,60.58187131194693,True
2025-01-13 21:45:00,49.61491836208792,14.785557257215736,69.25773813220378,69.23995350925807,66.09947043680148,66.06976351119276,67.47306192004562,67.04551330426541,71.72187580923939,71.67290047970582,60.74115690449143,60.538166570584856,True
2025-01-13 22:00:00,45.46122011355132,14.803523357387128,69.35726876466502,69.46164712806903,66.22184675900895,66.43134732980118,67.63713616766904,67.63319575321825,71.89717135182445,72.23923379861293,60.918428233556085,60.95329595033907,True
2025-01-13 22:15:00,42.391906521164685,14.817575819178408,69.43518065874719,69.37926865370102,66.31789856836099,66.40671764103399,67.76560823816293,67.62352075312853,72.03596939926895,71.99127301684754,61.05806464325926,61.03390860113984,True
2025-01-13 22:30:00,40.078473011330146,14.826518542355966,69.48471913568157,69.58091734395137,66.37904472029271,66.5540297905583,67.84742892594812,67.79777514878144,72.12477383938187,72.30515297452907,61.147072889926235,60.94247332702968,True
2025-01-13 22:45:00,37.85673916621384,14.83650110563689,69.53994105555766,69.54132280945248,66.44720491337024,66.6275616308569,67.93882185428912,67.84850054219318,72.22412396958887,72.15261995884421,61.2463429471793,61.2139402538829,True
2025-01-13 23:00:00,36.22551196079396,14.841942312461878,69.5699820971919,69.48996955350442,66.48428078783388,66.28247149833022,67.98866118439088,67.90290301771431,72.27829575411837,72.45491501705868,61.30032381895428,61.31396272022605,True
2025-01-13 23:15:00,35.7698808106831,14.845222315208,69.58806615244843,69.50028412713941,66.50659594823443,66.7195892851568,68.01871489026743,68.22925593695244,72.31093721423808,72.31933895819428,61.332796898347794,61.10801446924204,True
2025-01-13 23:30:00,34.38380171009437,14.849219501158313,69.61007349330053,69.56149043959245,66.53374651679864,66.6771657040149,68.0553489142139,68.1606943322671,72.35068290018096,72.54732365266392,61.37228059460378,61.272928426301796,True
2025-01-13 23:45:00,33.24910049829654,14.852666739414296,69.62902195126902,69.72897211063021,66.55711647149067,66.55367466604659,68.08695061385797,68.12910200218099,72.38491670889108,72.36296425031502,61.40623612152032,61.36858779843207,True
2025-01-14 00:00:00,32.07597016616481,14.85643896007254,69.64971919334477,69.87317479885598,66.58263380322043,66.49913354938391,68.12153991450953,68.20457099025519,72.42231385010432,72.48714139380336,61.44327036984953,61.44448504155186,True
2025-01-14 00:15:00,31.633201447134,14.857663089546477,69.6564264101735,69.53927911750075,66.59090048572078,66.270049777185,68.13276643261092,68.34397104209677,72.43443196714496,72.48958745152191,61.45525707379096,61.45076291653109,True
2025-01-14 00:30:00,31.829931716043134,14.857966944742683,69.65809053811702,69.65773932988898,66.5929513173633,66.88852481218589,68.13555323854528,68.03075660916433,72.43743843111959,72.56700813328145,61.458229853990915,61.38624449283967,True
2025-01-14 00:45:00,32.257664142934836,14.856188705883167,69.6483474253341,69.59645468080912,66.58094292622359,66.47742719001576,68.11924494176458,68.3319555248833,72.419835334485,72.42666900765204,61.44081788158532,61.604498645173244,True
2025-01-14 01:00:00,32.322374315917806,14.856074603097403,69.647721906638,69.6887659978182,66.5801718775633,66.6453900214955,68.11819856738484,68.13794296409921,72.41870513576907,72.3428838884696,61.4396994563193,61.43944703474506,True
2025-01-14 01:15:00,32.154577025563476,14.856335454227189,69.64915184979648,69.61869327473619,66.58193448739537,66.35745840322629,68.12059070255884,67.86867714231045,72.42128877514115,72.16228105229308,61.442256094138514,61.534951707771604,True
2025-01-14 01:30:00,32.149533123588604,14.85671792806539,69.65124812558781,69.67173430321152,66.58451834012905,66.57481205089259,68.12409825467334,68.1898590351807,72.42507629448174,72.44882182504531,61.446003466845454,61.03954400542831,True
2025-01-14 01:45:00,32.41150239001352,14.856634666387945,69.65079182115286,69.89683424276612,66.58395591395582,66.8369245564432,68.12333467927388,67.91886210223609,72.42425185697023,72.37179306207331,61.44518782536021,61.21027060330401,True
2025-01-14 02:00:00,32.38177867683029,14.856269312507015,69.6487892916743,69.70137747470378,66.58148758813824,66.60640181732728,68.11998414596725,68.32707881101967,72.42063370337443,72.60233248258845,61.4416078979267,61.61531460242512,True
2025-01-14 02:15:00,32.31283060445458,14.857031055160718,69.65296398055307,69.76803270535571,66.58663319212529,66.70903947791356,68.12696991597053,68.09837429553174,72.42817641573168,72.37548907790655,61.44907022633451,61.619067216768244,True
2025-01-14 02:30:00,32.1051497259163,14.857194526324339,69.65385963616748,69.61435313485029,66.58773708404568,66.64037704551389,68.12846911980978,68.20145896947207,72.42979461780104,72.35143966391485,61.450670834020656,61.733198928572264,True
2025-01-14 02:45:00,32.118290769506686,14.856310331877017,69.64901414236735,69.91284675459411,66.58176474582436,66.51440550203768,68.12036031622902,68.10709553476268,72.42103996492867,72.23304163057543,61.44200989776509,61.416157326927056,True
2025-01-14 03:00:00,32.44302961460077,14.855948483705584,69.64703046545553,69.71002997796603,66.5793195562335,66.53775916017771,68.11704200462007,68.1019784484474,72.4174558209605,72.53167578323885,61.438463086784296,61.26809367375081,True
2025-01-14 03:15:00,32.71165659885279,14.855575257219629,69.64498399080719,69.3776428791961,66.57679684190337,66.67953754275868,68.11361943339202,67.86251006390279,72.41375816124285,72.39611898866512,61.43480331862709,61.26029465301281,True
2025-01-14 03:30:00,32.13434387458795,14.856031215318092,69.64748404154427,69.39995555774946,66.57987866906367,66.59988149030312,68.11780068384789,68.05574523684477,72.41827535532765,72.19258457102806,61.43927413739016,61.51814641726339,True
2025-01-14 03:45:00,32.40557705776734,14.854894778113033,69.64125170629329,69.55496896573017,66.57219571272246,66.69252907154574,68.10737950750259,68.30169976255456,72.40701440909697,72.57243174619612,61.42812705468948,61.40513598612015,True
2025-01-14 04:00:00,33.73002610451367,14.852295088070226,69.62698059396776,69.84756665485145,66.55459913847073,66.73966769964277,68.08354323975989,68.15298559122145,72.38122831142152,72.20280289677075,61.40258012923489,61.32378407869063,True
2025-01-14 04:15:00,33.93012479482166,14.850898836814975,69.61930814493964,69.44713196071707,66.54513692177623,66.68651965445103,68.07074288996661,68.00606900324578,72.36736601124937,72.19010274291868,61.38883434278934,61.61803001959779,True
2025-01-14 04:30:00,35.076658563969815,14.846299945762496,69.59400279217269,69.42213656678776,66.51392072082493,66.82103170540393,68.02859035326796,68.02492258045596,72.32165679559243,72.53125600496286,61.343452095536406,61.47749712722782,True
2025-01-14 04:45:00,36.50832065305544,14.840719050770476,69.56323382383296,69.78018105852304,66.47595279408836,66.69533039398135,67.97745671174962,67.69591931533151,72.26612069959278,72.34858773874011,61.28820113651726,61.27001891580871,True
2025-01-14 05:00:00,38.79838691047504,14.831886791604422,69.51442969212701,69.31199017347905,66.41571638563943,66.34574808244251,67.89656897970411,67.77679791978862,72.17818454998556,72.10321586036216,61.20048273181541,61.18976095776611,True
2025-01-14 05:15:00,42.03577799437659,14.81898290773321,69.44297942596847,69.51697191097759,66.32752058842445,66.59670504268176,67.77847900290493,67.75446700754323,72.04992330797953,71.96760481363496,61.0720682619757,61.335830604149656,True
2025-01-14 05:30:00,45.43272209416938,14.80543825284233,69.3678841715957,69.4758912831703,66.2349273886331,66.0492685173885,67.65463557657112,67.76132977929016,71.91601429905641,72.0035163589811,60.93742071311681,61.12781951082248,True
2025-01-14 05:45:00,50.36193963968075,14.78228921460376,69.2396263586487,69.22306307357245,66.07723361135683,65.94783306355077,67.44323815050859,67.7597359626211,71.69016571988305,71.46116137755476,60.70899953872127,60.4950225768902,True
2025-01-14 06:00:00,55.94572028270017,14.754611203760572,69.08456707949007,69.1129997063772,65.88650481519802,66.03640037015336,67.19091624357145,66.89154583445065,71.4163948978902,71.34146315356303,60.431386795461876,60.15029462439038,True
2025-01-14 06:15:00,60.6272156386134,14.729407003660645,68.94154189823253,68.74986907132764,65.71024277774316,65.78734655848737,66.96155779943122,67.12083145223387,71.16163474267053,71.13778952643615,60.17288732549787,60.258413201114145,True
2025-01-14 06:30:00,67.4633611146802,14.687762047654424,68.70261763062616,68.53841180819323,65.41534419305086,65.50007790408355,66.58344758060218,66.67541193421845,70.73291543153918,70.86701909200272,59.737480324581966,59.7842902881938,True
2025-01-14 06:45:00,74.8704306296052,14.641196817311675,68.43280492739869,68.43259776536443,65.08186152154471,65.00945090489621,66.16193210891375,66.1177367333347,70.24542386195392,70.14188528519537,59.24186964686821,59.37519621369638,True
2025-01-14 07:00:00,81.59141907634945,14.602397740613862,68.20651594108678,68.15720000838603,64.80191094534784,65.0439735725837,65.81173927613916,65.96988135850309,69.834558342403,69.58843222191591,58.82381555163522,59.02651761494809,True
2025-01-14 07:15:00,88.01943517502188,14.558517780977175,67.94946187191903,67.57124313132957,64.48368495037616,64.47285170702408,65.4168071390397,65.58517080043468,69.36610786316844,69.60479715863846,58.34685362827197,58.21622953861778,True
2025-01-14 07:30:00,91.54054046768971,14.52439389919535,67.74895659075335,67.69374899867896,64.23533929170684,64.17275769132448,65.11050402748809,65.28335458122673,68.99966332712889,69.19440869701985,57.97355281087731,58.116686359192315,True
2025-01-14 07:45:00,98.18933906949664,14.472890273643943,67.4456381853838,67.52199448067282,63.85948253173774,63.6087973739458,64.6495578512206,64.33950577690035,68.44387173157915,68.59957012508227,57.40708125401183,57.380066358864944,True
2025-01-14 08:00:00,100.20294603717133,14.459757488474027,67.3681978760142,67.42280403818117,63.7634949121033,63.751067243103165,64.53228429191417,64.29948636894525,68.30172762766495,68.58456116319957,57.26215743398177,57.412790129329956,True
2025-01-14 08:15:00,100.4667921659423,14.454903030601846,67.33956463874998,67.39348774795695,63.72800132730917,63.558558117948124,64.48896175105841,64.53736321653896,68.24914728889672,68.04953742336761,57.20854424716018,57.1979641146334,True
2025-01-14 08:30:00,99.20425423604208,14.470304050828167,67.4303905632697,67.67724895531242,63.84058384944255,63.849467733585236,64.62645489865857,64.65756587146873,68.4158916015906,68.1141846224284,57.378555416795635,57.28900515301748,True
2025-01-14 08:45:00,96.25242549724867,14.485318025005034,67.51888916619937,67.19578469299631,63.950267757704765,63.98133844520333,64.76063362095033,64.81561744148279,68.57823899947293,68.77080329920274,57.54405887048006,57.445774202639306,True
2025-01-14 09:00:00,91.66978906609947,14.527175898471453,67.765319004562,67.60075924873172,64.25560934968978,64.36611568135677,65.13544892422233,64.72793843596304,69.02959799985629,68.9623445308454,58.004053465290156,58.217922786326746,True
2025-01-14 09:15:00,87.01407877193891,14.55853140717102,67.94954184393472,67.70327209390206,64.48378398346648,64.24348555648554,65.41692959418052,65.6325159628573,69.36625384970027,69.38143615456386,58.34700231362997,58.36249346796134,True
2025-01-14 09:30:00,79.62386279991613,14.607249034974922,68.23486851205013,68.06297787679911,64.83699769415735,65.0150282614932,65.8554752737792,66.26464988025943,69.88612202732801,69.95871318537782,58.876296630715274,58.78105467289604,True
2025-01-14 09:45:00,72.6696917888659,14.657524885098013,68.52766957287544,68.7608988475295,65.19915655735504,65.04477778086438,66.30958385306893,66.25395862081595,70.41715710693555,70.51545600312242,59.41651851808514,59.63886198798941,True
2025-01-14 10:00:00,67.56136910512745,14.692444039986293,68.72960899606237,68.74035215033896,65.44868125817302,65.35453558567714,66.62590373565443,66.53983085516049,70.78150720456071,70.84328922219079,59.786853157138694,59.81464688481387,True
2025-01-14 10:15:00,61.53522744365303,14.724616077610309,68.91420299178661,69.08687482400069,65.6765242339286,65.51583145742013,66.91800468385122,66.99677827735576,71.1127564385276,71.00430923653744,60.123270849284495,60.182588838778976,True
2025-01-14 10:30:00,55.54145326292597,14.754139636204949,69.08190494950445,69.44300380772567,65.8832264847593,66.09742345012558,67.18662137485127,67.36320817477564,71.411669531149,71.5263124600045,60.426593720801776,60.691097843461286,True
2025-01-14 10:45:00,51.766837730481036,14.774341616545481,69.19537319734334,69.04668655054341,66.02285386606255,65.93820299820254,67.37073681534105,67.45494568195029,71.61238126612588,71.79736429095249,60.630132699832714,60.45709620508042,True
2025-01-14 11:00:00,47.58530757495521,14.793780135537531,69.30326776136609,69.27531286066173,66.15539765828346,66.28350246746874,67.54813209793316,68.06352124033084,71.80175282345336,71.86465092973224,60.82206211879905,60.71178265307471,True
2025-01-14 11:15:00,44.85690931663241,14.806689454330956,69.37482100432844,69.23378352142412,66.24347638083435,66.31360884963067,67.66607099346275,67.73387423883038,71.92834000856715,71.8588647778884,60.94983815940179,61.24758141146936,True
2025-01-14 11:30:00,42.991795008603326,14.814867822799386,69.42016816538175,69.51604256526522,66.29938175888186,66.43318999294733,67.74084139282662,67.9324778710581,72.00913893028827,72.07341340213726,61.03112013856831,61.188757043686515,True
2025-01-14 11:45:00,41.63560561725243,14.819197681694034,69.4441696865919,69.57987905911537,66.3289892781523,66.55592227936533,67.78044366703023,67.53017826819594,72.05205390334993,71.91597643600977,61.07420586785568,61.19767701326078,True
2025-01-14 12:00:00,41.081216957845726,14.823012176734952,69.46530324218382,69.62427390592353,66.35507322980207,66.26861694266951,67.81534184739752,67.75081334738073,72.08992290225272,71.92880230016674,61.112173694728014,61.0339416267683,True
2025-01-14 12:15:00,40.482846924333195,14.82601298097327,69.48191971734916,69.37126799068149,66.3755895150447,66.33493879731144,67.84280201836788,67.80033637101945,72.11974689772163,72.40086668270078,61.142041110899115,61.08291333943156,True
2025-01-14 12:30:00,40.446419532768985,14.826636705080706,69.48537340126065,69.39693403488442,66.37985225704975,66.12419667638986,67.84851037624578,67.61280543907412,72.12594885540261,71.94489911345467,61.14824891605464,61.17580344126865,True
2025-01-14 12:45:00,39.923788300381524,14.828012580398967,69.49299071097033,69.410629190768,66.38925413107752,66.18422052467497,67.86110331319802,67.82146174907798,72.1396329984274,72.30099842248347,61.16194144332603,61.09490908308483,True
2025-01-14 13:00:00,40.878165549079576,14.82452074532399,69.4736576209584,69.5423427605346,66.3653879425373,66.25137416416477,67.8291459689236,67.85298326179895,72.10491285479577,71.98078050308543,61.12718918025139,61.190261482161795,True
2025-01-14 13:15:00,40.078032720969155,14.827227201135097,69.48864279179678,69.51491520440464,66.38388757093985,66.36625158224047,67.8539148504292,67.93561646000502,72.13182127176619,72.25652332941905,61.15412569402339,61.22574313464208,True
2025-01-14 13:30:00,40.81556061372759,14.82469761995633,69.47463699540938,69.34367757896284,66.36659724430628,66.16851894530085,67.8307645481155,67.35147154543138,72.10667081814249,72.09614967538192,61.12894962878323,61.00571766285922,True
2025-01-14 13:45:00,40.00877171056013,14.827680634870884,69.49115310353798,69.39407632090305,66.38698599817255,66.45752648405222,67.8580650173502,67.70358959539786,72.13633115841496,72.19771967070689,61.15863815147041,61.07508476221021,True
2025-01-14 14:00:00,40.48756522109246,14.825093229034476,69.47682740934717,69.61974696281446,66.36930199001176,66.38317585170985,67.83438483542281,67.712283291191,72.11060311013897,72.04189728078202,61.132887091338276,61.22843039580132,True
2025-01-14 14:15:00,40.594575476044355,14.825966661817565,69.48166322628047,69.42378061152625,66.37527294028084,66.35976867278299,67.84237811244708,67.69098573305968,72.11928636497443,71.8414947121426,61.14158009322432,61.21969148561827,True
2025-01-14 14:30:00,40.06008413440343,14.827547577951416,69.49041648944389,69.54575541358282,66.38607680835382,66.54855424558059,67.85684716709272,67.94623382410707,72.1350077169009,72.07250719009949,61.157314025830644,61.01578957036803,True
2025-01-14 14:45:00,40.71510968847295,14.824975980661247,69.4761782439571,69.49054937063048,66.36850038108902,66.34148018657139,67.83331186514482,67.67091410652641,72.10943763428469,72.17284087798102,61.131720139025745,61.20234831318778,True
2025-01-14 15:00:00,41.12013193694197,14.824013194116604,69.47084707719037,69.72273450035229,66.36191770676845,66.26826088908244,67.8245014766762,68.0167167412947,72.09986878747117,71.98976511708788,61.12213738783136,61.28847997377482,True
2025-01-14 15:15:00,41.46715501939119,14.822385125695225,69.46183002632073,69.71097448442985,66.350785580438,66.42114096344991,67.80960444488102,67.67801357870994,72.08369427365591,72.02757078449753,61.105932179622116,61.275846525538114,True
2025-01-14 15:30:00,41.907485391057335,14.81988314479785,69.44796824331053,69.42707964648196,66.33367668349709,66.36420513091356,67.78671419289181,67.71057350453047,72.05885502870147,72.41252498720768,61.08102834185543,61.116077903366225,True
2025-01-14 15:45:00,44.02464105317884,14.812105592604558,69.40485209678047,69.35007006655465,66.28049644080473,66.43161058239733,67.71558319856835,67.46542333923091,71.98180760640757,71.91375949947074,61.00364834315725,61.16100890591384,True
2025-01-14 16:00:00,44.74467854724936,14.807338343966396,69.37841870298134,69.24494545754854,66.24791056092326,66.33302752547883,67.67200193241572,67.57854684817806,71.93473634874098,71.89444966107767,60.95628021698768,61.087740970698256,True
2025-01-14 16:15:00,46.9238008446827,14.799379600656692,69.33429694065076,69.13913427530987,66.1935629631234,66.19505630098143,67.59927589963789,67.31976242736695,71.85649045653669,71.8119163939421,60.87738174468478,60.668567267248186,True
2025-01-14 16:30:00,50.63370509319594,14.779956502215592,69.2266694738206,69.0679399084693,66.06131956036405,66.09983336236974,67.42195412174368,67.27789356194415,71.66744110190622,71.62104376159805,60.685955301372374,60.95647570056575,True
2025-01-14 16:45:00,52.96825700500309,14.768191361037236,69.16096307079891,69.01958368071476,65.98053566364133,66.15246407029106,67.31465835913248,66.82516835375388,71.55167798161773,71.48525838338799,60.56858383807244,60.561700923952124,True
2025-01-14 17:00:00,57.34172652499977,14.746575774517268,69.03912755681488,69.21943164941045,65.83053368834287,65.61872776141094,67.11775118580168,67.4317741838673,71.33564582260024,71.12215699894722,60.349472227357936,60.54276682960931,True
2025-01-14 17:15:00,60.632156776707426,14.72763457758014,68.93143283954365,68.87002780009227,65.69777561027747,65.69274869167843,66.94544346406394,66.9767061433435,71.14356719392809,71.00554404122236,60.15454768243315,60.11945668878139,True
2025-01-14 17:30:00,65.29193635922063,14.70532785095646,68.8037266234796,68.68112986811092,65.54019726465899,65.36770106975467,66.74280356777899,66.67978033086642,70.91474551508493,70.9796167509052,59.922203979442386,59.94031053256908,True
2025-01-14 17:45:00,68.61720713584133,14.683041654724747,68.67537623179636,68.7457773767285,65.3816933992509,65.38265643502956,66.54065690875298,66.66300746010877,70.68383766823113,70.7913074488777,59.687608128617256,59.66285936609698,True
2025-01-14 18:00:00,73.49015493339428,14.652292591929076,68.49729740980574,68.5893494067089,65.16160775951283,64.87977635169443,66.26225125981207,66.37877522560947,70.36221070699284,70.35873469035742,59.360645438368564,59.2875861326939,True
2025-01-14 18:15:00,77.91970746207598,14.62547806715753,68.3412627426944,68.53585830676647,64.96863581159162,65.4536598610789,66.01994578840402,66.20292641202657,70.07940678893917,69.9946079210557,59.07298227104222,59.16744954468501,True
2025-01-14 18:30:00,80.5654908563584,14.607639577785992,68.23715031452623,68.04803041994313,64.83982133657588,64.83032919723836,65.85899677617675,65.98015291658197,69.89027085893682,69.6484996187966,58.88051909585066,58.7723844157025,True
2025-01-14 18:45:00,83.34689375411602,14.587157304056987,68.11735246257392,68.32979350566377,64.69155198343874,64.47984686532729,65.67443628903214,66.02726102904957,69.67225701923724,69.4415581527018,58.658600378943135,58.354225821118895,True
2025-01-14 19:00:00,83.79630696754592,14.583416765193826,68.09544832386516,68.08963497425843,64.66443697942942,64.65337794758622,65.64075922294268,65.61139309112656,69.6323537294897,69.50599207466017,58.617974795866985,58.68287321875394,True
2025-01-14 19:15:00,85.26704382059042,14.570532539632909,68.0199437362237,67.99288789834445,64.57095916353977,64.42626205010978,65.52482522459691,65.2716686418204,69.49471380455427,69.46889738983701,58.477826379571226,58.287445693866836,True
2025-01-14 19:30:00,84.7323281526981,14.579411854724434,68.07198773229555,67.80533722312104,64.63539361252738,64.84722261927732,65.60471152305597,65.6286689807153,69.58960158910565,69.5830251944519,58.57444629716095,58.41923140607836,True
2025-01-14 19:45:00,82.3063030761029,14.595289110394482,68.16494427621004,68.06202977979892,64.75046034931212,64.78043405380986,65.7476789015264,65.4952610832105,69.75891330577107,69.5136142360387,58.746817308203916,58.578789395408755,True
2025-01-14 20:00:00,79.4438952639372,14.614772280188014,68.27880628784871,68.43615317768207,64.89136566622214,64.75336718839685,65.9233285117348,66.00952868780699,69.96598426848155,69.94890368562226,58.9575714618811,58.81611468266996,True
2025-01-14 20:15:00,75.23642729363102,14.639045588361114,68.42028865695738,68.32592077783558,65.06638267437953,65.07268253745114,66.1424912067875,66.1230616488969,70.22274151080472,70.1996883005271,59.2187980459593,59.15690907347268,True
2025-01-14 20:30:00,71.33442049236487,14.665260304303027,68.57252181920039,68.45211466314218,65.25459822390633,65.10154889375971,66.37959129200681,66.34348631539142,70.49823359047079,70.60833757209662,59.49895131840417,59.52679334455782,True
2025-01-14 20:45:00,66.43528950739545,14.694904856777601,68.74378366615841,68.83915565548672,65.46618639542983,65.10667603001275,66.64822376783783,66.76782851621776,70.80701082557985,70.5259084593403,59.81276448544959,59.60045329920114,True
2025-01-14 21:00:00,63.05379946253992,14.714390769147393,68.85571359440223,69.10732649840438,65.60436207501445,65.71033523838402,66.82509634241785,66.87857769916216,71.00801747440653,70.72867592920466,60.01692827187652,60.04044199630863,True
2025-01-14 21:15:00,56.99948593445644,14.74713918523279,69.04231878239514,69.06553924589134,65.83446547074507,65.76379896932806,67.12287991451933,67.25327484641466,71.34132304527544,71.05092983013354,60.35523198625745,60.36648369960935,True
2025-01-14 21:30:00,52.92143607676327,14.768629822280033,69.16342040578414,69.20911436870603,65.98355853337968,65.81596235398817,67.31865550616506,67.34329032706192,71.55601820083326,71.52416747005188,60.57298474424134,60.47389671446481,True
2025-01-14 21:45:00,49.21393298651525,14.787652785821047,69.26935881317516,69.15418333629067,66.11374610647277,66.11481027777161,67.49218893468758,67.45046244143767,71.74227190365552,71.65057952309547,60.761822105672906,61.00029844075835,True
2025-01-14 22:00:00,45.60679421278971,14.804259073705676,69.36134710978918,69.38322617441288,66.22687194494802,66.072848924432,67.64385929602732,67.57834355501053,71.90440787453217,71.85639625696643,60.92572351457589,60.73870442808941,True
2025-01-14 22:15:00,42.21177940935208,14.817509900771576,69.43481527470095,69.38149527458384,66.31744780786755,66.23213982899905,67.76500530657422,68.2088688951707,72.035315898914,71.9359236263879,61.05740865362978,60.74710711054691,True
2025-01-14 22:30:00,40.247204377365655,14.826571560772384,69.48501269946779,69.68548060322026,66.37940705545992,66.27713747675399,67.84791416066524,68.03975661111056,72.12530105299729,72.23653955297367,61.14760056242166,61.119178542773746,True
2025-01-14 22:45:00,38.131009954719794,14.835257685864327,69.53306930775935,69.6646876810824,66.43872330755845,66.4983174923977,67.92743467324988,67.82591342798007,72.21174334663897,72.18561228958502,61.23399098362593,61.53118050183422,True
2025-01-14 23:00:00,36.66147396531556,14.840858051760353,69.56400092570524,69.64498367379262,66.47689948802791,66.51790314962757,67.97873009765486,67.99503493265712,72.26750451846307,72.40211311226182,61.28957928341053,61.39737561870714,True
2025-01-14 23:15:00,35.18839048594419,14.846648372401843,69.59592172739765,69.65375554822992,66.51628824628821,66.506237055818,68.03178350665237,67.98554511995061,72.32512211633042,72.72693851257533,61.3468956226819,61.11603792652573,True
2025-01-14 23:30:00,33.982678311449426,14.850081354946504,69.61481370244263,69.63449302584414,66.53959349135528,66.92488161921881,68.06324905679502,67.9188937075714,72.35924617172911,72.25066527350502,61.38077893100301,61.378151870430266,True
2025-01-14 23:45:00,33.53964974346942,14.85130945719162,69.6215650515341,69.54138563612462,66.54792043040544,66.64602187642784,68.07450719099559,67.87512882122557,72.37144359894631,72.10041887362318,61.392878517273644,61.35853077043069,True
